"NJ8","Word"
1,"the"
2,"of"
3,"and"
4,"a"
5,"in"
6,"to"
7,"it"
8,"I"
9,"be"
10,"you"
11,"for"
12,"that"
13,"he"
14,"with"
15,"on"
16,"at"
17,"have"
18,"they"
19,"but"
20,"this"
21,"we"
22,"his"
23,"not"
24,"she"
25,"from"
26,"by"
27,"do"
28,"as"
29,"or"
30,"what"
31,"all"
32,"if"
33,"their"
34,"would"
35,"which"
36,"her"
37,"say"
38,"who"
39,"can"
40,"there"
41,"will"
42,"up"
43,"so"
44,"one"
45,"my"
46,"about"
47,"them"
48,"him"
49,"me"
50,"just"
51,"out"
52,"know"
53,"some"
54,"could"
55,"into"
56,"when"
57,"then"
58,"your"
59,"now"
60,"time"
61,"two"
62,"people"
63,"well"
64,"like"
65,"think"
66,"than"
67,"get"
68,"its"
69,"other"
70,"no"
71,"how"
72,"these"
73,"first"
74,"see"
75,"very"
76,"also"
77,"our"
78,"only"
79,"go"
80,"because"
81,"new"
82,"any"
83,"way"
84,"year"
85,"more"
86,"here"
87,"good"
88,"down"
89,"should"
90,"back"
91,"many"
92,"those"
93,"may"
94,"make"
95,"after"
96,"three"
97,"even"
98,"last"
99,"over"
100,"want"
101,"through"
102,"us"
103,"still"
104,"take"
105,"oh"
106,"too"
107,"between"
108,"yes"
109,"day"
110,"really"
111,"man"
112,"world"
113,"something"
114,"never"
115,"come"
116,"own"
117,"life"
118,"why"
119,"another"
120,"again"
121,"much"
122,"same"
123,"such"
124,"right"
125,"against"
126,"must"
127,"where"
128,"thing"
129,"while"
130,"work"
131,"house"
132,"most"
133,"off"
134,"old"
135,"child"
136,"mean"
137,"look"
138,"school"
139,"four"
140,"next"
141,"every"
142,"few"
143,"always"
144,"before"
145,"each"
146,"woman"
147,"under"
148,"night"
149,"part"
150,"give"
151,"find"
152,"five"
153,"different"
154,"place"
155,"without"
156,"however"
157,"during"
158,"state"
159,"money"
160,"need"
161,"though"
162,"big"
163,"number"
164,"away"
165,"family"
166,"tell"
167,"today"
168,"small"
169,"high"
170,"case"
171,"lot"
172,"little"
173,"week"
174,"water"
175,"put"
176,"group"
177,"point"
178,"fact"
179,"head"
180,"end"
181,"national"
182,"hand"
183,"country"
184,"both"
185,"president"
186,"yet"
187,"nothing"
188,"home"
189,"since"
190,"room"
191,"side"
192,"system"
193,"important"
194,"city"
195,"until"
196,"long"
197,"social"
198,"often"
199,"keep"
200,"mother"
201,"ever"
202,"anything"
203,"use"
204,"actually"
205,"eye"
206,"young"
207,"sure"
208,"once"
209,"almost"
210,"already"
211,"six"
212,"black"
213,"war"
214,"business"
215,"help"
216,"let"
217,"company"
218,"local"
219,"feel"
220,"around"
221,"car"
222,"together"
223,"second"
224,"late"
225,"face"
226,"information (info)"
227,"problem"
228,"student"
229,"power"
230,"course"
231,"father"
232,"large"
233,"million"
234,"ago"
235,"police"
236,"himself"
237,"far"
238,"party"
239,"area"
240,"health"
241,"among"
242,"kind"
243,"percent"
244,"door"
245,"question"
246,"able"
247,"white"
248,"real"
249,"morning"
250,"believe"
251,"enough"
252,"job"
253,"call"
254,"ask"
255,"try"
256,"month"
257,"law"
258,"body"
259,"table"
260,"name"
261,"book"
262,"everything"
263,"across"
264,"road"
265,"moment"
266,"minute"
267,"team"
268,"office"
269,"else"
270,"voice"
271,"person"
272,"line"
273,"order"
274,"game"
275,"behind"
276,"full"
277,"word"
278,"south"
279,"news"
280,"member"
281,"research"
282,"idea"
283,"begin"
284,"someone"
285,"service"
286,"history"
287,"study"
288,"street"
289,"university"
290,"art"
291,"story"
292,"early"
293,"whole"
294,"remember"
295,"half"
296,"music"
297,"themselves"
298,"age"
299,"hour"
300,"north"
301,"maybe"
302,"care"
303,"food"
304,"parent"
305,"bad"
306,"major"
307,"yesterday"
308,"talk"
309,"sometimes"
310,"human"
311,"thank"
312,"free"
313,"better"
314,"west"
315,"mind"
316,"along"
317,"leave"
318,"special"
319,"market"
320,"international"
321,"show"
322,"turn"
323,"play"
324,"third"
325,"become"
326,"true"
327,"hundred"
328,"either"
329,"wife"
330,"hair"
331,"view"
332,"eight"
333,"understand"
334,"hear"
335,"ten"
336,"difficult"
337,"whose"
338,"town"
339,"clear"
340,"seven"
341,"start"
342,"open"
343,"reason"
344,"season"
345,"live"
346,"bring"
347,"hard"
348,"girl"
349,"friend"
350,"especially"
351,"foot"
352,"action"
353,"program"
354,"building"
355,"support"
356,"class"
357,"experience"
358,"heart"
359,"data"
360,"everyone"
361,"love"
362,"ground"
363,"change"
364,"finally"
365,"paper"
366,"main"
367,"club"
368,"boy"
369,"cup"
370,"stop"
371,"common"
372,"nice"
373,"strong"
374,"bed"
375,"report"
376,"anyone"
377,"wrong"
378,"top"
379,"red"
380,"period"
381,"land"
382,"move"
383,"short"
384,"light"
385,"department"
386,"low"
387,"college"
388,"usually"
389,"soon"
390,"east"
391,"similar"
392,"hospital"
393,"near"
394,"son"
395,"myself"
396,"space"
397,"center"
398,"staff"
399,"rest"
400,"stay"
401,"figure"
402,"situation"
403,"field"
404,"nature"
405,"training"
406,"language"
407,"less"
408,"buy"
409,"matter"
410,"chance"
411,"park"
412,"fine"
413,"nine"
414,"easy"
415,"attention"
416,"summer"
417,"fire"
418,"century"
419,"plan"
420,"practice"
421,"meet"
422,"forward"
423,"future"
424,"quickly"
425,"husband"
426,"teacher"
427,"poor"
428,"record"
429,"natural"
430,"happy"
431,"round"
432,"relationship"
433,"run"
434,"floor"
435,"meeting"
436,"stage"
437,"fish"
438,"sorry"
439,"phone (telephone)"
440,"test"
441,"serious"
442,"player"
443,"simple"
444,"read"
445,"various"
446,"performance"
447,"board"
448,"hope"
449,"continue"
450,"evening"
451,"please"
452,"necessary"
453,"foreign"
454,"happen"
455,"bank"
456,"blue"
457,"hold"
458,"difference"
459,"baby"
460,"outside"
461,"wall"
462,"past"
463,"sit"
464,"ready"
465,"energy"
466,"suddenly"
467,"stand"
468,"size"
469,"set"
470,"window"
471,"win"
472,"hot"
473,"tonight"
474,"sound"
475,"computer"
476,"arm"
477,"present"
478,"king"
479,"pressure"
480,"project"
481,"wait"
482,"green"
483,"yourself"
484,"add"
485,"write"
486,"lose"
487,"shall"
488,"letter"
489,"choice"
490,"dark"
491,"everybody"
492,"list"
493,"hall"
494,"site"
495,"picture"
496,"tomorrow"
497,"great"
498,"movement"
499,"science"
500,"cut"
501,"daughter"
502,"die"
503,"cold"
504,"learn"
505,"doctor (doc)"
506,"Sunday"
507,"race"
508,"close"
509,"river"
510,"subject"
511,"culture"
512,"piece"
513,"speak"
514,"thousand"
515,"technology (tech)"
516,"sun"
517,"earth"
518,"march"
519,"design"
520,"ball"
521,"garden"
522,"sea"
523,"box"
524,"brother"
525,"thought"
526,"mouth"
527,"photo (photograph)"
528,"interesting"
529,"Saturday"
530,"popular"
531,"page"
532,"beautiful"
533,"watch"
534,"trouble"
535,"pretty"
536,"total"
537,"event"
538,"dog"
539,"environment"
540,"follow"
541,"traditional"
542,"museum"
543,"style"
544,"eat"
545,"answer"
546,"kitchen"
547,"rule"
548,"April"
549,"walk"
550,"fall"
551,"dad (daddy)"
552,"heavy"
553,"inside"
554,"activity"
555,"effort"
556,"appear"
557,"color"
558,"example"
559,"professional"
560,"decide"
561,"best"
562,"afternoon"
563,"instead"
564,"wide"
565,"send"
566,"alone"
567,"station"
568,"leader"
569,"star"
570,"spend"
571,"lady"
572,"radio"
573,"agree"
574,"shop"
575,"skin"
576,"sister"
577,"ahead"
578,"fair"
579,"June"
580,"tree"
581,"feeling"
582,"easily"
583,"hotel"
584,"rock"
585,"carry"
586,"officer"
587,"front"
588,"weekend"
589,"lead"
590,"skill"
591,"goal"
592,"fresh"
593,"video"
594,"product"
595,"slowly"
596,"born"
597,"date"
598,"corner"
599,"interested"
600,"chair"
601,"sell"
602,"produce"
603,"deep"
604,"machine"
605,"pick"
606,"impact"
607,"step"
608,"July"
609,"build"
610,"character"
611,"Friday"
612,"post"
613,"explain"
614,"western"
615,"listen"
616,"dinner"
617,"save"
618,"speech"
619,"wish"
620,"middle"
621,"plant"
622,"island"
623,"key"
624,"message"
625,"living"
626,"September"
627,"safe"
628,"spring"
629,"winter"
630,"perfect"
631,"drive"
632,"miss"
633,"village"
634,"straight"
635,"animal"
636,"reach"
637,"band"
638,"return"
639,"rich"
640,"wind"
641,"imagine"
642,"coffee"
643,"tea"
644,"memory"
645,"leg"
646,"forget"
647,"horse"
648,"variety"
649,"movie"
650,"purpose"
651,"seat"
652,"bag"
653,"develop"
654,"sport"
655,"stone"
656,"serve"
657,"sale"
658,"twice"
659,"break"
660,"warm"
661,"cause"
662,"smile"
663,"soft"
664,"join"
665,"trip"
666,"October"
667,"increase"
668,"afraid"
669,"importance"
670,"kill"
671,"forest"
672,"prepare"
673,"guess"
674,"Monday"
675,"card"
676,"sky"
677,"useful"
678,"match"
679,"choose"
680,"opinion"
681,"below"
682,"meaning"
683,"hit"
684,"ice"
685,"artist"
686,"sign"
687,"wear"
688,"magazine"
689,"grow"
690,"wild"
691,"tour"
692,"quiet"
693,"pair"
694,"store"
695,"track"
696,"raise"
697,"protect"
698,"reduce"
699,"wonderful"
700,"pass"
701,"average"
702,"rain"
703,"dangerous"
704,"cover"
705,"farm"
706,"hill"
707,"enjoy"
708,"active"
709,"bright"
710,"famous"
711,"carefully"
712,"check"
713,"boat"
714,"weather"
715,"traffic"
716,"dry"
717,"note"
718,"global"
719,"influence"
720,"mountain"
721,"strange"
722,"August"
723,"worry"
724,"driver"
725,"share"
726,"receive"
727,"expensive"
728,"camera"
729,"February"
730,"song"
731,"interview"
732,"lake"
733,"holiday"
734,"newspaper"
735,"improve"
736,"draw"
737,"twelve"
738,"clean"
739,"crowd"
740,"coach"
741,"apply"
742,"brown"
743,"lunch"
744,"separate"
745,"fast"
746,"bus"
747,"Wednesday"
748,"train"
749,"owner"
750,"catch"
751,"shake"
752,"beach"
753,"generation"
754,"dollar"
755,"yellow"
756,"touch"
757,"fan"
758,"bridge"
759,"cool"
760,"dream"
761,"exchange"
762,"plastic"
763,"accident"
764,"library"
765,"flower"
766,"terrible"
767,"mom (mommy, mum, mummy, mama, mam)"
768,"arrive"
769,"exercise"
770,"surprise"
771,"desk"
772,"Tuesday"
773,"tall"
774,"flight"
775,"spot"
776,"wonder"
777,"treat"
778,"fight"
779,"angry"
780,"visit"
781,"hello"
782,"wood"
783,"Thursday"
784,"hole"
785,"sick"
786,"surprised"
787,"careful"
788,"sweet"
789,"plane"
790,"tooth"
791,"healthy"
792,"busy"
793,"milk"
794,"shoe"
795,"finish"
796,"writer"
797,"respect"
798,"scientist"
799,"lucky"
800,"pleasure"
801,"tired"
802,"remove"
803,"laugh"
804,"restaurant"
805,"address"
806,"enter"
807,"ourselves"
808,"bird"
809,"unique"
810,"mine"
811,"adult"
812,"fun"
813,"realize"
814,"cream"
815,"visitor"
816,"snow"
817,"fuel"
818,"fruit"
819,"drink"
820,"shopping"
821,"grass"
822,"farmer"
823,"meat"
824,"guide"
825,"fill"
826,"moon"
827,"tear"
828,"ring"
829,"bottle"
830,"sleep"
831,"glad"
832,"mistake"
833,"medicine"
834,"teach"
835,"score"
836,"shock"
837,"pink"
838,"waste"
839,"bread"
840,"communication"
841,"sing"
842,"egg"
843,"uncle"
844,"winner"
845,"cat"
846,"dance"
847,"throw"
848,"sad"
849,"shirt"
850,"quietly"
851,"encourage"
852,"classroom"
853,"drop"
854,"fishing"
855,"birthday"
856,"welcome"
857,"map"
858,"introduce"
859,"cheap"
860,"fat"
861,"guitar"
862,"travel"
863,"meal"
864,"breakfast"
865,"baseball"
866,"bear"
867,"airport"
868,"luck"
869,"gift"
870,"hat"
871,"taste"
872,"jacket"
873,"ear"
874,"notice"
875,"coat"
876,"factory"
877,"novel"
878,"gate"
879,"yours"
880,"album"
881,"stair"
882,"wooden"
883,"copy"
884,"junior"
885,"fly"
886,"internet"
887,"nervous"
888,"wave"
889,"tennis"
890,"friendly"
891,"weak"
892,"perform"
893,"grade"
894,"festival"
895,"guest"
896,"drama"
897,"host"
898,"prize"
899,"forever"
900,"exciting"
901,"ticket"
902,"planet"
903,"express"
904,"lesson"
905,"dear"
906,"surprising"
907,"cake"
908,"suffer"
909,"nurse"
910,"rice"
911,"actor"
912,"favorite"
913,"chocolate"
914,"hi"
915,"ride"
916,"bike"
917,"abroad"
918,"cook"
919,"mail"
920,"juice"
921,"desert"
922,"hurt"
923,"paint"
924,"electricity"
925,"apple"
926,"pollution"
927,"clock"
928,"cycle"
929,"marry"
930,"tower"
931,"collect"
932,"cry"
933,"basketball"
934,"helpful"
935,"castle"
936,"smell"
937,"entrance"
938,"pot"
939,"joke"
940,"pop"
941,"rose"
942,"hers"
943,"jump"
944,"vegetable"
945,"shout"
946,"connect"
947,"cap"
948,"designer"
949,"theater"
950,"concert"
951,"tie"
952,"invite"
953,"solve"
954,"spread"
955,"grandmother (granny)"
956,"piano"
957,"roll"
958,"bath"
959,"hungry"
960,"potato"
961,"dish"
962,"pen"
963,"cloud"
964,"climb"
965,"clever"
966,"engineer"
967,"midnight"
968,"orange"
969,"grandfather (grandpa)"
970,"neighbor"
971,"flag"
972,"courage"
973,"singer"
974,"soup"
975,"salad"
976,"menu"
977,"bell"
978,"gather"
979,"wash"
980,"excuse"
981,"ours"
982,"fix"
983,"excited"
984,"tourist"
985,"contest"
986,"symbol"
987,"boring"
988,"celebrate"
989,"brush"
990,"impress"
991,"lonely"
992,"tent"
993,"loud"
994,"injure"
995,"pet"
996,"toy"
997,"photographer"
998,"relax"
999,"burn"
1000,"tomato"
1001,"uniform"
1002,"communicate"
1003,"diary"
1004,"disagree"
1005,"left"
1006,"musician"
1007,"cow"
1008,"vacation"
1009,"custom"
1010,"math (mathematics)"
1011,"convenient"
1012,"pencil"
1013,"lion"
1014,"borrow"
1015,"homework"
1016,"sandwich"
1017,"bye (goodbye)"
1018,"fever"
1019,"polite"
1020,"supermarket"
1021,"praise"
1022,"dictionary"
1023,"lend"
1024,"garbage"
1025,"favor"
1026,"runner"
1027,"swim"
1028,"hurry"
1029,"seal"
1030,"meter"
1031,"drum"
1032,"bicycle"
1033,"grandparent"
1034,"fold"
1035,"fry"
1036,"kilometer"
1037,"unite"
1038,"clothes"
1039,"air"
1040,"government"
1041,"quite"
1042,"although"
1043,"perhaps"
1044,"per"
1045,"probably"
1046,"least"
1047,"public"
1048,"several"
1049,"possible"
1050,"education"
1051,"community"
1052,"including"
1053,"sense"
1054,"development"
1055,"death"
1056,"control"
1057,"level"
1058,"society"
1059,"form"
1060,"pay"
1061,"certainly"
1062,"effect"
1063,"role"
1064,"couple"
1065,"herself"
1066,"church"
1067,"kid"
1068,"decision"
1069,"twenty"
1070,"central"
1071,"result"
1072,"bit"
1073,"oil"
1074,"act"
1075,"toward"
1076,"include"
1077,"range"
1078,"rate"
1079,"recently"
1080,"dead"
1081,"price"
1082,"following"
1083,"worker"
1084,"clearly"
1085,"model"
1086,"anyway"
1087,"knowledge"
1088,"value"
1089,"blood"
1090,"type"
1091,"above"
1092,"success"
1093,"final"
1094,"condition"
1095,"moving"
1096,"official"
1097,"amount"
1098,"manager"
1099,"modern"
1100,"ah"
1101,"glass"
1102,"army"
1103,"normal"
1104,"huge"
1105,"disease"
1106,"media"
1107,"original"
1108,"truth"
1109,"weight"
1110,"English"
1111,"structure"
1112,"resource"
1113,"environmental"
1114,"thirty"
1115,"species"
1116,"capital"
1117,"pain"
1118,"image"
1119,"scene"
1120,"peace"
1121,"article"
1122,"cultural"
1123,"fifty"
1124,"safety"
1125,"gold"
1126,"remain"
1127,"beginning"
1128,"heat"
1129,"attack"
1130,"direction"
1131,"standard"
1132,"worse"
1133,"speaker"
1134,"advice"
1135,"somewhere"
1136,"powerful"
1137,"title"
1138,"compare"
1139,"gas"
1140,"January"
1141,"pattern"
1142,"flat"
1143,"November"
1144,"survey"
1145,"distance"
1146,"freedom"
1147,"regular"
1148,"finger"
1149,"item"
1150,"bottom"
1151,"audience"
1152,"speed"
1153,"December"
1154,"painting"
1155,"forty"
1156,"challenge"
1157,"conversation"
1158,"pull"
1159,"usual"
1160,"shape"
1161,"brain"
1162,"industrial"
1163,"damage"
1164,"northern"
1165,"trust"
1166,"impossible"
1167,"shoulder"
1168,"empty"
1169,"search"
1170,"funny"
1171,"screen"
1172,"judge"
1173,"spirit"
1174,"contact"
1175,"cell"
1176,"historical"
1177,"construction"
1178,"silence"
1179,"captain"
1180,"excellent"
1181,"daily"
1182,"measure"
1183,"rise"
1184,"thin"
1185,"customer"
1186,"shot"
1187,"somehow"
1188,"soldier"
1189,"danger"
1190,"plenty"
1191,"lay"
1192,"bowl"
1193,"relate"
1194,"thick"
1195,"tradition"
1196,"partner"
1197,"ship"
1198,"salt"
1199,"sugar"
1200,"slow"
1201,"attitude"
1202,"neither"
1203,"nose"
1204,"fifteen"
1205,"used"
1206,"hey"
1207,"anywhere"
1208,"engine"
1209,"beauty"
1210,"golden"
1211,"comfortable"
1212,"dress"
1213,"Japanese"
1214,"citizen"
1215,"pool"
1216,"camp"
1217,"border"
1218,"block"
1219,"tank"
1220,"web"
1221,"object"
1222,"difficulty"
1223,"ancient"
1224,"suit"
1225,"sixty"
1226,"plate"
1227,"chicken"
1228,"pocket"
1229,"lie"
1230,"leaf"
1231,"push"
1232,"everywhere"
1233,"panel"
1234,"depend"
1235,"silent"
1236,"cross"
1237,"severe"
1238,"comment"
1239,"temperature"
1240,"package"
1241,"proud"
1242,"announce"
1243,"musical"
1244,"explanation"
1245,"display"
1246,"chain"
1247,"cheese"
1248,"roof"
1249,"user"
1250,"award"
1251,"discover"
1252,"circle"
1253,"hate"
1254,"survive"
1255,"electric"
1256,"storm"
1257,"honest"
1258,"branch"
1259,"tool"
1260,"eleven"
1261,"percentage"
1262,"refuse"
1263,"stomach"
1264,"originally"
1265,"climate"
1266,"smoke"
1267,"addition"
1268,"shoot"
1269,"occasion"
1270,"amazing"
1271,"sand"
1272,"aunt (auntie)"
1273,"pilot"
1274,"regularly"
1275,"hunting"
1276,"enemy"
1277,"advance"
1278,"smart"
1279,"bathroom"
1280,"ocean"
1281,"stick"
1282,"reporter"
1283,"anymore"
1284,"dirty"
1285,"promise"
1286,"instrument"
1287,"tournament"
1288,"count"
1289,"accurate"
1290,"asleep"
1291,"autumn"
1292,"giant"
1293,"eighteen"
1294,"schedule"
1295,"fee"
1296,"experiment"
1297,"topic"
1298,"presentation"
1299,"joy"
1300,"tip"
1301,"garage"
1302,"countryside"
1303,"select"
1304,"imagination"
1305,"repeat"
1306,"athlete"
1307,"print"
1308,"earn"
1309,"classical"
1310,"suggestion"
1311,"fourteen"
1312,"chemical"
1313,"assistant"
1314,"seed"
1315,"soccer"
1316,"mix"
1317,"swimming"
1318,"counter"
1319,"medium"
1320,"anniversary"
1321,"stadium"
1322,"origin"
1323,"volunteer"
1324,"destroy"
1325,"steal"
1326,"chip"
1327,"bean"
1328,"everyday"
1329,"solar"
1330,"disappear"
1331,"poem"
1332,"rent"
1333,"elementary"
1334,"cousin"
1335,"belong"
1336,"wake"
1337,"transportation"
1338,"combine"
1339,"thirteen"
1340,"habit"
1341,"bury"
1342,"ceremony"
1343,"shell"
1344,"gesture"
1345,"cloth"
1346,"essay"
1347,"magic"
1348,"shower"
1349,"tunnel"
1350,"strict"
1351,"adventure"
1352,"graduate"
1353,"friendship"
1354,"rhythm"
1355,"peaceful"
1356,"pie"
1357,"announcement"
1358,"happiness"
1359,"preserve"
1360,"trick"
1361,"switch"
1362,"ski"
1363,"taxi"
1364,"clerk"
1365,"overcome"
1366,"complain"
1367,"invitation"
1368,"ton"
1369,"painter"
1370,"kick"
1371,"upset"
1372,"delicious"
1373,"confuse"
1374,"bake"
1375,"noon"
1376,"behave"
1377,"temple"
1378,"architect"
1379,"shy"
1380,"sunny"
1381,"hunt"
1382,"lamp"
1383,"insect"
1384,"zero"
1385,"rabbit"
1386,"pizza"
1387,"towel"
1388,"import"
1389,"gym"
1390,"exam"
1391,"calendar"
1392,"cute"
1393,"comic"
1394,"broadcast"
1395,"sweater"
1396,"snake"
1397,"freeze"
1398,"coin"
1399,"jam"
1400,"notebook"
1401,"convenience"
1402,"keyboard"
1403,"stamp"
1404,"elephant"
1405,"absorb"
1406,"elevator"
1407,"earthquake"
1408,"trash"
1409,"amusement"
1410,"carrot"
1411,"headache"
1412,"picnic"
1413,"umbrella"
1414,"cherry"
1415,"website"
1416,"dessert"
1417,"monkey"
1418,"accord"
1419,"hobby"
1420,"shine"
1421,"invent"
1422,"passport"
1423,"greet"
1424,"postcard"
1425,"float"
1426,"sleepy"
1427,"textbook"
1428,"peach"
1429,"cheer"
1430,"scare"
1431,"classmate"
1432,"racket"
1433,"curry"
1434,"thirsty"
1435,"astronaut"
1436,"crane"
1437,"carpenter"
1438,"bookstore"
1439,"dine"
1440,"embarrass"
1441,"disappoint"
1442,"endanger"
1443,"kilogram"
1444,"yeah"
1445,"might"
1446,"whether"
1447,"within"
1448,"political"
1449,"court"
1450,"saying"
1451,"general"
1452,"seem"
1453,"policy"
1454,"interest"
1455,"particular"
1456,"process"
1457,"itself"
1458,"certain"
1459,"economic"
1460,"available"
1461,"likely"
1462,"evidence"
1463,"position"
1464,"issue"
1465,"rather"
1466,"provide"
1467,"simply"
1468,"recent"
1469,"patient"
1470,"base"
1471,"upon"
1472,"private"
1473,"security"
1474,"single"
1475,"cent"
1476,"personal"
1477,"director"
1478,"nearly"
1479,"military"
1480,"indeed"
1481,"series"
1482,"whatever"
1483,"therefore"
1484,"despite"
1485,"tax"
1486,"committee"
1487,"force"
1488,"current"
1489,"sir"
1490,"exactly"
1491,"quality"
1492,"trade"
1493,"management"
1494,"treatment"
1495,"film"
1496,"pound"
1497,"medical"
1498,"approach"
1499,"campaign"
1500,"financial"
1501,"population"
1502,"mile"
1503,"economy"
1504,"somebody"
1505,"beyond"
1506,"press"
1507,"growth"
1508,"risk"
1509,"individual"
1510,"production"
1511,"expect"
1512,"secretary"
1513,"consider"
1514,"cost"
1515,"physical"
1516,"term"
1517,"allow"
1518,"nor"
1519,"deal"
1520,"career"
1521,"nation"
1522,"billion"
1523,"create"
1524,"region"
1525,"loss"
1526,"ability"
1527,"previous"
1528,"material"
1529,"onto"
1530,"throughout"
1531,"worth"
1532,"opportunity"
1533,"response"
1534,"bill"
1535,"unless"
1536,"successful"
1537,"positive"
1538,"none"
1539,"collection"
1540,"offer"
1541,"generally"
1542,"basic"
1543,"understanding"
1544,"majority"
1545,"immediately"
1546,"male"
1547,"require"
1548,"completely"
1549,"suppose"
1550,"eventually"
1551,"access"
1552,"senior"
1553,"account"
1554,"extra"
1555,"conference"
1556,"surface"
1557,"income"
1558,"crime"
1559,"edge"
1560,"nobody"
1561,"detail"
1562,"effective"
1563,"suggest"
1564,"source"
1565,"lack"
1566,"aware"
1567,"commercial"
1568,"concern"
1569,"trial"
1570,"competition"
1571,"degree"
1572,"football"
1573,"quick"
1574,"bar"
1575,"independent"
1576,"directly"
1577,"statement"
1578,"factor"
1579,"avoid"
1580,"accept"
1581,"complete"
1582,"highly"
1583,"anybody"
1584,"appropriate"
1585,"discussion"
1586,"task"
1587,"finding"
1588,"operation"
1589,"fear"
1590,"hardly"
1591,"reality"
1592,"benefit"
1593,"responsible"
1594,"debate"
1595,"responsibility"
1596,"professor"
1597,"cancer"
1598,"describe"
1599,"female"
1600,"argument"
1601,"version"
1602,"fully"
1603,"potential"
1604,"southern"
1605,"equipment"
1606,"review"
1607,"scale"
1608,"protection"
1609,"chief"
1610,"wine"
1611,"obvious"
1612,"tiny"
1613,"appeal"
1614,"organization"
1615,"cash"
1616,"relatively"
1617,"charge"
1618,"battle"
1619,"feature"
1620,"victory"
1621,"method"
1622,"additional"
1623,"strength"
1624,"path"
1625,"attempt"
1626,"behavior"
1627,"network"
1628,"expression"
1629,"aid"
1630,"tough"
1631,"advantage"
1632,"possibility"
1633,"prevent"
1634,"actual"
1635,"confidence"
1636,"tend"
1637,"text"
1638,"breath"
1639,"due"
1640,"progress"
1641,"opening"
1642,"familiar"
1643,"sight"
1644,"solution"
1645,"function"
1646,"duty"
1647,"lovely"
1648,"master"
1649,"balance"
1650,"essential"
1651,"educational"
1652,"employee"
1653,"beside"
1654,"willing"
1655,"extremely"
1656,"entirely"
1657,"correct"
1658,"application"
1659,"relief"
1660,"negative"
1661,"exhibition"
1662,"eastern"
1663,"alive"
1664,"prove"
1665,"double"
1666,"surely"
1667,"contrast"
1668,"publish"
1669,"row"
1670,"coast"
1671,"expert"
1672,"except"
1673,"nod"
1674,"seriously"
1675,"gallery"
1676,"yard"
1677,"literature"
1678,"birth"
1679,"metal"
1680,"tape"
1681,"fashion"
1682,"ordinary"
1683,"equal"
1684,"reaction"
1685,"demand"
1686,"decade"
1687,"focus"
1688,"scientific"
1689,"injury"
1690,"unable"
1691,"route"
1692,"determine"
1693,"bedroom"
1694,"overall"
1695,"fit"
1696,"software"
1697,"desire"
1698,"achieve"
1699,"sample"
1700,"maintain"
1701,"previously"
1702,"upper"
1703,"reader"
1704,"frequently"
1705,"manner"
1706,"rural"
1707,"rare"
1708,"discuss"
1709,"release"
1710,"afford"
1711,"definitely"
1712,"equally"
1713,"establish"
1714,"appearance"
1715,"reasonable"
1716,"claim"
1717,"native"
1718,"doubt"
1719,"unfortunately"
1720,"agent"
1721,"latter"
1722,"connection"
1723,"researcher"
1724,"noise"
1725,"exist"
1726,"typical"
1727,"religion"
1728,"argue"
1729,"victim"
1730,"closely"
1731,"stress"
1732,"narrow"
1733,"mainly"
1734,"technique"
1735,"represent"
1736,"conclusion"
1737,"properly"
1738,"championship"
1739,"facility"
1740,"emergency"
1741,"sharp"
1742,"fail"
1743,"mayor"
1744,"lawyer"
1745,"unusual"
1746,"reply"
1747,"affect"
1748,"mirror"
1749,"beat"
1750,"combination"
1751,"apart"
1752,"profit"
1753,"supply"
1754,"option"
1755,"perfectly"
1756,"content"
1757,"belief"
1758,"ideal"
1759,"apartment"
1760,"enormous"
1761,"hang"
1762,"vehicle"
1763,"revolution"
1764,"secret"
1765,"respond"
1766,"consumer"
1767,"admit"
1768,"widely"
1769,"involve"
1770,"wedding"
1771,"dozen"
1772,"partly"
1773,"guard"
1774,"silver"
1775,"flow"
1776,"eighty"
1777,"dramatic"
1778,"transport"
1779,"atmosphere"
1780,"rarely"
1781,"location"
1782,"journey"
1783,"iron"
1784,"gently"
1785,"crazy"
1786,"document"
1787,"lane"
1788,"opposite"
1789,"file"
1790,"steel"
1791,"engineering"
1792,"wet"
1793,"deeply"
1794,"furniture"
1795,"attractive"
1796,"manage"
1797,"session"
1798,"recognize"
1799,"diet"
1800,"moreover"
1801,"effectively"
1802,"self"
1803,"heavily"
1804,"badly"
1805,"theme"
1806,"ill"
1807,"contain"
1808,"mention"
1809,"struggle"
1810,"politician"
1811,"sheet"
1812,"crew"
1813,"reflect"
1814,"prefer"
1815,"channel"
1816,"occasionally"
1817,"elderly"
1818,"truck"
1819,"limit"
1820,"knife"
1821,"naturally"
1822,"similarly"
1823,"shut"
1824,"god"
1825,"whenever"
1826,"obtain"
1827,"neighborhood"
1828,"impression"
1829,"appreciate"
1830,"rough"
1831,"childhood"
1832,"handle"
1833,"regard"
1834,"drawing"
1835,"being"
1836,"illegal"
1837,"arrest"
1838,"transfer"
1839,"refer"
1840,"smooth"
1841,"achievement"
1842,"confident"
1843,"sensitive"
1844,"suitable"
1845,"charity"
1846,"poverty"
1847,"attend"
1848,"expectation"
1849,"gain"
1850,"valuable"
1851,"extreme"
1852,"replace"
1853,"bone"
1854,"knee"
1855,"blind"
1856,"disaster"
1857,"cooking"
1858,"boot"
1859,"unlike"
1860,"decline"
1861,"examine"
1862,"rugby"
1863,"personality"
1864,"survival"
1865,"promote"
1866,"examination"
1867,"link"
1868,"gradually"
1869,"talent"
1870,"membership"
1871,"illness"
1872,"instruction"
1873,"stable"
1874,"pack"
1875,"arrangement"
1876,"hero"
1877,"passion"
1878,"seventy"
1879,"relative"
1880,"root"
1881,"nearby"
1882,"device"
1883,"payment"
1884,"trend"
1885,"strike"
1886,"wheel"
1887,"concentration"
1888,"bet"
1889,"efficient"
1890,"discovery"
1891,"impressive"
1892,"aim"
1893,"grant"
1894,"request"
1895,"priority"
1896,"entertainment"
1897,"rid"
1898,"attach"
1899,"rapid"
1900,"plain"
1901,"mystery"
1902,"hide"
1903,"feed"
1904,"command"
1905,"exception"
1906,"string"
1907,"divide"
1908,"wing"
1909,"permission"
1910,"appointment"
1911,"crash"
1912,"gentle"
1913,"belt"
1914,"locate"
1915,"escape"
1916,"lift"
1917,"ceiling"
1918,"ignore"
1919,"newly"
1920,"till"
1921,"bother"
1922,"passenger"
1923,"settle"
1924,"specialist"
1925,"successfully"
1926,"rely"
1927,"signal"
1928,"laboratory (lab)"
1929,"cotton"
1930,"observe"
1931,"highway"
1932,"whisper"
1933,"upstairs"
1934,"deliver"
1935,"platform"
1936,"explore"
1937,"heritage"
1938,"extend"
1939,"observation"
1940,"employ"
1941,"adopt"
1942,"contribute"
1943,"fortune"
1944,"destruction"
1945,"participate"
1946,"gray"
1947,"fence"
1948,"fiction"
1949,"bench"
1950,"demonstrate"
1951,"brand"
1952,"compete"
1953,"tail"
1954,"shame"
1955,"jazz"
1956,"suspect"
1957,"greatly"
1958,"net"
1959,"concentrate"
1960,"attract"
1961,"vary"
1962,"ban"
1963,"button"
1964,"opponent"
1965,"succeed"
1966,"warn"
1967,"horror"
1968,"threaten"
1969,"sharply"
1970,"ingredient"
1971,"journalist"
1972,"physically"
1973,"remind"
1974,"expand"
1975,"scream"
1976,"propose"
1977,"emotion"
1978,"surround"
1979,"purchase"
1980,"spite"
1981,"investigate"
1982,"online"
1983,"bond"
1984,"carpet"
1985,"salary"
1986,"economics"
1987,"beef"
1988,"alarm"
1989,"rescue"
1990,"monthly"
1991,"estimate"
1992,"girlfriend"
1993,"confirm"
1994,"lock"
1995,"resist"
1996,"blow"
1997,"approve"
1998,"honor"
1999,"recover"
2000,"creature"
2001,"arrange"
2002,"recommend"
2003,"flour"
2004,"oxygen"
2005,"gene"
2006,"chart"
2007,"electrical"
2008,"intelligent"
2009,"generate"
2010,"consist"
2011,"shade"
2012,"shelter"
2013,"pour"
2014,"mouse"
2015,"artificial"
2016,"skirt"
2017,"realistic"
2018,"seventeen"
2019,"predict"
2020,"persuade"
2021,"celebration"
2022,"unhappy"
2023,"convince"
2024,"slide"
2025,"rush"
2026,"lifestyle"
2027,"precious"
2028,"oppose"
2029,"stretch"
2030,"tropical"
2031,"onion"
2032,"reject"
2033,"inform"
2034,"crop"
2035,"bacteria"
2036,"safely"
2037,"battery"
2038,"orchestra"
2039,"organize"
2040,"wool"
2041,"stranger"
2042,"instance"
2043,"mysterious"
2044,"pig"
2045,"fantastic"
2046,"trap"
2047,"knock"
2048,"suspicious"
2049,"resolve"
2050,"satisfy"
2051,"breathe"
2052,"react"
2053,"chase"
2054,"blanket"
2055,"flood"
2056,"guarantee"
2057,"register"
2058,"wrap"
2059,"bite"
2060,"lower"
2061,"pray"
2062,"continent"
2063,"warming"
2064,"reward"
2065,"hire"
2066,"fork"
2067,"tiger"
2068,"teenager"
2069,"lecture"
2070,"pretend"
2071,"sink"
2072,"calculate"
2073,"owe"
2074,"adjust"
2075,"permit"
2076,"dig"
2077,"sock"
2078,"candy"
2079,"nest"
2080,"overseas"
2081,"interpret"
2082,"advise"
2083,"export"
2084,"absent"
2085,"spray"
2086,"humor"
2087,"encounter"
2088,"bat"
2089,"repair"
2090,"mall"
2091,"license"
2092,"fur"
2093,"chemistry"
2094,"calm"
2095,"graph"
2096,"retire"
2097,"slice"
2098,"marathon"
2099,"hunger"
2100,"deaf"
2101,"spell"
2102,"container"
2103,"tap"
2104,"theirs"
2105,"treasure"
2106,"vocabulary"
2107,"harvest"
2108,"discount"
2109,"statue"
2110,"doll"
2111,"thief"
2112,"rude"
2113,"wheelchair"
2114,"flavor"
2115,"zoo"
2116,"grocery"
2117,"invention"
2118,"regret"
2119,"cheerful"
2120,"noisy"
2121,"weigh"
2122,"wander"
2123,"fashionable"
2124,"frighten"
2125,"afterward"
2126,"costume"
2127,"villager"
2128,"translate"
2129,"poison"
2130,"refrigerator (fridge)"
2131,"reverse"
2132,"waiter"
2133,"harmful"
2134,"cookie"
2135,"melt"
2136,"worm"
2137,"fossil"
2138,"banana"
2139,"colorful"
2140,"criticize"
2141,"decorate"
2142,"airplane"
2143,"apologize"
2144,"suitcase"
2145,"robot"
2146,"boil"
2147,"ruin"
2148,"cancel"
2149,"dentist"
2150,"burst"
2151,"sail"
2152,"heal"
2153,"interrupt"
2154,"decrease"
2155,"greeting"
2156,"entertain"
2157,"decoration"
2158,"grape"
2159,"enjoyable"
2160,"violin"
2161,"scratch"
2162,"interpreter"
2163,"bark"
2164,"chew"
2165,"frog"
2166,"quiz"
2167,"shrine"
2168,"snack"
2169,"dolphin"
2170,"spoil"
2171,"turtle"
2172,"surf"
2173,"rainy"
2174,"flute"
2175,"sincerely"
2176,"complicate"
2177,"pronounce"
2178,"cafeteria"
2179,"coupon"
2180,"inventor"
2181,"hamburger"
2182,"recycle"
2183,"worst"
2184,"annoy"
2185,"panda"
2186,"sightseeing"
2187,"further"
2188,"firework"
2189,"sort"
2190,"particularly"
2191,"section"
2192,"industry"
2193,"significant"
2194,"analysis"
2195,"association"
2196,"television (telly)"
2197,"property"
2198,"specific"
2199,"basis"
2200,"status"
2201,"agreement"
2202,"contract"
2203,"entire"
2204,"author"
2205,"direct"
2206,"relation"
2207,"otherwise"
2208,"firm"
2209,"editor"
2210,"agency"
2211,"circumstance"
2212,"associate"
2213,"credit"
2214,"failure"
2215,"complex"
2216,"strategy"
2217,"regional"
2218,"quarter"
2219,"currently"
2220,"fund"
2221,"mostly"
2222,"length"
2223,"background"
2224,"increasingly"
2225,"normally"
2226,"concept"
2227,"grand"
2228,"proper"
2229,"academic"
2230,"conflict"
2231,"valley"
2232,"resident"
2233,"identify"
2234,"necessarily"
2235,"sentence"
2236,"practical"
2237,"foundation"
2238,"initial"
2239,"technical"
2240,"nevertheless"
2241,"formal"
2242,"occur"
2243,"broad"
2244,"client"
2245,"soil"
2246,"truly"
2247,"consequence"
2248,"emphasis"
2249,"constant"
2250,"alternative"
2251,"square"
2252,"introduction"
2253,"landscape"
2254,"strongly"
2255,"indicate"
2256,"frame"
2257,"sufficient"
2258,"assistance"
2259,"permanent"
2260,"proposal"
2261,"rapidly"
2262,"reputation"
2263,"contribution"
2264,"pace"
2265,"retirement"
2266,"intend"
2267,"mark"
2268,"remarkable"
2269,"personally"
2270,"loan"
2271,"operate"
2272,"peak"
2273,"error"
2274,"delivery"
2275,"recall"
2276,"temporary"
2277,"acceptable"
2278,"sum"
2279,"emerge"
2280,"furthermore"
2281,"arrival"
2282,"stream"
2283,"surprisingly"
2284,"agriculture"
2285,"enable"
2286,"weekly"
2287,"principal"
2288,"besides"
2289,"producer"
2290,"lifetime"
2291,"minimum"
2292,"expense"
2293,"campus"
2294,"label"
2295,"pursue"
2296,"reliable"
2297,"commonly"
2298,"architecture"
2299,"delay"
2300,"accompany"
2301,"superior"
2302,"pipe"
2303,"conclude"
2304,"expose"
2305,"repeatedly"
2306,"surrounding"
2307,"construct"
2308,"acquire"
2309,"flexible"
2310,"invest"
2311,"restore"
2312,"enhance"
2313,"preference"
2314,"occupy"
2315,"inspire"
2316,"reserve"
2317,"tune"
2318,"attraction"
2319,"biology"
2320,"quantity"
2321,"worldwide"
2322,"recycling"
2323,"adapt"
2324,"contrary"
2325,"greenhouse"
2326,"deposit"
2327,"educate"
2328,"highlight"
2329,"analyze"
2330,"exhibit"
2331,"traveler"
2332,"consume"
2333,"advertisement (ad)"
2334,"manufacture"
2335,"advertise"
2336,"centimeter"
2337,"council"
2338,"former"
2339,"thus"
2340,"obviously"
2341,"stuff"
2342,"guy"
2343,"theory"
2344,"drug"
2345,"absolutely"
2346,"royal"
2347,"slightly"
2348,"insurance"
2349,"apparently"
2350,"extent"
2351,"plus"
2352,"primary"
2353,"possibly"
2354,"crisis"
2355,"threat"
2356,"participant"
2357,"totally"
2358,"mental"
2359,"domestic"
2360,"vision"
2361,"fairly"
2362,"institute"
2363,"element"
2364,"vote"
2365,"urban"
2366,"principle"
2367,"meanwhile"
2368,"target"
2369,"identity"
2370,"candidate"
2371,"whereas"
2372,"emotional"
2373,"elsewhere"
2374,"brief"
2375,"odd"
2376,"warning"
2377,"unlikely"
2378,"perspective"
2379,"vast"
2380,"capable"
2381,"consideration"
2382,"false"
2383,"pure"
2384,"proportion"
2385,"shadow"
2386,"violent"
2387,"comparison"
2388,"mass"
2389,"height"
2390,"household"
2391,"dust"
2392,"fault"
2393,"electronic"
2394,"wealth"
2395,"sake"
2396,"distant"
2397,"blame"
2398,"awareness"
2399,"unknown"
2400,"cable"
2401,"phrase"
2402,"depth"
2403,"discipline"
2404,"insist"
2405,"raw"
2406,"routine"
2407,"remote"
2408,"digital"
2409,"steady"
2410,"carbon"
2411,"curious"
2412,"widespread"
2413,"layer"
2414,"slip"
2415,"resort"
2416,"clinic"
2417,"witness"
2418,"exact"
2419,"recommendation"
2420,"automatically"
2421,"arise"
2422,"reception"
2423,"craft"
2424,"delicate"
2425,"outdoor"
2426,"satellite"
2427,"uncomfortable"
2428,"mild"
2429,"ease"
2430,"correctly"
2431,"assist"
2432,"mate"
2433,"remark"
2434,"wealthy"
2435,"spare"
2436,"physics"
2437,"abandon"
2438,"crack"
2439,"eliminate"
2440,"barrier"
2441,"shelf"
2442,"popularity"
2443,"lately"
2444,"imply"
2445,"freely"
2446,"unnecessary"
2447,"steadily"
2448,"capture"
2449,"exit"
2450,"signature"
2451,"negotiate"
2452,"seller"
2453,"alike"
2454,"nowadays"
2455,"beneficial"
2456,"mature"
2457,"liquid"
2458,"hunter"
2459,"underground"
2460,"convert"
2461,"polish"
2462,"parallel"
2463,"pose"
2464,"donation"
2465,"smoothly"
2466,"sometime"
2467,"relieve"
2468,"gasoline"
2469,"disturb"
2470,"breed"
2471,"forecast"
2472,"ray"
2473,"tire"
2474,"disadvantage"
2475,"spill"
2476,"attendant"
2477,"beginner"
2478,"depart"
2479,"statistic"
2480,"authority"
2481,"legal"
2482,"budget"
2483,"division"
2484,"presence"
2485,"critical"
2486,"institution"
2487,"ensure"
2488,"employment"
2489,"aspect"
2490,"beneath"
2491,"relevant"
2492,"capacity"
2493,"selection"
2494,"seek"
2495,"immediate"
2496,"aside"
2497,"critic"
2498,"specifically"
2499,"assume"
2500,"requirement"
2501,"define"
2502,"characteristic"
2503,"creation"
2504,"multiple"
2505,"entry"
2506,"reduction"
2507,"category"
2508,"creative"
2509,"typically"
2510,"numerous"
2511,"competitive"
2512,"improvement"
2513,"briefly"
2514,"secondary"
2515,"reveal"
2516,"conduct"
2517,"approximately"
2518,"approval"
2519,"component"
2520,"aggressive"
2521,"preparation"
2522,"proof"
2523,"shift"
2524,"wildlife"
2525,"complaint"
2526,"manufacturer"
2527,"load"
2528,"alongside"
2529,"objective"
2530,"consumption"
2531,"engage"
2532,"secure"
2533,"restriction"
2534,"replacement"
2535,"unexpected"
2536,"pile"
2537,"maker"
2538,"rank"
2539,"assign"
2540,"monitor"
2541,"competitor"
2542,"interior"
2543,"illustrate"
2544,"assignment"
2545,"hammer"
2546,"destination"
2547,"log"
2548,"instructor"
2549,"emphasize"
2550,"railroad"
2551,"consult"
2552,"seminar"
2553,"internationally"
2554,"bound"
2555,"rainfall"
2556,"specialize"
2557,"whom"
2558,"civil"
2559,"unit"
2560,"youth"
2561,"merely"
2562,"moral"
2563,"queen"
2564,"chest"
2565,"golf"
2566,"guilty"
2567,"absence"
2568,"debt"
2569,"studio"
2570,"incident"
2571,"fundamental"
2572,"mood"
2573,"anger"
2574,"independence"
2575,"forth"
2576,"psychological"
2577,"supporter"
2578,"fellow"
2579,"shortly"
2580,"loose"
2581,"folk"
2582,"super"
2583,"avenue"
2584,"column"
2585,"pepper"
2586,"pitch"
2587,"comfort"
2588,"nowhere"
2589,"universal"
2590,"slight"
2591,"pan"
2592,"conscious"
2593,"oven"
2594,"port"
2595,"harm"
2596,"pond"
2597,"painful"
2598,"corn"
2599,"comedy"
2600,"incredible"
2601,"generous"
2602,"grab"
2603,"scholar"
2604,"eager"
2605,"declare"
2606,"collapse"
2607,"lover"
2608,"jet"
2609,"clay"
2610,"deserve"
2611,"panic"
2612,"pole"
2613,"brick"
2614,"fortunately"
2615,"mask"
2616,"demonstration"
2617,"meaningful"
2618,"thumb"
2619,"mobile"
2620,"bend"
2621,"geography"
2622,"importantly"
2623,"cage"
2624,"harmony"
2625,"shortage"
2626,"underneath"
2627,"reservation"
2628,"trace"
2629,"wound"
2630,"sweep"
2631,"indoor"
2632,"cure"
2633,"rainbow"
2634,"bush"
2635,"wipe"
2636,"explode"
2637,"puzzle"
2638,"jewelry"
2639,"performer"
2640,"rocky"
2641,"listener"
2642,"efficiently"
2643,"whale"
2644,"rental"
2645,"someday"
2646,"butterfly"
2647,"graduation"
2648,"congratulation"
2649,"receipt"
2650,"accidentally"
2651,"anytime"
2652,"subway"
2653,"skip"
2654,"souvenir"
2655,"election"
2656,"religious"
2657,"marriage"
2658,"stock"
2659,"democratic"
2660,"chapter"
2661,"commission"
2662,"executive"
2663,"annual"
2664,"prison"
2665,"investigation"
2666,"opposition"
2667,"basically"
2668,"colleague"
2669,"considerable"
2670,"motion"
2671,"existence"
2672,"procedure"
2673,"joint"
2674,"labor"
2675,"recognition"
2676,"volume"
2677,"code"
2678,"solid"
2679,"criticism"
2680,"notion"
2681,"minor"
2682,"apparent"
2683,"crucial"
2684,"ultimately"
2685,"vital"
2686,"champion"
2687,"unemployment"
2688,"description"
2689,"judgment"
2690,"interpretation"
2691,"via"
2692,"passage"
2693,"primarily"
2694,"philosophy"
2695,"depression"
2696,"classic"
2697,"comprehensive"
2698,"tension"
2699,"extraordinary"
2700,"absolute"
2701,"historic"
2702,"dependent"
2703,"transition"
2704,"inquiry"
2705,"cope"
2706,"adequate"
2707,"employer"
2708,"altogether"
2709,"elect"
2710,"wire"
2711,"vulnerable"
2712,"substance"
2713,"defend"
2714,"mode"
2715,"muscle"
2716,"immigration"
2717,"bare"
2718,"tight"
2719,"dispute"
2720,"steam"
2721,"organic"
2722,"assumption"
2723,"phenomenon"
2724,"inevitable"
2725,"random"
2726,"continuous"
2727,"launch"
2728,"outer"
2729,"analyst"
2730,"reasonably"
2731,"cooperation"
2732,"admission"
2733,"summary"
2734,"plot"
2735,"cattle"
2736,"dramatically"
2737,"motivation"
2738,"departure"
2739,"paragraph"
2740,"mount"
2741,"officially"
2742,"grain"
2743,"differ"
2744,"strictly"
2745,"sunlight"
2746,"found"
2747,"shore"
2748,"historian"
2749,"distinguish"
2750,"illustration"
2751,"alter"
2752,"productive"
2753,"weakness"
2754,"exclude"
2755,"desirable"
2756,"kingdom"
2757,"lobby"
2758,"rival"
2759,"pump"
2760,"detect"
2761,"urge"
2762,"publisher"
2763,"clue"
2764,"operator"
2765,"notable"
2766,"stem"
2767,"cruise"
2768,"compose"
2769,"trunk"
2770,"electronics"
2771,"install"
2772,"fragile"
2773,"independently"
2774,"nutrition"
2775,"assure"
2776,"split"
2777,"unclear"
2778,"rocket"
2779,"ancestor"
2780,"workplace"
2781,"foster"
2782,"outline"
2783,"dioxide"
2784,"obstacle"
2785,"devote"
2786,"interact"
2787,"cleaner"
2788,"fascinate"
2789,"resemble"
2790,"punish"
2791,"donate"
2792,"discourage"
2793,"overtime"
2794,"extinction"
2795,"dispose"
2796,"migrate"
2797,"administration"
2798,"district"
2799,"investment"
2800,"largely"
2801,"reference"
2802,"significantly"
2803,"contemporary"
2804,"substantial"
2805,"distribution"
2806,"motor"
2807,"consistent"
2808,"conventional"
2809,"zone"
2810,"maintenance"
2811,"extensive"
2812,"expansion"
2813,"representative"
2814,"agricultural"
2815,"establishment"
2816,"maximum"
2817,"diversity"
2818,"efficiency"
2819,"fabric"
2820,"regardless"
2821,"frequent"
2822,"portion"
2823,"oak"
2824,"filter"
2825,"expertise"
2826,"limitation"
2827,"impose"
2828,"retain"
2829,"feedback"
2830,"format"
2831,"cast"
2832,"proceed"
2833,"orientation"
2834,"workshop"
2835,"venture"
2836,"accessible"
2837,"distribute"
2838,"evaluate"
2839,"implement"
2840,"innovation"
2841,"annually"
2842,"tourism"
2843,"accurately"
2844,"possess"
2845,"innovative"
2846,"attribute"
2847,"sponsor"
2848,"submit"
2849,"motivate"
2850,"additionally"
2851,"undergo"
2852,"thrive"
2853,"frank"
2854,"enroll"
2855,"commute"
2856,"minister"
2857,"league"
2858,"nuclear"
2859,"bay"
2860,"lip"
2861,"stare"
2862,"surgery"
2863,"boss"
2864,"ethnic"
2865,"railway"
2866,"throat"
2867,"mad"
2868,"minority"
2869,"gap"
2870,"sudden"
2871,"pale"
2872,"butter"
2873,"leather"
2874,"bomb"
2875,"glance"
2876,"sauce"
2877,"palace"
2878,"pride"
2879,"gear"
2880,"satisfaction"
2881,"innocent"
2882,"navy"
2883,"anxious"
2884,"tale"
2885,"tube"
2886,"palm"
2887,"tragedy"
2888,"romantic"
2889,"grateful"
2890,"lemon"
2891,"protest"
2892,"honey"
2893,"wise"
2894,"traditionally"
2895,"twin"
2896,"rope"
2897,"purple"
2898,"warmth"
2899,"boyfriend"
2900,"swing"
2901,"toilet"
2902,"leisure"
2903,"honestly"
2904,"ambulance"
2905,"recipe"
2906,"urgent"
2907,"basket"
2908,"mentally"
2909,"glove"
2910,"awake"
2911,"instant"
2912,"scholarship"
2913,"overnight"
2914,"parade"
2915,"telescope"
2916,"duck"
2917,"translation"
2918,"hesitate"
2919,"enthusiastic"
2920,"withdraw"
2921,"collector"
2922,"vitamin"
2923,"unpleasant"
2924,"foreigner"
2925,"admire"
2926,"pin"
2927,"poster"
2928,"mineral"
2929,"dancer"
2930,"thread"
2931,"learner"
2932,"lunchtime"
2933,"conductor"
2934,"scenery"
2935,"ruler"
2936,"dive"
2937,"librarian"
2938,"cough"
2939,"bump"
2940,"postpone"
2941,"rob"
2942,"outdoors"
2943,"pianist"
2944,"dislike"
2945,"mosquito"
2946,"enclose"
2947,"allergy"
2948,"county"
2949,"union"
2950,"sex"
2951,"politics"
2952,"violence"
2953,"leadership"
2954,"weapon"
2955,"criminal"
2956,"affair"
2957,"somewhat"
2958,"welfare"
2959,"definition"
2960,"barely"
2961,"aircraft"
2962,"gender"
2963,"resistance"
2964,"commit"
2965,"acid"
2966,"alcohol"
2967,"outcome"
2968,"era"
2969,"ministry"
2970,"precisely"
2971,"intense"
2972,"psychology"
2973,"assembly"
2974,"suffering"
2975,"empire"
2976,"perception"
2977,"interaction"
2978,"excitement"
2979,"mess"
2980,"appoint"
2981,"wage"
2982,"infection"
2983,"immigrant"
2984,"hopefully"
2985,"tendency"
2986,"deny"
2987,"enthusiasm"
2988,"precise"
2989,"artistic"
2990,"variation"
2991,"mechanism"
2992,"deer"
2993,"acceptance"
2994,"wisdom"
2995,"unity"
2996,"behalf"
2997,"automatic"
2998,"lawn"
2999,"buyer"
3000,"athletic"
3001,"privacy"
3002,"airline"
3003,"whoever"
3004,"photography"
3005,"uncertain"
3006,"viewer"
3007,"blank"
3008,"equivalent"
3009,"drag"
3010,"practically"
3011,"emission"
3012,"script"
3013,"hint"
3014,"nerve"
3015,"patience"
3016,"slope"
3017,"chef"
3018,"meantime"
3019,"exploration"
3020,"legend"
3021,"margin"
3022,"quit"
3023,"refusal"
3024,"bullet"
3025,"halfway"
3026,"cafe"
3027,"transform"
3028,"separately"
3029,"rat"
3030,"tackle"
3031,"organ"
3032,"wheat"
3033,"economist"
3034,"strengthen"
3035,"grill"
3036,"vacuum"
3037,"instinct"
3038,"manual"
3039,"inhabitant"
3040,"dependence"
3041,"flu (influenza)"
3042,"portable"
3043,"sue"
3044,"twist"
3045,"accomplish"
3046,"prompt"
3047,"monument"
3048,"click"
3049,"arctic"
3050,"elder"
3051,"maple"
3052,"neglect"
3053,"weed"
3054,"interestingly"
3055,"polar"
3056,"frustrate"
3057,"landmark"
3058,"backward"
3059,"mammal"
3060,"hike"
3061,"inexpensive"
3062,"decay"
3063,"semester"
3064,"motorcycle"
3065,"cosmetic"
3066,"vegetarian"
3067,"weaken"
3068,"conditioner"
3069,"farmland"
3070,"cooler"
3071,"imitate"
3072,"weekday"
3073,"teamwork"
3074,"shorten"
3075,"pollute"
3076,"congress"
3077,"defense"
3078,"context"
3079,"scheme"
3080,"reform"
3081,"estate"
3082,"assessment"
3083,"internal"
3084,"mission"
3085,"intelligence"
3086,"commitment"
3087,"massive"
3088,"tone"
3089,"curriculum"
3090,"visual"
3091,"settlement"
3092,"hanging"
3093,"recovery"
3094,"core"
3095,"essentially"
3096,"revenue"
3097,"trail"
3098,"agenda"
3099,"initially"
3100,"regulation"
3101,"constantly"
3102,"radical"
3103,"rail"
3104,"territory"
3105,"output"
3106,"finance"
3107,"evaluation"
3108,"pregnant"
3109,"prior"
3110,"personnel"
3111,"marine"
3112,"initiative"
3113,"extension"
3114,"prospect"
3115,"biological"
3116,"corporation"
3117,"intellectual"
3118,"van"
3119,"publication"
3120,"promotion"
3121,"profession"
3122,"punishment"
3123,"genetic"
3124,"draft"
3125,"ownership"
3126,"evolution"
3127,"readily"
3128,"boom"
3129,"logic"
3130,"concrete"
3131,"mud"
3132,"effectiveness"
3133,"considerably"
3134,"thoroughly"
3135,"strain"
3136,"moderate"
3137,"gulf"
3138,"consequently"
3139,"logical"
3140,"harsh"
3141,"acknowledge"
3142,"seemingly"
3143,"founder"
3144,"influential"
3145,"dynamic"
3146,"ambitious"
3147,"flexibility"
3148,"technological"
3149,"necessity"
3150,"intensive"
3151,"dominate"
3152,"adjustment"
3153,"questionnaire"
3154,"machinery"
3155,"availability"
3156,"habitat"
3157,"qualify"
3158,"restrict"
3159,"amateur"
3160,"incentive"
3161,"equip"
3162,"locally"
3163,"appreciation"
3164,"specially"
3165,"interval"
3166,"deadline"
3167,"costly"
3168,"ecological"
3169,"cautious"
3170,"shuttle"
3171,"transaction"
3172,"debris"
3173,"yield"
3174,"reminder"
3175,"dedicate"
3176,"psychologist"
3177,"scatter"
3178,"ritual"
3179,"economically"
3180,"deliberate"
3181,"retreat"
3182,"cargo"
3183,"suburb"
3184,"thorough"
3185,"qualification"
3186,"orbit"
3187,"classify"
3188,"alert"
3189,"bulletin"
3190,"isolate"
3191,"evolve"
3192,"edit"
3193,"tablet"
3194,"exceed"
3195,"resume"
3196,"drought"
3197,"drill"
3198,"predator"
3199,"drift"
3200,"integrate"
3201,"tuition"
3202,"incorrect"
3203,"abundant"
3204,"assemble"
3205,"span"
3206,"automobile"
3207,"unlimited"
3208,"noticeable"
3209,"instruct"
3210,"ecosystem"
3211,"scarce"
3212,"reproduce"
3213,"familiarity"
3214,"appliance"
3215,"renew"
3216,"biologist"
3217,"prohibit"
3218,"originate"
3219,"invade"
3220,"conserve"
3221,"simplify"
3222,"emit"
3223,"journal"
3224,"vice"
3225,"external"
3226,"faculty"
3227,"consistently"
3228,"valid"
3229,"administrator"
3230,"registration"
3231,"protective"
3232,"excessive"
3233,"accommodate"
3234,"exceptional"
3235,"incorporate"
3236,"circulation"
3237,"insufficient"
3238,"prediction"
3239,"clarify"
3240,"minimize"
3241,"modify"
3242,"speculate"
3243,"merge"
3244,"oversee"
3245,"revise"
3246,"certify"
3247,"enlarge"
3248,"relocate"
3249,"ought"
3250,"democracy"
3251,"nineteen"
3252,"mixture"
3253,"princess"
3254,"laughter"
3255,"sheep"
3256,"sixteen"
3257,"pause"
3258,"pleasant"
3259,"priest"
3260,"cheek"
3261,"powder"
3262,"actress"
3263,"salmon"
3264,"gentleman"
3265,"elegant"
3266,"offensive"
3267,"brave"
3268,"sympathy"
3269,"dull"
3270,"dare"
3271,"straw"
3272,"skiing"
3273,"nonsense"
3274,"turkey"
3275,"jaw"
3276,"spoon"
3277,"hallway"
3278,"useless"
3279,"purse"
3280,"keeper"
3281,"businessman"
3282,"drawer"
3283,"cliff"
3284,"yell"
3285,"sore"
3286,"sadness"
3287,"chat"
3288,"wallet"
3289,"laundry"
3290,"balcony"
3291,"impatient"
3292,"vet"
3293,"sorrow"
3294,"merry"
3295,"hometown"
3296,"vase"
3297,"peanut"
3298,"newsletter"
3299,"windy"
3300,"puppy"
3301,"comedian"
3302,"animation"
3303,"bloom"
3304,"sunrise"
3305,"blossom"
3306,"waterfall"
3307,"alphabet"
3308,"volleyball"
3309,"housework"
3310,"softball"
3311,"penguin"
3312,"jog"
3313,"amaze"
3314,"federal"
3315,"lord"
3316,"justice"
3317,"neck"
3318,"faith"
3319,"prince"
3320,"ninety"
3321,"soul"
3322,"pupil"
3323,"crown"
3324,"brilliant"
3325,"index"
3326,"darkness"
3327,"implication"
3328,"resolution"
3329,"intention"
3330,"firmly"
3331,"coal"
3332,"roughly"
3333,"dying"
3334,"gaze"
3335,"tremendous"
3336,"defeat"
3337,"cigarette"
3338,"heaven"
3339,"accuse"
3340,"keen"
3341,"naked"
3342,"bitter"
3343,"outstanding"
3344,"summit"
3345,"determination"
3346,"wherever"
3347,"inspector"
3348,"inevitably"
3349,"calorie"
3350,"homeless"
3351,"cabin"
3352,"occupation"
3353,"justify"
3354,"casual"
3355,"glory"
3356,"timing"
3357,"stroke"
3358,"steep"
3359,"tin"
3360,"sweat"
3361,"adviser"
3362,"envelope"
3363,"blade"
3364,"namely"
3365,"gross"
3366,"helicopter"
3367,"delight"
3368,"medal"
3369,"activist"
3370,"tragic"
3371,"flame"
3372,"nursery"
3373,"miracle"
3374,"nail"
3375,"downtown"
3376,"virtual"
3377,"trainer"
3378,"gravity"
3379,"measurement"
3380,"genius"
3381,"suspension"
3382,"quote"
3383,"incredibly"
3384,"dried"
3385,"grave"
3386,"bow"
3387,"positively"
3388,"sofa"
3389,"curiosity"
3390,"slim"
3391,"pork"
3392,"toe"
3393,"unconscious"
3394,"slave"
3395,"fortunate"
3396,"flash"
3397,"ambition"
3398,"dot"
3399,"fox"
3400,"satisfactory"
3401,"merchant"
3402,"bargain"
3403,"tribe"
3404,"spin"
3405,"fancy"
3406,"alien"
3407,"lens"
3408,"vivid"
3409,"mushroom"
3410,"tag"
3411,"sustainable"
3412,"candle"
3413,"tense"
3414,"interfere"
3415,"printer"
3416,"fare"
3417,"coral"
3418,"rub"
3419,"microphone"
3420,"gram"
3421,"swallow"
3422,"fax"
3423,"feather"
3424,"brake"
3425,"balloon"
3426,"atomic"
3427,"fairy"
3428,"sidewalk"
3429,"fade"
3430,"chess"
3431,"gradual"
3432,"luckily"
3433,"spider"
3434,"spectator"
3435,"disgust"
3436,"obey"
3437,"flock"
3438,"stylish"
3439,"dump"
3440,"insult"
3441,"messy"
3442,"spice"
3443,"yogurt"
3444,"stressful"
3445,"tasty"
3446,"heater"
3447,"outgoing"
3448,"soak"
3449,"chemist"
3450,"artwork"
3451,"bamboo"
3452,"interviewer"
3453,"widen"
3454,"hop"
3455,"crocodile"
3456,"inconvenient"
3457,"ape"
3458,"lag"
3459,"guidebook"
3460,"chimpanzee"
3461,"skate"
3462,"skillful"
3463,"depress"
3464,"prime"
3465,"conservative"
3466,"sector"
3467,"virtually"
3468,"inner"
3469,"phase"
3470,"convention"
3471,"intervention"
3472,"cabinet"
3473,"visible"
3474,"spiritual"
3475,"mere"
3476,"protein"
3477,"treaty"
3478,"anxiety"
3479,"literally"
3480,"angle"
3481,"edition"
3482,"negotiation"
3483,"enterprise"
3484,"dominant"
3485,"strategic"
3486,"partnership"
3487,"respectively"
3488,"circuit"
3489,"storage"
3490,"frequency"
3491,"profile"
3492,"formula"
3493,"tissue"
3494,"assess"
3495,"voluntary"
3496,"divorce"
3497,"fitness"
3498,"stake"
3499,"deck"
3500,"diverse"
3501,"respondent"
3502,"composition"
3503,"differently"
3504,"virus"
3505,"disorder"
3506,"clip"
3507,"identical"
3508,"strip"
3509,"publicity"
3510,"reluctant"
3511,"explosion"
3512,"sculpture"
3513,"educator"
3514,"mechanical"
3515,"invasion"
3516,"investigator"
3517,"unemployed"
3518,"terrorist"
3519,"accuracy"
3520,"tide"
3521,"uncertainty"
3522,"distinctive"
3523,"rear"
3524,"inspiration"
3525,"forum"
3526,"informal"
3527,"hip"
3528,"curve"
3529,"accordingly"
3530,"pine"
3531,"fiber"
3532,"barn"
3533,"suspicion"
3534,"productivity"
3535,"equality"
3536,"vertical"
3537,"coastal"
3538,"bonus"
3539,"perceive"
3540,"physician"
3541,"cave"
3542,"vague"
3543,"migration"
3544,"actively"
3545,"dismiss"
3546,"partially"
3547,"historically"
3548,"hook"
3549,"disposal"
3550,"rubber"
3551,"emperor"
3552,"sustain"
3553,"literacy"
3554,"carrier"
3555,"documentary"
3556,"civilization"
3557,"inappropriate"
3558,"passive"
3559,"echo"
3560,"primitive"
3561,"diameter"
3562,"crossing"
3563,"luxury"
3564,"poorly"
3565,"ink"
3566,"placement"
3567,"beam"
3568,"stove"
3569,"tempt"
3570,"worthwhile"
3571,"prosperity"
3572,"injection"
3573,"risky"
3574,"memorable"
3575,"allowance"
3576,"convey"
3577,"dairy"
3578,"holder"
3579,"merit"
3580,"exhaust"
3581,"microwave"
3582,"reproduction"
3583,"probable"
3584,"comfortably"
3585,"fisherman"
3586,"similarity"
3587,"unfamiliar"
3588,"overhead"
3589,"stimulate"
3590,"mechanic"
3591,"pottery"
3592,"substitute"
3593,"seize"
3594,"shopper"
3595,"rebuild"
3596,"accessory"
3597,"bee"
3598,"vanish"
3599,"anticipate"
3600,"collision"
3601,"audio"
3602,"overwhelm"
3603,"unreasonable"
3604,"terminal"
3605,"outlet"
3606,"disagreement"
3607,"accidental"
3608,"modification"
3609,"mat"
3610,"hollow"
3611,"thrill"
3612,"infect"
3613,"govern"
3614,"scan"
3615,"inherit"
3616,"environmentally"
3617,"suck"
3618,"devastate"
3619,"scar"
3620,"distract"
3621,"depict"
3622,"accustom"
3623,"generator"
3624,"abolish"
3625,"laptop"
3626,"negatively"
3627,"organizer"
3628,"yearly"
3629,"reconsider"
3630,"economical"
3631,"diploma"
3632,"diver"
3633,"extinct"
3634,"weave"
3635,"accumulate"
3636,"dye"
3637,"inconvenience"
3638,"conquer"
3639,"swell"
3640,"unavoidable"
3641,"incorrectly"
3642,"lessen"
3643,"reopen"
3644,"enrich"
3645,"refund"
3646,"expire"
3647,"browse"
3648,"nutritious"
3649,"disable"
3650,"corporate"
3651,"conservation"
3652,"participation"
3653,"scope"
3654,"distinct"
3655,"alliance"
3656,"formation"
3657,"administrative"
3658,"controversial"
3659,"compensation"
3660,"prominent"
3661,"sophisticated"
3662,"boundary"
3663,"portrait"
3664,"guideline"
3665,"residential"
3666,"derive"
3667,"exclusive"
3668,"thereby"
3669,"province"
3670,"retail"
3671,"commerce"
3672,"restoration"
3673,"residence"
3674,"explicit"
3675,"fluid"
3676,"transmission"
3677,"inspection"
3678,"array"
3679,"density"
3680,"lease"
3681,"suspend"
3682,"willingness"
3683,"boost"
3684,"legally"
3685,"cite"
3686,"crude"
3687,"ironically"
3688,"compound"
3689,"prey"
3690,"specimen"
3691,"provider"
3692,"cart"
3693,"venue"
3694,"medication"
3695,"inability"
3696,"terrain"
3697,"profitable"
3698,"herb"
3699,"facilitate"
3700,"recruitment"
3701,"halt"
3702,"administer"
3703,"affordable"
3704,"contractor"
3705,"alternatively"
3706,"await"
3707,"exploit"
3708,"adaptation"
3709,"counselor"
3710,"unchanged"
3711,"livestock"
3712,"breakthrough"
3713,"compensate"
3714,"regulate"
3715,"commodity"
3716,"undergraduate"
3717,"recruit"
3718,"update"
3719,"specify"
3720,"nutrient"
3721,"resistant"
3722,"blend"
3723,"managerial"
3724,"extract"
3725,"unstable"
3726,"compile"
3727,"disruption"
3728,"insert"
3729,"artifact"
3730,"bounce"
3731,"hybrid"
3732,"navigation"
3733,"bypass"
3734,"designate"
3735,"nutritional"
3736,"textile"
3737,"fulfill"
3738,"enrollment"
3739,"technician"
3740,"alternate"
3741,"penetrate"
3742,"durable"
3743,"inaccurate"
3744,"uncover"
3745,"cater"
3746,"verify"
3747,"upgrade"
3748,"invasive"
3749,"staple"
3750,"adhere"
3751,"cultivate"
3752,"inhabit"
3753,"supervise"
3754,"summarize"
3755,"distort"
3756,"signify"
3757,"categorize"
3758,"coexist"
3759,"surpass"
3760,"awful"
3761,"jeans"
3762,"pants"
3763,"pardon"
3764,"happily"
3765,"neat"
3766,"ghost"
3767,"forgive"
3768,"aquarium"
3769,"bucket"
3770,"ashamed"
3771,"loudly"
3772,"lazy"
3773,"steak"
3774,"admiration"
3775,"melody"
3776,"soda"
3777,"playground"
3778,"climber"
3779,"strawberry"
3780,"spaghetti"
3781,"backpack"
3782,"cloudy"
3783,"trumpet"
3784,"pamphlet"
3785,"kitten"
3786,"blackboard"
3787,"badminton"
3788,"amuse"
3789,"unfriendly"
3790,"bookshelf"
3791,"okay (OK)"
3792,"chairman"
3793,"senate"
3794,"stupid"
3795,"gay"
3796,"universe"
3797,"tongue"
3798,"genuine"
3799,"poetry"
3800,"lean"
3801,"lightly"
3802,"funeral"
3803,"memorial"
3804,"sigh"
3805,"drunk"
3806,"poet"
3807,"handsome"
3808,"instantly"
3809,"tightly"
3810,"kiss"
3811,"unfair"
3812,"policeman"
3813,"currency"
3814,"awkward"
3815,"secondly"
3816,"sacred"
3817,"sadly"
3818,"invisible"
3819,"needle"
3820,"monster"
3821,"teenage"
3822,"bass"
3823,"collar"
3824,"sword"
3825,"brass"
3826,"soap"
3827,"nut"
3828,"eve"
3829,"surgeon"
3830,"solo"
3831,"cinema"
3832,"grammar"
3833,"seldom"
3834,"sunshine"
3835,"makeup"
3836,"bride"
3837,"fog"
3838,"splendid"
3839,"miserable"
3840,"horn"
3841,"ballet"
3842,"rider"
3843,"lung"
3844,"chorus"
3845,"pasta"
3846,"cupboard"
3847,"antique"
3848,"toast"
3849,"squeeze"
3850,"punch"
3851,"angrily"
3852,"strangely"
3853,"grandchild"
3854,"prejudice"
3855,"beg"
3856,"uneasy"
3857,"cartoon"
3858,"unwilling"
3859,"spelling"
3860,"wireless"
3861,"brightly"
3862,"honesty"
3863,"leap"
3864,"proudly"
3865,"enjoyment"
3866,"delightful"
3867,"gratitude"
3868,"stripe"
3869,"imaginary"
3870,"lottery"
3871,"luggage"
3872,"whistle"
3873,"shark"
3874,"sailor"
3875,"glue"
3876,"uncommon"
3877,"energetic"
3878,"kindly"
3879,"harmless"
3880,"teammate"
3881,"voyage"
3882,"ant"
3883,"farewell"
3884,"tuna"
3885,"barbecue"
3886,"nationality"
3887,"skier"
3888,"pyramid"
3889,"careless"
3890,"explorer"
3891,"kindergarten"
3892,"email"
3893,"niece"
3894,"spicy"
3895,"misunderstanding"
3896,"jewel"
3897,"scramble"
3898,"offend"
3899,"volcano"
3900,"drown"
3901,"yoga"
3902,"thinker"
3903,"eclipse"
3904,"dialect"
3905,"blog"
3906,"fertilizer"
3907,"unhealthy"
3908,"snowy"
3909,"fluent"
3910,"sew"
3911,"unimportant"
3912,"quarrel"
3913,"baker"
3914,"cola"
3915,"swimmer"
3916,"irritate"
3917,"entertainer"
3918,"eyesight"
3919,"coaster"
3920,"sunflower"
3921,"hiker"
3922,"violinist"
3923,"doughnut"
3924,"refresh"
3925,"wrestler"
3926,"calligraphy"
3927,"sexual"
3928,"gun"
3929,"troop"
3930,"senator"
3931,"legislation"
3932,"spokesman"
3933,"abuse"
3934,"inch"
3935,"provision"
3936,"beer"
3937,"involvement"
3938,"regime"
3939,"poll"
3940,"entitle"
3941,"penalty"
3942,"literary"
3943,"subsequent"
3944,"ultimate"
3945,"pension"
3946,"headquarters"
3947,"chamber"
3948,"flesh"
3949,"presumably"
3950,"beating"
3951,"consciousness"
3952,"confusion"
3953,"burden"
3954,"possession"
3955,"bunch"
3956,"occasional"
3957,"stir"
3958,"dialogue"
3959,"detective"
3960,"guidance"
3961,"oral"
3962,"tobacco"
3963,"input"
3964,"publicly"
3965,"subtle"
3966,"accommodation"
3967,"ally"
3968,"grip"
3969,"desperately"
3970,"fame"
3971,"conviction"
3972,"indication"
3973,"linguistic"
3974,"integration"
3975,"lap"
3976,"angel"
3977,"servant"
3978,"obligation"
3979,"grace"
3980,"kit"
3981,"metropolitan"
3982,"snap"
3983,"frustration"
3984,"dawn"
3985,"stiff"
3986,"downstairs"
3987,"suite"
3988,"bronze"
3989,"humanity"
3990,"fierce"
3991,"indigenous"
3992,"hardware"
3993,"diamond"
3994,"dressing"
3995,"eagle"
3996,"ladder"
3997,"sensation"
3998,"wilderness"
3999,"formally"
4000,"certificate"
4001,"elbow"
4002,"survivor"
4003,"hockey"
4004,"openly"
4005,"romance"
4006,"blast"
4007,"lightning"
4008,"lid"
4009,"charm"
4010,"definite"
4011,"embarrassment"
4012,"creativity"
4013,"consecutive"
4014,"broadly"
4015,"fighter"
4016,"teen"
4017,"loop"
4018,"architectural"
4019,"criterion"
4020,"lively"
4021,"sleeve"
4022,"legendary"
4023,"cooperative"
4024,"objection"
4025,"harbor"
4026,"packet"
4027,"unaware"
4028,"follower"
4029,"indirect"
4030,"illusion"
4031,"lump"
4032,"pill"
4033,"tolerance"
4034,"probe"
4035,"circular"
4036,"shed"
4037,"horizontal"
4038,"usage"
4039,"junk"
4040,"sacrifice"
4041,"rotation"
4042,"magical"
4043,"calculation"
4044,"unbelievable"
4045,"interactive"
4046,"thoughtful"
4047,"transparent"
4048,"bolt"
4049,"vaccine"
4050,"naive"
4051,"facial"
4052,"destiny"
4053,"aluminum"
4054,"starter"
4055,"stereo"
4056,"gallon"
4057,"unwanted"
4058,"relaxation"
4059,"astronomer"
4060,"bulb"
4061,"layout"
4062,"outsider"
4063,"cease"
4064,"dental"
4065,"ramp"
4066,"cheat"
4067,"sketch"
4068,"scarf"
4069,"dash"
4070,"regain"
4071,"rumor"
4072,"astronomy"
4073,"illegally"
4074,"carve"
4075,"tidy"
4076,"tomb"
4077,"litter"
4078,"inequality"
4079,"bug"
4080,"viewpoint"
4081,"lifelong"
4082,"airway"
4083,"roller"
4084,"settler"
4085,"cooperate"
4086,"parcel"
4087,"overweight"
4088,"infectious"
4089,"newcomer"
4090,"crush"
4091,"plug"
4092,"pearl"
4093,"upward"
4094,"coconut"
4095,"revive"
4096,"baggage"
4097,"overlap"
4098,"plantation"
4099,"reassure"
4100,"multiply"
4101,"leak"
4102,"globalization"
4103,"intersection"
4104,"spacious"
4105,"descend"
4106,"unrealistic"
4107,"willow"
4108,"expectancy"
4109,"cleanup"
4110,"compliment"
4111,"dinosaur"
4112,"screw"
4113,"maximize"
4114,"deprive"
4115,"bakery"
4116,"drastically"
4117,"usefulness"
4118,"troublesome"
4119,"pedestrian"
4120,"poisonous"
4121,"sway"
4122,"belonging"
4123,"schoolchild"
4124,"allergic"
4125,"nap"
4126,"bully"
4127,"southwestern"
4128,"commuter"
4129,"relay"
4130,"unaffected"
4131,"broaden"
4132,"tease"
4133,"rainforest"
4134,"cheaply"
4135,"interruption"
4136,"glacier"
4137,"digit"
4138,"latitude"
4139,"delete"
4140,"footprint"
4141,"digest"
4142,"helper"
4143,"mar"
4144,"advantageous"
4145,"lizard"
4146,"password"
4147,"believable"
4148,"blight"
4149,"unfavorable"
4150,"soybean"
4151,"coverage"
4152,"presidential"
4153,"investor"
4154,"clinical"
4155,"significance"
4156,"symptom"
4157,"exposure"
4158,"therapy"
4159,"distinction"
4160,"sequence"
4161,"representation"
4162,"asset"
4163,"deficit"
4164,"consent"
4165,"stability"
4166,"modest"
4167,"fate"
4168,"bureau"
4169,"mutual"
4170,"identification"
4171,"evident"
4172,"debut"
4173,"consultant"
4174,"controversy"
4175,"defensive"
4176,"premise"
4177,"subsequently"
4178,"diagnosis"
4179,"rating"
4180,"consensus"
4181,"chronic"
4182,"corridor"
4183,"legitimate"
4184,"elite"
4185,"functional"
4186,"abstract"
4187,"database"
4188,"nonetheless"
4189,"ongoing"
4190,"revolutionary"
4191,"legacy"
4192,"undoubtedly"
4193,"radiation"
4194,"isolation"
4195,"verbal"
4196,"acquisition"
4197,"canal"
4198,"medieval"
4199,"disability"
4200,"ward"
4201,"episode"
4202,"mainstream"
4203,"removal"
4204,"adoption"
4205,"inadequate"
4206,"insight"
4207,"attendance"
4208,"hostile"
4209,"observer"
4210,"exclusively"
4211,"profound"
4212,"utility"
4213,"infant"
4214,"crystal"
4215,"minimal"
4216,"symbolic"
4217,"complexity"
4218,"scenario"
4219,"deadly"
4220,"formerly"
4221,"severely"
4222,"progressive"
4223,"counsel"
4224,"basement"
4225,"conversion"
4226,"exotic"
4227,"infrastructure"
4228,"withdrawal"
4229,"distress"
4230,"combat"
4231,"graphic"
4232,"completion"
4233,"declaration"
4234,"syndrome"
4235,"binding"
4236,"advocate"
4237,"closure"
4238,"diabetes"
4239,"socially"
4240,"monetary"
4241,"outlook"
4242,"fatal"
4243,"fraction"
4244,"furious"
4245,"anonymous"
4246,"vessel"
4247,"copper"
4248,"toxic"
4249,"duration"
4250,"intact"
4251,"prescription"
4252,"continental"
4253,"likelihood"
4254,"likewise"
4255,"segment"
4256,"texture"
4257,"arena"
4258,"magnetic"
4259,"immune"
4260,"excess"
4261,"rejection"
4262,"compliance"
4263,"succession"
4264,"breakdown"
4265,"workforce"
4266,"pulse"
4267,"behavioral"
4268,"fragment"
4269,"consistency"
4270,"counterpart"
4271,"relevance"
4272,"certainty"
4273,"rack"
4274,"supportive"
4275,"dense"
4276,"toll"
4277,"temporarily"
4278,"organizational"
4279,"pad"
4280,"preservation"
4281,"permanently"
4282,"shield"
4283,"diagnose"
4284,"competent"
4285,"installation"
4286,"hydrogen"
4287,"continually"
4288,"confirmation"
4289,"enforce"
4290,"supplier"
4291,"characterize"
4292,"sphere"
4293,"municipal"
4294,"authentic"
4295,"motive"
4296,"confront"
4297,"intake"
4298,"reconstruction"
4299,"nationally"
4300,"comply"
4301,"capability"
4302,"trader"
4303,"frontier"
4304,"technically"
4305,"evolutionary"
4306,"merger"
4307,"complication"
4308,"dominance"
4309,"embrace"
4310,"problematic"
4311,"adjacent"
4312,"vegetation"
4313,"unacceptable"
4314,"evenly"
4315,"intermediate"
4316,"vicious"
4317,"supervisor"
4318,"countless"
4319,"conceive"
4320,"violation"
4321,"editorial"
4322,"trait"
4323,"coordinator"
4324,"reproductive"
4325,"retailer"
4326,"organism"
4327,"disastrous"
4328,"unusually"
4329,"patent"
4330,"excellence"
4331,"compact"
4332,"prone"
4333,"slot"
4334,"confidential"
4335,"seasonal"
4336,"undermine"
4337,"surplus"
4338,"drain"
4339,"nationwide"
4340,"applicant"
4341,"hemisphere"
4342,"stack"
4343,"correction"
4344,"epidemic"
4345,"archive"
4346,"maturity"
4347,"attachment"
4348,"freshman"
4349,"muddy"
4350,"tolerate"
4351,"ash"
4352,"outbreak"
4353,"booth"
4354,"dietary"
4355,"vendor"
4356,"disappearance"
4357,"reliance"
4358,"vacant"
4359,"strand"
4360,"overlook"
4361,"continuously"
4362,"renewal"
4363,"brochure"
4364,"transplant"
4365,"opt"
4366,"extensively"
4367,"rehearsal"
4368,"geographic (geographical)"
4369,"revision"
4370,"endure"
4371,"discomfort"
4372,"upcoming"
4373,"pioneer"
4374,"recipient"
4375,"contend"
4376,"portray"
4377,"favorable"
4378,"critically"
4379,"triple"
4380,"exceptionally"
4381,"anthropology"
4382,"feasible"
4383,"questionable"
4384,"narrowly"
4385,"logo"
4386,"atmospheric"
4387,"omit"
4388,"devise"
4389,"compartment"
4390,"steer"
4391,"pharmaceutical"
4392,"ineffective"
4393,"listing"
4394,"unrelated"
4395,"offshore"
4396,"tentative"
4397,"conceal"
4398,"niche"
4399,"visa"
4400,"aggressively"
4401,"catalog"
4402,"dissolve"
4403,"mutually"
4404,"induce"
4405,"persist"
4406,"quota"
4407,"genetically"
4408,"overly"
4409,"formulate"
4410,"defective"
4411,"inspect"
4412,"metallic"
4413,"advancement"
4414,"retrieve"
4415,"spark"
4416,"provoke"
4417,"diminish"
4418,"supplement"
4419,"pesticide"
4420,"volcanic"
4421,"prevail"
4422,"dean"
4423,"abrupt"
4424,"enact"
4425,"utter"
4426,"contributor"
4427,"endorse"
4428,"knowledgeable"
4429,"hygiene"
4430,"millennium"
4431,"preferable"
4432,"introductory"
4433,"withstand"
4434,"congestion"
4435,"transmit"
4436,"cultivation"
4437,"attain"
4438,"accomplishment"
4439,"accelerate"
4440,"irrigation"
4441,"odor"
4442,"biodiversity"
4443,"shrink"
4444,"witty"
4445,"reconcile"
4446,"erect"
4447,"violate"
4448,"tolerant"
4449,"inefficient"
4450,"disrupt"
4451,"strive"
4452,"populate"
4453,"impair"
4454,"flourish"
4455,"expel"
4456,"unveil"
4457,"discard"
4458,"authorize"
4459,"unreliable"
4460,"infrared"
4461,"tilt"
4462,"exaggerate"
4463,"transcript"
4464,"mold"
4465,"navigate"
4466,"activate"
4467,"insure"
4468,"workload"
4469,"inflict"
4470,"excavation"
4471,"erode"
4472,"rotate"
4473,"outdated"
4474,"notify"
4475,"utilize"
4476,"esteem"
4477,"inject"
4478,"furnish"
4479,"starve"
4480,"marking"
4481,"orient"
4482,"proficiency"
4483,"toxin"
4484,"livelihood"
4485,"endeavor"
4486,"drawback"
4487,"download"
4488,"mistakenly"
4489,"fauna"
4490,"scientifically"
4491,"buildup"
4492,"infer"
4493,"illuminate"
4494,"intensify"
4495,"contradict"
4496,"pharmacy"
4497,"confer"
4498,"geology"
4499,"ion"
4500,"reconstruct"
4501,"simulate"
4502,"aerobics"
4503,"replicate"
4504,"beverage"
4505,"deteriorate"
4506,"refine"
4507,"onward"
4508,"commence"
4509,"hinge"
4510,"flatten"
4511,"submerge"
4512,"concise"
4513,"collide"
4514,"incline"
4515,"impede"
4516,"dimensional"
4517,"grassland"
4518,"evaporation"
4519,"unify"
4520,"renovate"
4521,"duplicate"
4522,"worsen"
4523,"symbolize"
4524,"seawater"
4525,"remodel"
4526,"hell"
4527,"murder"
4528,"parliament"
4529,"governor"
4530,"liberal"
4531,"alright"
4532,"attorney"
4533,"jury"
4534,"voter"
4535,"supreme"
4536,"recession"
4537,"republic"
4538,"variable"
4539,"inflation"
4540,"bid"
4541,"suicide"
4542,"holy"
4543,"breast"
4544,"communist"
4545,"desperate"
4546,"silly"
4547,"racial"
4548,"academy"
4549,"squad"
4550,"framework"
4551,"prisoner"
4552,"mortgage"
4553,"potentially"
4554,"enforcement"
4555,"coalition"
4556,"opera"
4557,"terror"
4558,"prevention"
4559,"darling"
4560,"prosecution"
4561,"politically"
4562,"horrible"
4563,"silk"
4564,"experimental"
4565,"ratio"
4566,"prayer"
4567,"deliberately"
4568,"dirt"
4569,"gang"
4570,"ridiculous"
4571,"reflection"
4572,"discrimination"
4573,"decent"
4574,"dealer"
4575,"structural"
4576,"institutional"
4577,"collective"
4578,"implementation"
4579,"terrorism"
4580,"handful"
4581,"fraud"
4582,"narrator"
4583,"nasty"
4584,"intensity"
4585,"liberty"
4586,"sheer"
4587,"sensible"
4588,"breach"
4589,"spectacular"
4590,"chin"
4591,"essence"
4592,"versus (vs)"
4593,"reckon"
4594,"purely"
4595,"chaos"
4596,"acute"
4597,"testimony"
4598,"transformation"
4599,"pit"
4600,"separation"
4601,"expenditure"
4602,"refugee"
4603,"allegation"
4604,"horizon"
4605,"superb"
4606,"patch"
4607,"frankly"
4608,"receiver"
4609,"rubbish"
4610,"simultaneously"
4611,"shareholder"
4612,"cholesterol"
4613,"tender"
4614,"nightmare"
4615,"canvas"
4616,"carriage"
4617,"integrity"
4618,"corps"
4619,"ambassador"
4620,"auction"
4621,"sole"
4622,"peer"
4623,"liver"
4624,"pregnancy"
4625,"premier"
4626,"federation"
4627,"waist"
4628,"wolf"
4629,"pursuit"
4630,"corruption"
4631,"heel"
4632,"dose"
4633,"virtue"
4634,"hypothesis"
4635,"fool"
4636,"theft"
4637,"breeze"
4638,"amid"
4639,"legislative"
4640,"faint"
4641,"optimistic"
4642,"practitioner"
4643,"consultation"
4644,"sodium"
4645,"equity"
4646,"bold"
4647,"curtain"
4648,"compromise"
4649,"partial"
4650,"tactic"
4651,"notably"
4652,"validity"
4653,"companion"
4654,"comparable"
4655,"correlation"
4656,"lad"
4657,"constraint"
4658,"spectrum"
4659,"bias"
4660,"charter"
4661,"jurisdiction"
4662,"shallow"
4663,"accent"
4664,"tray"
4665,"engagement"
4666,"disappointment"
4667,"preliminary"
4668,"stance"
4669,"sufficiently"
4670,"magnificent"
4671,"cruel"
4672,"caller"
4673,"terribly"
4674,"unfortunate"
4675,"wrist"
4676,"stimulus"
4677,"dignity"
4678,"solely"
4679,"imperial"
4680,"suburban"
4681,"pity"
4682,"aesthetic"
4683,"inn"
4684,"sin"
4685,"timber"
4686,"embassy"
4687,"intent"
4688,"sexually"
4689,"incidence"
4690,"loyalty"
4691,"gravel"
4692,"aggression"
4693,"minus"
4694,"regulatory"
4695,"lesser"
4696,"missile"
4697,"confine"
4698,"collaboration"
4699,"substantially"
4700,"civic"
4701,"constitute"
4702,"adolescent"
4703,"credibility"
4704,"remarkably"
4705,"auto"
4706,"barrel"
4707,"offense"
4708,"anchor"
4709,"abruptly"
4710,"philosophical"
4711,"successive"
4712,"silently"
4713,"tenant"
4714,"undertake"
4715,"laser"
4716,"loyal"
4717,"advisory"
4718,"junction"
4719,"globe"
4720,"diesel"
4721,"elaborate"
4722,"execution"
4723,"skull"
4724,"quest"
4725,"celebrity"
4726,"headline"
4727,"counseling"
4728,"neatly"
4729,"scent"
4730,"sympathetic"
4731,"inherent"
4732,"caution"
4733,"guardian"
4734,"explicitly"
4735,"marble"
4736,"reliability"
4737,"basin"
4738,"persistent"
4739,"probability"
4740,"terrace"
4741,"despair"
4742,"offender"
4743,"hierarchy"
4744,"lamb"
4745,"dilemma"
4746,"momentum"
4747,"supervision"
4748,"magnitude"
4749,"prospective"
4750,"rigid"
4751,"eligible"
4752,"nomination"
4753,"erosion"
4754,"realm"
4755,"stitch"
4756,"beard"
4757,"inclusion"
4758,"psychiatric"
4759,"calcium"
4760,"transit"
4761,"foolish"
4762,"jungle"
4763,"paradise"
4764,"passionate"
4765,"unprecedented"
4766,"forthcoming"
4767,"colony"
4768,"salon"
4769,"threshold"
4770,"surveillance"
4771,"rehabilitation"
4772,"albeit"
4773,"closet"
4774,"penny"
4775,"mobility"
4776,"delegate"
4777,"chill"
4778,"norm"
4779,"hut"
4780,"alley"
4781,"bull"
4782,"evidently"
4783,"precision"
4784,"correspondence"
4785,"cluster"
4786,"saint"
4787,"deem"
4788,"portfolio"
4789,"turnover"
4790,"descent"
4791,"immense"
4792,"pickup"
4793,"expedition"
4794,"hopeful"
4795,"lone"
4796,"subsidy"
4797,"developer"
4798,"encouragement"
4799,"ace"
4800,"shrimp"
4801,"aloud"
4802,"hatred"
4803,"tremble"
4804,"lounge"
4805,"handy"
4806,"surge"
4807,"trauma"
4808,"par"
4809,"sunset"
4810,"lawsuit"
4811,"emergence"
4812,"remainder"
4813,"patrol"
4814,"indicator"
4815,"selective"
4816,"dragon"
4817,"allocation"
4818,"resignation"
4819,"helmet"
4820,"viable"
4821,"fond"
4822,"entity"
4823,"integral"
4824,"mandate"
4825,"emotionally"
4826,"decisive"
4827,"fertility"
4828,"adverse"
4829,"scary"
4830,"homeland"
4831,"cord"
4832,"symphony"
4833,"longtime"
4834,"therapist"
4835,"warehouse"
4836,"journalism"
4837,"accordance"
4838,"sour"
4839,"jealous"
4840,"shaft"
4841,"arrow"
4842,"execute"
4843,"adequately"
4844,"respective"
4845,"predictable"
4846,"photographic"
4847,"composer"
4848,"explosive"
4849,"sociology"
4850,"moisture"
4851,"rim"
4852,"protocol"
4853,"individually"
4854,"vinegar"
4855,"appetite"
4856,"builder"
4857,"detection"
4858,"circus"
4859,"inventory"
4860,"owl"
4861,"mandatory"
4862,"genre"
4863,"aboard"
4864,"gauge"
4865,"gut"
4866,"coincidence"
4867,"foam"
4868,"continuity"
4869,"denial"
4870,"operational"
4871,"situate"
4872,"routinely"
4873,"firstly"
4874,"applicable"
4875,"detention"
4876,"negligence"
4877,"bubble"
4878,"fundamentally"
4879,"flee"
4880,"premium"
4881,"courtyard"
4882,"temptation"
4883,"spouse"
4884,"handicap"
4885,"thigh"
4886,"sickness"
4887,"occurrence"
4888,"mathematical"
4889,"recorder"
4890,"molecule"
4891,"aspiration"
4892,"width"
4893,"reluctantly"
4894,"sentiment"
4895,"hazardous"
4896,"riot"
4897,"coherent"
4898,"comeback"
4899,"aviation"
4900,"exploitation"
4901,"optional"
4902,"helpless"
4903,"tile"
4904,"impulse"
4905,"aisle"
4906,"ribbon"
4907,"visually"
4908,"gossip"
4909,"intervene"
4910,"apology"
4911,"diagnostic"
4912,"curl"
4913,"toss"
4914,"spontaneous"
4915,"advocacy"
4916,"worship"
4917,"ram"
4918,"doubtful"
4919,"disciplinary"
4920,"dome"
4921,"ham"
4922,"discharge"
4923,"calmly"
4924,"fatigue"
4925,"appendix"
4926,"compulsory"
4927,"promptly"
4928,"trigger"
4929,"vigorous"
4930,"appropriately"
4931,"abundance"
4932,"compatible"
4933,"swift"
4934,"apparatus"
4935,"backyard"
4936,"nitrogen"
4937,"resign"
4938,"manuscript"
4939,"ideally"
4940,"archaeological"
4941,"territorial"
4942,"optical"
4943,"guitarist"
4944,"prestigious"
4945,"nonprofit"
4946,"secretly"
4947,"spy"
4948,"allocate"
4949,"axis"
4950,"solitary"
4951,"marketplace"
4952,"velocity"
4953,"spur"
4954,"submission"
4955,"staircase"
4956,"grasp"
4957,"cane"
4958,"triangle"
4959,"corrupt"
4960,"remedy"
4961,"marker"
4962,"upright"
4963,"reinforce"
4964,"eventual"
4965,"governmental"
4966,"infinite"
4967,"understandable"
4968,"donor"
4969,"synthetic"
4970,"accusation"
4971,"hostage"
4972,"borrowing"
4973,"proliferation"
4974,"dam"
4975,"politely"
4976,"athletics"
4977,"pipeline"
4978,"predecessor"
4979,"vain"
4980,"moist"
4981,"plausible"
4982,"vein"
4983,"ecology"
4984,"goat"
4985,"sandy"
4986,"unexpectedly"
4987,"gardener"
4988,"repetition"
4989,"cellular"
4990,"workout"
4991,"sibling"
4992,"creator"
4993,"embed"
4994,"violently"
4995,"unpredictable"
4996,"locker"
4997,"madam (madame)"
4998,"sausage"
4999,"serial"
5000,"posture"
5001,"inferior"
5002,"nylon"
5003,"herd"
5004,"foil"
5005,"stumble"
5006,"pal"
5007,"initiate"
5008,"hazard"
5009,"comprehension"
5010,"constructive"
5011,"postal"
5012,"antibiotic"
5013,"bundle"
5014,"ethnicity"
5015,"valve"
5016,"susceptible"
5017,"morally"
5018,"inconsistent"
5019,"novelist"
5020,"temporal"
5021,"dubious"
5022,"heap"
5023,"abnormal"
5024,"unsuccessful"
5025,"patron"
5026,"nephew"
5027,"perfume"
5028,"confess"
5029,"recreational"
5030,"clearance"
5031,"dependency"
5032,"cement"
5033,"appraisal"
5034,"badge"
5035,"definitive"
5036,"thrust"
5037,"trivial"
5038,"healthcare"
5039,"arc"
5040,"paperwork"
5041,"kindness"
5042,"assert"
5043,"lightweight"
5044,"woodland"
5045,"charcoal"
5046,"mound"
5047,"scrap"
5048,"stall"
5049,"compel"
5050,"reef"
5051,"chalk"
5052,"cylinder"
5053,"hormone"
5054,"ignorant"
5055,"renowned"
5056,"dedication"
5057,"grandson"
5058,"rookie"
5059,"disturbance"
5060,"defect"
5061,"immunity"
5062,"atom"
5063,"cling"
5064,"procedural"
5065,"redundancy"
5066,"gum"
5067,"disclose"
5068,"petroleum"
5069,"drainage"
5070,"bankrupt"
5071,"thermal"
5072,"superiority"
5073,"customary"
5074,"shrub"
5075,"blunt"
5076,"trillion"
5077,"fishery"
5078,"accumulation"
5079,"formulation"
5080,"upside"
5081,"casting"
5082,"proportional"
5083,"specialty"
5084,"cue"
5085,"detector"
5086,"freezer"
5087,"oval"
5088,"stun"
5089,"bachelor"
5090,"batch"
5091,"aerial"
5092,"instability"
5093,"cabbage"
5094,"correlate"
5095,"coarse"
5096,"hurdle"
5097,"philosopher"
5098,"altitude"
5099,"daytime"
5100,"impairment"
5101,"bilateral"
5102,"drastic"
5103,"forbid"
5104,"oneself"
5105,"cereal"
5106,"ginger"
5107,"carbohydrate"
5108,"undertaking"
5109,"insider"
5110,"projection"
5111,"ditch"
5112,"meaningless"
5113,"focal"
5114,"idle"
5115,"canoe"
5116,"wholesale"
5117,"reunion"
5118,"timetable"
5119,"quartet"
5120,"enthusiast"
5121,"physiological"
5122,"irregular"
5123,"massage"
5124,"prairie"
5125,"environmentalist"
5126,"necklace"
5127,"urgently"
5128,"imitation"
5129,"overview"
5130,"coordination"
5131,"cuisine"
5132,"tangible"
5133,"temperament"
5134,"prevalent"
5135,"strap"
5136,"manipulate"
5137,"nun"
5138,"hospitality"
5139,"comprise"
5140,"unpopular"
5141,"certification"
5142,"inland"
5143,"persistence"
5144,"correspond"
5145,"goose"
5146,"professionally"
5147,"tutor"
5148,"patiently"
5149,"acoustic"
5150,"novelty"
5151,"excite"
5152,"novice"
5153,"conform"
5154,"presume"
5155,"chaotic"
5156,"dip"
5157,"standpoint"
5158,"saga"
5159,"sentimental"
5160,"homeowner"
5161,"collectively"
5162,"groove"
5163,"skeleton"
5164,"pinch"
5165,"invaluable"
5166,"forestry"
5167,"motif"
5168,"sincere"
5169,"incur"
5170,"autobiography"
5171,"voluntarily"
5172,"compression"
5173,"vastly"
5174,"famine"
5175,"friction"
5176,"sunglass"
5177,"flora"
5178,"uphold"
5179,"canyon"
5180,"radioactive"
5181,"pat"
5182,"obesity"
5183,"hug"
5184,"acquaintance"
5185,"migrant"
5186,"fixture"
5187,"conquest"
5188,"plague"
5189,"periodic"
5190,"rubble"
5191,"clerical"
5192,"slogan"
5193,"specification"
5194,"messenger"
5195,"tighten"
5196,"battlefield"
5197,"wreck"
5198,"elimination"
5199,"greedy"
5200,"commercially"
5201,"timely"
5202,"plaque"
5203,"meadow"
5204,"irresponsible"
5205,"differentiate"
5206,"eternity"
5207,"deter"
5208,"wedge"
5209,"crawl"
5210,"simultaneous"
5211,"descendant"
5212,"suppress"
5213,"shatter"
5214,"mini"
5215,"splash"
5216,"reversal"
5217,"fingertip"
5218,"subscription"
5219,"burger"
5220,"stew"
5221,"persuasive"
5222,"hatch"
5223,"server"
5224,"knight"
5225,"dwelling"
5226,"sensor"
5227,"hardship"
5228,"beneficiary"
5229,"deficiency"
5230,"conspicuous"
5231,"cumulative"
5232,"smoker"
5233,"cedar"
5234,"contemplate"
5235,"chilly"
5236,"moderately"
5237,"downward"
5238,"flaw"
5239,"coincide"
5240,"handbook"
5241,"handbag"
5242,"deterioration"
5243,"brisk"
5244,"myriad"
5245,"rivalry"
5246,"catastrophic"
5247,"elevation"
5248,"drummer"
5249,"haul"
5250,"lighter"
5251,"numerical"
5252,"recurrence"
5253,"prescribe"
5254,"cushion"
5255,"folder"
5256,"affluent"
5257,"proponent"
5258,"alcoholic"
5259,"clumsy"
5260,"dictate"
5261,"soften"
5262,"climax"
5263,"radius"
5264,"wrongly"
5265,"leaflet"
5266,"reactor"
5267,"stain"
5268,"seafood"
5269,"segregation"
5270,"inaugural"
5271,"alteration"
5272,"systemic"
5273,"turbulent"
5274,"breadth"
5275,"spacecraft"
5276,"disgrace"
5277,"precaution"
5278,"sediment"
5279,"apprentice"
5280,"spike"
5281,"pillar"
5282,"informative"
5283,"pumpkin"
5284,"confidentiality"
5285,"supplementary"
5286,"buffalo"
5287,"tidal"
5288,"merchandise"
5289,"bracket"
5290,"faulty"
5291,"irrespective"
5292,"exert"
5293,"metabolism"
5294,"renewable"
5295,"masterpiece"
5296,"smash"
5297,"richness"
5298,"ethic"
5299,"adulthood"
5300,"noun"
5301,"vitality"
5302,"shove"
5303,"comprehend"
5304,"inclination"
5305,"intuition"
5306,"discrepancy"
5307,"hypertension"
5308,"warmly"
5309,"vicinity"
5310,"underwater"
5311,"explanatory"
5312,"contingency"
5313,"humidity"
5314,"trench"
5315,"intentionally"
5316,"bearing"
5317,"entail"
5318,"geological"
5319,"pleasantly"
5320,"goldfish"
5321,"complement"
5322,"inclusive"
5323,"downturn"
5324,"paramount"
5325,"enhancement"
5326,"intrigue"
5327,"hare"
5328,"oyster"
5329,"nominal"
5330,"scenic"
5331,"dementia"
5332,"coordinate"
5333,"remotely"
5334,"southeastern"
5335,"chiefly"
5336,"ventilation"
5337,"repay"
5338,"circulate"
5339,"unused"
5340,"memoir"
5341,"downhill"
5342,"hardy"
5343,"intentional"
5344,"continual"
5345,"auditorium"
5346,"dissolution"
5347,"hectic"
5348,"adventurous"
5349,"hectare"
5350,"divert"
5351,"embody"
5352,"childish"
5353,"summon"
5354,"boycott"
5355,"offset"
5356,"luncheon"
5357,"influx"
5358,"illicit"
5359,"unavailable"
5360,"digestion"
5361,"indispensable"
5362,"blindness"
5363,"singular"
5364,"voucher"
5365,"motto"
5366,"admirable"
5367,"promotional"
5368,"banquet"
5369,"inexperienced"
5370,"warranty"
5371,"turbulence"
5372,"transparency"
5373,"tornado"
5374,"enclosure"
5375,"pollutant"
5376,"experimentation"
5377,"modernization"
5378,"activation"
5379,"marsh"
5380,"intrusion"
5381,"contaminate"
5382,"pertinent"
5383,"spear"
5384,"cram"
5385,"subscriber"
5386,"showcase"
5387,"alleviate"
5388,"cyclist"
5389,"renovation"
5390,"contingent"
5391,"catalyst"
5392,"unsuitable"
5393,"incorporation"
5394,"unequal"
5395,"sufferer"
5396,"pathway"
5397,"discriminate"
5398,"haircut"
5399,"stationary"
5400,"designation"
5401,"evoke"
5402,"elastic"
5403,"spokesperson"
5404,"exterior"
5405,"zinc"
5406,"pest"
5407,"fungus"
5408,"lastly"
5409,"reinforcement"
5410,"lure"
5411,"seam"
5412,"inhibit"
5413,"tariff"
5414,"disperse"
5415,"terrestrial"
5416,"disguise"
5417,"align"
5418,"underlie"
5419,"portal"
5420,"kidnap"
5421,"restrain"
5422,"hesitant"
5423,"rethink"
5424,"receptionist"
5425,"captivity"
5426,"lighthouse"
5427,"squirrel"
5428,"downstream"
5429,"pollen"
5430,"ornament"
5431,"abnormality"
5432,"blur"
5433,"carbonate"
5434,"ore"
5435,"caretaker"
5436,"inward"
5437,"dissatisfied"
5438,"evacuate"
5439,"accessibility"
5440,"unfold"
5441,"canon"
5442,"physicist"
5443,"erupt"
5444,"rust"
5445,"linguistics"
5446,"communicative"
5447,"comb"
5448,"aerobic"
5449,"quarterly"
5450,"stagger"
5451,"bin"
5452,"deduction"
5453,"ascertain"
5454,"imperative"
5455,"overdue"
5456,"unfairly"
5457,"seizure"
5458,"halve"
5459,"discern"
5460,"centrally"
5461,"predominant"
5462,"exempt"
5463,"haunt"
5464,"unanimously"
5465,"displace"
5466,"cucumber"
5467,"disparity"
5468,"seedling"
5469,"microscopic"
5470,"furnace"
5471,"vertically"
5472,"breeder"
5473,"shave"
5474,"hallmark"
5475,"edible"
5476,"reorganization"
5477,"nickel"
5478,"forge"
5479,"spontaneously"
5480,"climatic"
5481,"runoff"
5482,"turbine"
5483,"handmade"
5484,"reside"
5485,"hydraulic"
5486,"subscribe"
5487,"implant"
5488,"stalk"
5489,"consolidate"
5490,"brewer"
5491,"partition"
5492,"metabolic"
5493,"encompass"
5494,"firsthand"
5495,"temperate"
5496,"stabilize"
5497,"literate"
5498,"broadcaster"
5499,"unconsciously"
5500,"infancy"
5501,"grind"
5502,"genesis"
5503,"inception"
5504,"precede"
5505,"bleed"
5506,"noodle"
5507,"acquaint"
5508,"capita"
5509,"biotechnology"
5510,"headphone"
5511,"vomit"
5512,"confinement"
5513,"reliably"
5514,"resin"
5515,"groundwater"
5516,"automotive"
5517,"artificially"
5518,"residency"
5519,"pigment"
5520,"excerpt"
5521,"caffeine"
5522,"collateral"
5523,"shoreline"
5524,"sizable"
5525,"electronically"
5526,"adversely"
5527,"pronunciation"
5528,"objectively"
5529,"stratum"
5530,"acclaim"
5531,"verification"
5532,"incremental"
5533,"physiology"
5534,"alternately"
5535,"elevate"
5536,"laborer"
5537,"overturn"
5538,"embryonic"
5539,"excursion"
5540,"exhaustive"
5541,"cape"
5542,"scarcity"
5543,"approximate"
5544,"rink"
5545,"mimic"
5546,"exacerbate"
5547,"roommate"
5548,"utilization"
5549,"uphill"
5550,"tailor"
5551,"intercept"
5552,"mobilize"
5553,"pastime"
5554,"unlock"
5555,"recreate"
5556,"tame"
5557,"chloride"
5558,"globally"
5559,"ancestry"
5560,"cookbook"
5561,"harden"
5562,"shipment"
5563,"unintended"
5564,"depletion"
5565,"empower"
5566,"robotic"
5567,"ordinance"
5568,"rewrite"
5569,"recede"
5570,"beak"
5571,"scattering"
5572,"hourly"
5573,"outweigh"
5574,"wavelength"
5575,"emigration"
5576,"secondhand"
5577,"hinder"
5578,"envision"
5579,"contagious"
5580,"slowdown"
5581,"dispatch"
5582,"fasten"
5583,"programmer"
5584,"refrain"
5585,"nurture"
5586,"precursor"
5587,"itinerary"
5588,"lapse"
5589,"specialization"
5590,"unload"
5591,"override"
5592,"spectral"
5593,"biologically"
5594,"semiconductor"
5595,"invertebrate"
5596,"trouser"
5597,"entrust"
5598,"pathogen"
5599,"relocation"
5600,"withhold"
5601,"mitigate"
5602,"mountainous"
5603,"knockout"
5604,"prolong"
5605,"elm"
5606,"quartz"
5607,"disregard"
5608,"acorn"
5609,"sulfur"
5610,"reed"
5611,"inconsistency"
5612,"pave"
5613,"compute"
5614,"dismantle"
5615,"childcare"
5616,"metropolis"
5617,"recite"
5618,"slum"
5619,"ceasefire"
5620,"vapor"
5621,"bookshop"
5622,"spawn"
5623,"heighten"
5624,"spaceship"
5625,"degrade"
5626,"violet"
5627,"gorilla"
5628,"tenet"
5629,"mislead"
5630,"wrestle"
5631,"medicinal"
5632,"naturalist"
5633,"dilute"
5634,"plural"
5635,"plume"
5636,"equator"
5637,"acidic"
5638,"sucker"
5639,"revolve"
5640,"cashier"
5641,"auxiliary"
5642,"deforestation"
5643,"lyric"
5644,"multiplication"
5645,"cherish"
5646,"projector"
5647,"deepen"
5648,"excavate"
5649,"intern"
5650,"diseased"
5651,"soluble"
5652,"leakage"
5653,"germ"
5654,"evaporate"
5655,"municipality"
5656,"bibliography"
5657,"ration"
5658,"pickle"
5659,"liberate"
5660,"capitalize"
5661,"dormitory"
5662,"mourn"
5663,"augment"
5664,"reptile"
5665,"bookcase"
5666,"westward"
5667,"propel"
5668,"restructure"
5669,"urn"
5670,"primate"
5671,"ethnically"
5672,"halftime"
5673,"pierce"
5674,"migratory"
5675,"refute"
5676,"diversify"
5677,"inhale"
5678,"flatter"
5679,"generalize"
5680,"graze"
5681,"underscore"
5682,"astonish"
5683,"iris"
5684,"taint"
5685,"jumbo"
5686,"urbanization"
5687,"magnify"
5688,"outlaw"
5689,"ecologically"
5690,"saturate"
5691,"handout"
5692,"disconnect"
5693,"subsidize"
5694,"swimsuit"
5695,"riverside"
5696,"deduct"
5697,"informational"
5698,"fertilization"
5699,"disapprove"
5700,"ignite"
5701,"homo"
5702,"mathematician"
5703,"biomedical"
5704,"rearrange"
5705,"conveyer"
5706,"purification"
5707,"stagnation"
5708,"paralyze"
5709,"darken"
5710,"compress"
5711,"blueberry"
5712,"ensue"
5713,"allowable"
5714,"mascot"
5715,"ecologist"
5716,"memorize"
5717,"outnumber"
5718,"solicit"
5719,"converse"
5720,"accrue"
5721,"windmill"
5722,"midterm"
5723,"uptight"
5724,"recur"
5725,"movable"
5726,"lengthen"
5727,"eater"
5728,"replenish"
5729,"lifespan"
5730,"socialize"
5731,"incurable"
5732,"redesign"
5733,"sportswear"
5734,"intersect"
5735,"adventurer"
5736,"aggravate"
5737,"expend"
5738,"diverge"
5739,"photocopy"
5740,"stipulate"
5741,"fabricate"
5742,"aye"
5743,"bloody"
5744,"correspondent"
5745,"constitution"
5746,"cricket"
5747,"bind"
5748,"hence"
5749,"deputy"
5750,"shit"
5751,"duke"
5752,"amendment"
5753,"defendant"
5754,"pub"
5755,"constitutional"
5756,"abortion"
5757,"earnings"
5758,"assault"
5759,"discourse"
5760,"liability"
5761,"jail"
5762,"softly"
5763,"sidebar"
5764,"chancellor"
5765,"shrug"
5766,"rape"
5767,"whilst"
5768,"acre"
5769,"cottage"
5770,"killer"
5771,"sergeant"
5772,"amongst"
5773,"theoretical"
5774,"garlic"
5775,"judicial"
5776,"plaintiff"
5777,"commander"
5778,"disk"
5779,"clause"
5780,"congressional"
5781,"treasury"
5782,"creek"
5783,"cognitive"
5784,"parish"
5785,"parliamentary"
5786,"ugly"
5787,"ideology"
5788,"weird"
5789,"mortality"
5790,"colonel"
5791,"statistical"
5792,"guilt"
5793,"statutory"
5794,"youngster"
5795,"solicitor"
5796,"mill"
5797,"endless"
5798,"bishop"
5799,"doorway"
5800,"colonial"
5801,"socialist"
5802,"ridge"
5803,"sheriff"
5804,"devil"
5805,"rod"
5806,"custody"
5807,"equation"
5808,"scandal"
5809,"forehead"
5810,"teaspoon"
5811,"ethical"
5812,"civilian"
5813,"sanction"
5814,"fantasy"
5815,"verdict"
5816,"ideological"
5817,"dimension"
5818,"commissioner"
5819,"doctrine"
5820,"parental"
5821,"magistrate"
5822,"evil"
5823,"rational"
5824,"ranger"
5825,"grin"
5826,"porch"
5827,"diplomatic"
5828,"champagne"
5829,"triumph"
5830,"damp"
5831,"domain"
5832,"grief"
5833,"cab"
5834,"neutral"
5835,"gifted"
5836,"myth"
5837,"narrative"
5838,"goodness"
5839,"olive"
5840,"capitalism"
5841,"bulk"
5842,"speculation"
5843,"courtesy"
5844,"rage"
5845,"conception"
5846,"veteran"
5847,"congressman"
5848,"convict"
5849,"racism"
5850,"landlord"
5851,"fiscal"
5852,"feminist"
5853,"earl"
5854,"electoral"
5855,"trophy"
5856,"autonomy"
5857,"belly"
5858,"gastric"
5859,"presidency"
5860,"straightforward"
5861,"couch"
5862,"tribute"
5863,"rhetoric"
5864,"quid"
5865,"murmur"
5866,"copyright"
5867,"damn"
5868,"sexuality"
5869,"conscience"
5870,"tablespoon"
5871,"affiliation"
5872,"sensitivity"
5873,"chronicle"
5874,"hurricane"
5875,"pope"
5876,"petrol"
5877,"conspiracy"
5878,"fleet"
5879,"supper"
5880,"ankle"
5881,"cathedral"
5882,"divine"
5883,"intimate"
5884,"proposition"
5885,"statute"
5886,"empirical"
5887,"lieutenant"
5888,"sexy"
5889,"widow"
5890,"cop"
5891,"privilege"
5892,"lace"
5893,"villa"
5894,"mutter"
5895,"prosecutor"
5896,"rifle"
5897,"census"
5898,"buck"
5899,"allegedly"
5900,"liable"
5901,"discretion"
5902,"rally"
5903,"justification"
5904,"terrific"
5905,"capitalist"
5906,"peasant"
5907,"chap"
5908,"wholly"
5909,"bankruptcy"
5910,"liberation"
5911,"systematic"
5912,"peculiar"
5913,"privately"
5914,"ranch"
5915,"bizarre"
5916,"striker"
5917,"borough"
5918,"legislature"
5919,"scrutiny"
5920,"linear"
5921,"particle"
5922,"taxpayer"
5923,"plea"
5924,"coup"
5925,"tribal"
5926,"bastard"
5927,"ego"
5928,"quarterback"
5929,"processor"
5930,"morality"
5931,"irony"
5932,"diagram"
5933,"revenge"
5934,"frown"
5935,"utterly"
5936,"theology"
5937,"cocaine"
5938,"competence"
5939,"heroin"
5940,"fuck"
5941,"accountability"
5942,"noble"
5943,"backing"
5944,"supposedly"
5945,"worthy"
5946,"virgin"
5947,"grim"
5948,"vintage"
5949,"conceptual"
5950,"dock"
5951,"matrix"
5952,"mercy"
5953,"chapel"
5954,"rebel"
5955,"affection"
5956,"exclusion"
5957,"developmental"
5958,"beautifully"
5959,"ballot"
5960,"fist"
5961,"ye"
5962,"swear"
5963,"holly"
5964,"secular"
5965,"beast"
5966,"misery"
5967,"bureaucracy"
5968,"faithful"
5969,"demographic"
5970,"outfit"
5971,"tribunal"
5972,"spatial"
5973,"pavement"
5974,"gorgeous"
5975,"constable"
5976,"glow"
5977,"nicely"
5978,"citizenship"
5979,"eyebrow"
5980,"revival"
5981,"dual"
5982,"clash"
5983,"bloke"
5984,"miner"
5985,"shiny"
5986,"irrelevant"
5987,"vocal"
5988,"confrontation"
5989,"occupational"
5990,"metaphor"
5991,"beloved"
5992,"trout"
5993,"rightly"
5994,"brutal"
5995,"amnesty"
5996,"dreadful"
5997,"defender"
5998,"serum"
5999,"provincial"
6000,"dough"
6001,"grid"
6002,"sovereignty"
6003,"scarcely"
6004,"bitch"
6005,"clarity"
6006,"referee"
6007,"genuinely"
6008,"contempt"
6009,"bacon"
6010,"naval"
6011,"socialism"
6012,"innocence"
6013,"refuge"
6014,"glorious"
6015,"franchise"
6016,"yarn"
6017,"raid"
6018,"oblige"
6019,"semantic"
6020,"interference"
6021,"abbey"
6022,"glimpse"
6023,"limb"
6024,"petition"
6025,"taxation"
6026,"prevalence"
6027,"spine"
6028,"parameter"
6029,"fortnight"
6030,"sack"
6031,"interim"
6032,"fabulous"
6033,"spokeswoman"
6034,"marginal"
6035,"constituency"
6036,"fury"
6037,"mist"
6038,"dusty"
6039,"dynamics"
6040,"classification"
6041,"coffin"
6042,"whereby"
6043,"ass"
6044,"reportedly"
6045,"knit"
6046,"torture"
6047,"gospel"
6048,"invariably"
6049,"fetch"
6050,"subjective"
6051,"midst"
6052,"wee"
6053,"instructional"
6054,"harassment"
6055,"cult"
6056,"blonde (blond)"
6057,"trustee"
6058,"swiftly"
6059,"wicked"
6060,"freshly"
6061,"verse"
6062,"pillow"
6063,"wildly"
6064,"velvet"
6065,"cemetery"
6066,"optimism"
6067,"surgical"
6068,"static"
6069,"critique"
6070,"successor"
6071,"litigation"
6072,"footstep"
6073,"isle"
6074,"pint"
6075,"casualty"
6076,"audit"
6077,"inmate"
6078,"commentary"
6079,"hostility"
6080,"whatsoever"
6081,"choir"
6082,"ignorance"
6083,"finely"
6084,"temper"
6085,"reign"
6086,"fake"
6087,"grove"
6088,"nationalism"
6089,"assurance"
6090,"compost"
6091,"trio"
6092,"superintendent"
6093,"mistress"
6094,"warfare"
6095,"lengthy"
6096,"daylight"
6097,"blessing"
6098,"predominantly"
6099,"mighty"
6100,"jar"
6101,"galaxy"
6102,"instrumental"
6103,"applause"
6104,"gown"
6105,"revelation"
6106,"causal"
6107,"vaguely"
6108,"propaganda"
6109,"salvation"
6110,"whisky"
6111,"lodge"
6112,"ferry"
6113,"juvenile"
6114,"rib"
6115,"sponsorship"
6116,"absurd"
6117,"tenure"
6118,"madness"
6119,"dividend"
6120,"radar"
6121,"variance"
6122,"robbery"
6123,"slavery"
6124,"dumb"
6125,"mansion"
6126,"biscuit"
6127,"lorry"
6128,"thesis"
6129,"financially"
6130,"wary"
6131,"communism"
6132,"ironic"
6133,"hedge"
6134,"trailer"
6135,"implicit"
6136,"formidable"
6137,"sticky"
6138,"monopoly"
6139,"courtroom"
6140,"wagon"
6141,"restraint"
6142,"commonwealth"
6143,"maid"
6144,"coke"
6145,"crap"
6146,"biography"
6147,"regression"
6148,"garment"
6149,"compassion"
6150,"inheritance"
6151,"disclosure"
6152,"bowel"
6153,"slam"
6154,"hood"
6155,"theological"
6156,"pudding"
6157,"decorative"
6158,"comparative"
6159,"solidarity"
6160,"miniature"
6161,"stool"
6162,"wardrobe"
6163,"pastor"
6164,"pistol"
6165,"agony"
6166,"thereafter"
6167,"brigade"
6168,"imagery"
6169,"bile"
6170,"respectable"
6171,"offspring"
6172,"mainland"
6173,"statistically"
6174,"molecular"
6175,"addiction"
6176,"notorious"
6177,"recreation"
6178,"lime"
6179,"thunder"
6180,"rap"
6181,"pea"
6182,"eternal"
6183,"planner"
6184,"urgency"
6185,"outrage"
6186,"asthma"
6187,"feminine"
6188,"brandy"
6189,"saddle"
6190,"yacht"
6191,"precedent"
6192,"arbitrary"
6193,"linen"
6194,"cocktail"
6195,"legitimacy"
6196,"fairness"
6197,"papa"
6198,"fringe"
6199,"resentment"
6200,"delegation"
6201,"takeover"
6202,"outrageous"
6203,"murderer"
6204,"marital"
6205,"fountain"
6206,"baseline"
6207,"imprisonment"
6208,"oddly"
6209,"brow"
6210,"tricky"
6211,"anticipation"
6212,"privileged"
6213,"columnist"
6214,"idiot"
6215,"fireplace"
6216,"prestige"
6217,"directive"
6218,"cub"
6219,"presently"
6220,"curator"
6221,"retention"
6222,"foliage"
6223,"documentation"
6224,"altar"
6225,"confession"
6226,"streak"
6227,"bladder"
6228,"concession"
6229,"humble"
6230,"mister"
6231,"exclaim"
6232,"robust"
6233,"intercourse"
6234,"icy"
6235,"banker"
6236,"conjunction"
6237,"bitterly"
6238,"slender"
6239,"sprinkle"
6240,"casually"
6241,"throne"
6242,"lethal"
6243,"skipper"
6244,"ripe"
6245,"motorway"
6246,"atop"
6247,"assertion"
6248,"clergy"
6249,"driveway"
6250,"warrior"
6251,"manipulation"
6252,"bail"
6253,"realism"
6254,"bureaucratic"
6255,"potent"
6256,"paradigm"
6257,"shotgun"
6258,"icon"
6259,"probation"
6260,"obsession"
6261,"protester"
6262,"scout"
6263,"synthesis"
6264,"exile"
6265,"butt"
6266,"bang"
6267,"purchaser"
6268,"torch"
6269,"bleak"
6270,"referendum"
6271,"skinny"
6272,"pitcher"
6273,"quarry"
6274,"poise"
6275,"composite"
6276,"lawmaker"
6277,"crust"
6278,"jewellery"
6279,"reluctance"
6280,"feast"
6281,"ivory"
6282,"aide"
6283,"petty"
6284,"pensioner"
6285,"sideways"
6286,"dim"
6287,"ozone"
6288,"analogy"
6289,"congregation"
6290,"aftermath"
6291,"severity"
6292,"accountable"
6293,"juror"
6294,"wit"
6295,"mug"
6296,"caravan"
6297,"rotten"
6298,"destructive"
6299,"sanctuary"
6300,"siege"
6301,"vanilla"
6302,"underwear"
6303,"corpse"
6304,"ample"
6305,"crisp"
6306,"colon"
6307,"jockey"
6308,"humanitarian"
6309,"reverend"
6310,"nil"
6311,"cynical"
6312,"pylorus"
6313,"nervously"
6314,"blink"
6315,"efficacy"
6316,"gel"
6317,"gloom"
6318,"diplomacy"
6319,"coroner"
6320,"incidentally"
6321,"marijuana"
6322,"methodology"
6323,"unintelligible"
6324,"folly"
6325,"prose"
6326,"onset"
6327,"gall"
6328,"bald"
6329,"fearful"
6330,"premature"
6331,"mustard"
6332,"pastry"
6333,"spotlight"
6334,"mob"
6335,"render"
6336,"kidney"
6337,"rug"
6338,"parenting"
6339,"admiral"
6340,"bodily"
6341,"inquest"
6342,"lexical"
6343,"regiment"
6344,"domination"
6345,"simplicity"
6346,"racist"
6347,"dismissal"
6348,"median"
6349,"fiercely"
6350,"bead"
6351,"reconciliation"
6352,"morale"
6353,"wax"
6354,"witch"
6355,"regulator"
6356,"indirectly"
6357,"realization"
6358,"contention"
6359,"knot"
6360,"hay"
6361,"ambiguous"
6362,"telegraph"
6363,"peninsula"
6364,"urine"
6365,"pragmatic"
6366,"weary"
6367,"autonomous"
6368,"directory"
6369,"culturally"
6370,"ensemble"
6371,"controller"
6372,"rebellion"
6373,"clutch"
6374,"squash"
6375,"intimacy"
6376,"bless"
6377,"parsley"
6378,"fender"
6379,"mucosa"
6380,"curiously"
6381,"angler"
6382,"plasma"
6383,"electorate"
6384,"imminent"
6385,"broker"
6386,"kin"
6387,"archbishop"
6388,"perfection"
6389,"arguably"
6390,"wicket"
6391,"theorist"
6392,"announcer"
6393,"manor"
6394,"plaza"
6395,"tuck"
6396,"sewage"
6397,"ambiguity"
6398,"judiciary"
6399,"descriptive"
6400,"plight"
6401,"verge"
6402,"burial"
6403,"nominee"
6404,"radically"
6405,"kettle"
6406,"plaster"
6407,"terrify"
6408,"liquor"
6409,"stark"
6410,"tee"
6411,"depot"
6412,"nationalist"
6413,"slate"
6414,"therapeutic"
6415,"ulcer"
6416,"turf"
6417,"interface"
6418,"prep"
6419,"heir"
6420,"plead"
6421,"pathetic"
6422,"distinctly"
6423,"peripheral"
6424,"runway"
6425,"poetic"
6426,"blaze"
6427,"lance"
6428,"fictional"
6429,"goalkeeper"
6430,"quantitative"
6431,"chop"
6432,"gasp"
6433,"cruelty"
6434,"destine"
6435,"qualitative"
6436,"nuisance"
6437,"generic"
6438,"warrant"
6439,"testify"
6440,"demise"
6441,"proximity"
6442,"underway"
6443,"tub"
6444,"heroic"
6445,"ounce"
6446,"communal"
6447,"reservoir"
6448,"turmoil"
6449,"cowboy"
6450,"affirmative"
6451,"painfully"
6452,"testament"
6453,"glare"
6454,"mattress"
6455,"absorption"
6456,"rigorous"
6457,"elusive"
6458,"disbelief"
6459,"cautiously"
6460,"verb"
6461,"homosexual"
6462,"obscure"
6463,"tractor"
6464,"redundant"
6465,"acceleration"
6466,"muscular"
6467,"gig"
6468,"biopsy"
6469,"incomplete"
6470,"fascination"
6471,"eagerly"
6472,"loosely"
6473,"optimal"
6474,"lettuce"
6475,"collaborative"
6476,"ordeal"
6477,"awesome"
6478,"legislator"
6479,"wartime"
6480,"simmer"
6481,"colitis"
6482,"headmaster"
6483,"cockpit"
6484,"sherry"
6485,"feminism"
6486,"duchess"
6487,"masculine"
6488,"creditor"
6489,"enormously"
6490,"residual"
6491,"polo"
6492,"jolly"
6493,"homosexuality"
6494,"foul"
6495,"hopeless"
6496,"assassination"
6497,"patio"
6498,"lucrative"
6499,"credible"
6500,"calf"
6501,"scholarly"
6502,"algae"
6503,"stimulation"
6504,"incapable"
6505,"fuss"
6506,"briefing"
6507,"majesty"
6508,"entrepreneur"
6509,"hastily"
6510,"salesman"
6511,"injustice"
6512,"midfield"
6513,"broth"
6514,"oppression"
6515,"ecstasy"
6516,"earnest"
6517,"foremost"
6518,"vigorously"
6519,"raider"
6520,"spectacle"
6521,"faintly"
6522,"blouse"
6523,"charitable"
6524,"imaginative"
6525,"default"
6526,"insulin"
6527,"guild"
6528,"granite"
6529,"selfish"
6530,"rationale"
6531,"filthy"
6532,"glamorous"
6533,"boxer"
6534,"glossy"
6535,"frantic"
6536,"arrogant"
6537,"outset"
6538,"vulnerability"
6539,"clan"
6540,"contamination"
6541,"insurer"
6542,"playoff"
6543,"quantum"
6544,"pact"
6545,"ammunition"
6546,"jelly"
6547,"whip"
6548,"forensic"
6549,"intestinal"
6550,"deprivation"
6551,"disco"
6552,"comparatively"
6553,"secrecy"
6554,"vibrant"
6555,"contradiction"
6556,"banner"
6557,"nanny"
6558,"theatrical"
6559,"tactical"
6560,"substantive"
6561,"roar"
6562,"admittedly"
6563,"insistence"
6564,"constituent"
6565,"footage"
6566,"chunk"
6567,"maternal"
6568,"payroll"
6569,"grammatical"
6570,"den"
6571,"dealing"
6572,"translator"
6573,"sturdy"
6574,"robe"
6575,"pledge"
6576,"respiratory"
6577,"intrinsic"
6578,"restrictive"
6579,"insane"
6580,"accountant"
6581,"repression"
6582,"consortium"
6583,"shepherd"
6584,"cardinal"
6585,"skeptical"
6586,"promoter"
6587,"payable"
6588,"profoundly"
6589,"diplomat"
6590,"spa"
6591,"drip"
6592,"restless"
6593,"progression"
6594,"jointly"
6595,"torque"
6596,"pony"
6597,"artillery"
6598,"mankind"
6599,"deception"
6600,"oath"
6601,"fusion"
6602,"sage"
6603,"cinnamon"
6604,"sober"
6605,"bowler"
6606,"silicon"
6607,"aerospace"
6608,"cigar"
6609,"skillet"
6610,"lipstick"
6611,"unlawful"
6612,"punk"
6613,"asylum"
6614,"cloak"
6615,"libel"
6616,"paradox"
6617,"attic"
6618,"reminiscent"
6619,"handkerchief"
6620,"retrospective"
6621,"psychiatrist"
6622,"baron"
6623,"naughty"
6624,"touchdown"
6625,"mentor"
6626,"apt"
6627,"differentiation"
6628,"hesitation"
6629,"striped"
6630,"inflammatory"
6631,"responsive"
6632,"syntactic"
6633,"dire"
6634,"conversely"
6635,"bronco"
6636,"pier"
6637,"fling"
6638,"drunken"
6639,"traumatic"
6640,"syrup"
6641,"resemblance"
6642,"lesbian"
6643,"stride"
6644,"nominate"
6645,"systematically"
6646,"bourgeois"
6647,"buddy"
6648,"bedside"
6649,"sip"
6650,"limestone"
6651,"lateral"
6652,"mildly"
6653,"cardboard"
6654,"unsure"
6655,"devotion"
6656,"versatile"
6657,"cellar"
6658,"thoughtfully"
6659,"creamy"
6660,"endowment"
6661,"thinly"
6662,"sleek"
6663,"lotus"
6664,"youthful"
6665,"lush"
6666,"contradictory"
6667,"motorist"
6668,"superficial"
6669,"longing"
6670,"compass"
6671,"membrane"
6672,"booklet"
6673,"thickness"
6674,"monarchy"
6675,"randomly"
6676,"bait"
6677,"cosmic"
6678,"jealousy"
6679,"bout"
6680,"swap"
6681,"casino"
6682,"backdrop"
6683,"condemn"
6684,"greed"
6685,"desperation"
6686,"whichever"
6687,"plainly"
6688,"factual"
6689,"jumper"
6690,"exemption"
6691,"volatile"
6692,"commentator"
6693,"palette"
6694,"alas"
6695,"armchair"
6696,"memo"
6697,"pirate"
6698,"scarlet"
6699,"sinister"
6700,"militia"
6701,"corpus"
6702,"greenbelt"
6703,"aging"
6704,"slippery"
6705,"bomber"
6706,"deploy"
6707,"tract"
6708,"moonlight"
6709,"lecturer"
6710,"partisan"
6711,"saucepan"
6712,"endorsement"
6713,"sweetheart"
6714,"earring"
6715,"irritation"
6716,"bitterness"
6717,"floral"
6718,"chord"
6719,"benign"
6720,"intensely"
6721,"extraordinarily"
6722,"mahogany"
6723,"goddess"
6724,"credential"
6725,"authoritarian"
6726,"purity"
6727,"mosaic"
6728,"referral"
6729,"rabbi"
6730,"detain"
6731,"duo"
6732,"reckless"
6733,"loneliness"
6734,"meditation"
6735,"perimeter"
6736,"uneven"
6737,"farmhouse"
6738,"modem"
6739,"gin"
6740,"penis"
6741,"prototype"
6742,"allege"
6743,"liaison"
6744,"incoming"
6745,"complementary"
6746,"landowner"
6747,"sperm"
6748,"soy"
6749,"berry"
6750,"injunction"
6751,"privatization"
6752,"abolition"
6753,"maxim"
6754,"queue"
6755,"esophageal"
6756,"pleading"
6757,"fiery"
6758,"humiliation"
6759,"twilight"
6760,"oversight"
6761,"thou"
6762,"shaky"
6763,"frost"
6764,"voltage"
6765,"preferably"
6766,"flawed"
6767,"doom"
6768,"waitress"
6769,"inaudible"
6770,"utterance"
6771,"awe"
6772,"void"
6773,"liar"
6774,"readiness"
6775,"arch"
6776,"lust"
6777,"nickname"
6778,"apartheid"
6779,"momentarily"
6780,"stereotype"
6781,"overwhelmingly"
6782,"outskirts"
6783,"demonstrator"
6784,"expressive"
6785,"homicide"
6786,"arthritis"
6787,"intricate"
6788,"gala"
6789,"goodwill"
6790,"advent"
6791,"hillside"
6792,"escort"
6793,"massacre"
6794,"canopy"
6795,"doubtless"
6796,"gloomy"
6797,"razor"
6798,"colonic"
6799,"dwarf"
6800,"disposition"
6801,"crescent"
6802,"telecommunication"
6803,"shiver"
6804,"motel"
6805,"jeep"
6806,"lavender"
6807,"equilibrium"
6808,"adolescence"
6809,"cardiac"
6810,"grower"
6811,"bacterial"
6812,"crab"
6813,"indictment"
6814,"vocational"
6815,"prosperous"
6816,"fort"
6817,"pavilion"
6818,"honeymoon"
6819,"algorithm"
6820,"eccentric"
6821,"burglary"
6822,"generosity"
6823,"oriental"
6824,"freight"
6825,"differential"
6826,"flowering"
6827,"repertoire"
6828,"rugged"
6829,"reformer"
6830,"secretion"
6831,"blah"
6832,"dame"
6833,"furiously"
6834,"visibility"
6835,"glamour"
6836,"slump"
6837,"stubborn"
6838,"backup"
6839,"nostalgia"
6840,"boast"
6841,"perch"
6842,"exquisite"
6843,"relentless"
6844,"fireman"
6845,"desktop"
6846,"monk"
6847,"sociological"
6848,"nude"
6849,"doorstep"
6850,"embargo"
6851,"mentality"
6852,"procession"
6853,"prohibition"
6854,"unbeaten"
6855,"trolley"
6856,"lining"
6857,"cassette"
6858,"boredom"
6859,"opener"
6860,"jerk"
6861,"anguish"
6862,"bunny"
6863,"paste"
6864,"hose"
6865,"kneel"
6866,"indifference"
6867,"inhibition"
6868,"pornography"
6869,"bum"
6870,"unison"
6871,"seriousness"
6872,"locomotive"
6873,"creep"
6874,"socioeconomic"
6875,"revolt"
6876,"crest"
6877,"distortion"
6878,"buffer"
6879,"straighten"
6880,"butcher"
6881,"brink"
6882,"configuration"
6883,"horrific"
6884,"reflective"
6885,"filtration"
6886,"stocking"
6887,"indifferent"
6888,"chuck"
6889,"catfish"
6890,"firearm"
6891,"setup"
6892,"gamble"
6893,"heavyweight"
6894,"lever"
6895,"dangerously"
6896,"concede"
6897,"pervasive"
6898,"antibody"
6899,"cone"
6900,"module"
6901,"latent"
6902,"dub"
6903,"eldest"
6904,"mock"
6905,"transcription"
6906,"rhetorical"
6907,"veil"
6908,"anxiously"
6909,"aquatic"
6910,"parole"
6911,"anyhow"
6912,"subsidiary"
6913,"deed"
6914,"firefighter"
6915,"groan"
6916,"arbitration"
6917,"betrayal"
6918,"ruthless"
6919,"curse"
6920,"pending"
6921,"etcetera"
6922,"rip"
6923,"spinal"
6924,"spinach"
6925,"unrest"
6926,"nan"
6927,"geometric"
6928,"allegiance"
6929,"polytechnic"
6930,"pastoral"
6931,"dismay"
6932,"dizzy"
6933,"daft"
6934,"loft"
6935,"communion"
6936,"bureaucrat"
6937,"faction"
6938,"literal"
6939,"curly"
6940,"awfully"
6941,"erotic"
6942,"outing"
6943,"roadside"
6944,"bidding"
6945,"instinctively"
6946,"covenant"
6947,"multicultural"
6948,"convoy"
6949,"militant"
6950,"peel"
6951,"graceful"
6952,"terminology"
6953,"fertile"
6954,"electron"
6955,"millionaire"
6956,"babe"
6957,"mesh"
6958,"arrogance"
6959,"exhaustion"
6960,"openness"
6961,"fume"
6962,"theoretically"
6963,"tumor"
6964,"socket"
6965,"forgiveness"
6966,"pasture"
6967,"preventive"
6968,"treasurer"
6969,"fellowship"
6970,"hull"
6971,"rag"
6972,"mastery"
6973,"provocative"
6974,"apron"
6975,"brilliantly"
6976,"moor"
6977,"chuckle"
6978,"bungalow"
6979,"governance"
6980,"observatory"
6981,"ethanol"
6982,"dangle"
6983,"satin"
6984,"preheat"
6985,"ascent"
6986,"comet"
6987,"sensory"
6988,"unseen"
6989,"consolation"
6990,"wonderfully"
6991,"chimney"
6992,"loser"
6993,"wallpaper"
6994,"lordship"
6995,"subordinate"
6996,"contractual"
6997,"cannon"
6998,"clown"
6999,"interrogation"
7000,"enzyme"
7001,"leverage"
7002,"inflammation"
7003,"fidelity"
7004,"consciously"
7005,"porcelain"
7006,"symmetry"
7007,"ulcerative"
7008,"whisk"
7009,"sovereign"
7010,"sensational"
7011,"golfer"
7012,"mercury"
7013,"hiss"
7014,"airborne"
7015,"coronary"
7016,"principally"
7017,"crunch"
7018,"binocular"
7019,"clove"
7020,"mare"
7021,"preacher"
7022,"magnet"
7023,"handwriting"
7024,"degradation"
7025,"jug"
7026,"mosque"
7027,"curb"
7028,"beware"
7029,"liberalism"
7030,"challenger"
7031,"loaf"
7032,"investigative"
7033,"mantle"
7034,"entitlement"
7035,"stab"
7036,"spirituality"
7037,"mucosal"
7038,"steroid"
7039,"beforehand"
7040,"irrational"
7041,"attainment"
7042,"dice"
7043,"toddler"
7044,"larva"
7045,"videotape"
7046,"walnut"
7047,"midfielder"
7048,"scalp"
7049,"orderly"
7050,"glucose"
7051,"header"
7052,"fatty"
7053,"luxurious"
7054,"finite"
7055,"brightness"
7056,"chili"
7057,"deployment"
7058,"simulation"
7059,"milky"
7060,"hierarchical"
7061,"authoritative"
7062,"distraction"
7063,"node"
7064,"decidedly"
7065,"variability"
7066,"missionary"
7067,"savage"
7068,"inherently"
7069,"lunar"
7070,"prophet"
7071,"metro"
7072,"vanity"
7073,"penal"
7074,"continuation"
7075,"platelet"
7076,"battalion"
7077,"grease"
7078,"psychic"
7079,"carer"
7080,"cocoa"
7081,"dissent"
7082,"homemade"
7083,"jersey"
7084,"kinship"
7085,"cider"
7086,"postwar"
7087,"prostitution"
7088,"irresistible"
7089,"hitherto"
7090,"prominence"
7091,"slab"
7092,"tan"
7093,"uranium"
7094,"ibid"
7095,"geometry"
7096,"deceased"
7097,"walker"
7098,"sneak"
7099,"idol"
7100,"cheerfully"
7101,"surrender"
7102,"winger"
7103,"midday"
7104,"equitable"
7105,"monastery"
7106,"elegance"
7107,"prosecute"
7108,"replay"
7109,"duly"
7110,"vodka"
7111,"stern"
7112,"wizard"
7113,"enlightenment"
7114,"rhythmic"
7115,"impatiently"
7116,"manifesto"
7117,"recurrent"
7118,"infamous"
7119,"untouched"
7120,"slaughter"
7121,"thankful"
7122,"premiere"
7123,"intently"
7124,"vector"
7125,"continuum"
7126,"bra"
7127,"patronage"
7128,"monsieur"
7129,"dude"
7130,"unofficial"
7131,"thankfully"
7132,"uniquely"
7133,"heterosexual"
7134,"maternity"
7135,"lineup"
7136,"ledge"
7137,"plump"
7138,"gigantic"
7139,"defiance"
7140,"abusive"
7141,"slap"
7142,"interpersonal"
7143,"planetary"
7144,"divisional"
7145,"akin"
7146,"festive"
7147,"crossroad"
7148,"monarch"
7149,"frenzy"
7150,"menace"
7151,"condom"
7152,"jeopardy"
7153,"catastrophe"
7154,"amazement"
7155,"briefcase"
7156,"mint"
7157,"prop"
7158,"lender"
7159,"steward"
7160,"progressively"
7161,"hefty"
7162,"lobster"
7163,"waterproof"
7164,"infinitive"
7165,"empathy"
7166,"provisional"
7167,"periodically"
7168,"grimly"
7169,"markedly"
7170,"gravitational"
7171,"vicar"
7172,"nutty"
7173,"scorer"
7174,"hover"
7175,"vow"
7176,"undercover"
7177,"hairy"
7178,"rectangular"
7179,"chic"
7180,"swirl"
7181,"societal"
7182,"hypothetical"
7183,"tumble"
7184,"creole"
7185,"obstruction"
7186,"lesion"
7187,"zip"
7188,"initiation"
7189,"martial"
7190,"frantically"
7191,"stature"
7192,"freelance"
7193,"registry"
7194,"frail"
7195,"bust"
7196,"indefinitely"
7197,"manslaughter"
7198,"snatch"
7199,"universally"
7200,"auditor"
7201,"arousal"
7202,"vest"
7203,"polymer"
7204,"endurance"
7205,"rum"
7206,"wretched"
7207,"discreet"
7208,"hooker"
7209,"nasal"
7210,"plateau"
7211,"cohort"
7212,"saw"
7213,"demon"
7214,"overt"
7215,"peat"
7216,"claw"
7217,"nostril"
7218,"needless"
7219,"censorship"
7220,"thee"
7221,"anonymity"
7222,"impeachment"
7223,"fracture"
7224,"trump"
7225,"swelling"
7226,"flap"
7227,"diversion"
7228,"gracious"
7229,"savannah"
7230,"legion"
7231,"speculative"
7232,"ceramic"
7233,"ashore"
7234,"hepatitis"
7235,"uprising"
7236,"immaculate"
7237,"buffet"
7238,"discontent"
7239,"impetus"
7240,"courthouse"
7241,"deposition"
7242,"unlucky"
7243,"unfinished"
7244,"commonplace"
7245,"breathless"
7246,"aura"
7247,"stylistic"
7248,"unpaid"
7249,"envy"
7250,"pneumonia"
7251,"aspirin"
7252,"saloon"
7253,"bipartisan"
7254,"maze"
7255,"monumental"
7256,"haze"
7257,"mystical"
7258,"anal"
7259,"ubiquitous"
7260,"sponge"
7261,"cardiovascular"
7262,"triumphant"
7263,"authenticity"
7264,"veto"
7265,"constrain"
7266,"speedy"
7267,"contentious"
7268,"thriller"
7269,"pointless"
7270,"plunge"
7271,"abdominal"
7272,"neon"
7273,"affinity"
7274,"celery"
7275,"articulate"
7276,"bunker"
7277,"sniff"
7278,"superstar"
7279,"feat"
7280,"evacuation"
7281,"raft"
7282,"warden"
7283,"epic"
7284,"trim"
7285,"crumb"
7286,"ale"
7287,"negro"
7288,"patriotic"
7289,"cerebral"
7290,"dissatisfaction"
7291,"goodnight"
7292,"basil"
7293,"dictatorship"
7294,"tonic"
7295,"hysterical"
7296,"poultry"
7297,"dismal"
7298,"immensely"
7299,"cubic"
7300,"redemption"
7301,"vengeance"
7302,"internally"
7303,"disadvantaged"
7304,"remnant"
7305,"ominous"
7306,"unanimous"
7307,"chemotherapy"
7308,"hype"
7309,"competitiveness"
7310,"anatomy"
7311,"greasy"
7312,"northwestern"
7313,"stout"
7314,"unmarried"
7315,"coefficient"
7316,"soar"
7317,"oblivious"
7318,"wetland"
7319,"prostitute"
7320,"comrade"
7321,"mafia"
7322,"liner"
7323,"headlight"
7324,"courageous"
7325,"maritime"
7326,"artery"
7327,"cot"
7328,"imprison"
7329,"multinational"
7330,"shudder"
7331,"honorary"
7332,"wreckage"
7333,"amazingly"
7334,"implicitly"
7335,"elk"
7336,"spreadsheet"
7337,"insignificant"
7338,"regeneration"
7339,"tribune"
7340,"floppy"
7341,"distal"
7342,"guerrilla"
7343,"broccoli"
7344,"contender"
7345,"astonishment"
7346,"outright"
7347,"champ"
7348,"torso"
7349,"hospice"
7350,"shampoo"
7351,"microscope"
7352,"paperback"
7353,"gastrointestinal"
7354,"patriot"
7355,"dictator"
7356,"tug"
7357,"obscene"
7358,"fluctuation"
7359,"chore"
7360,"diabetic"
7361,"preview"
7362,"incompatible"
7363,"substitution"
7364,"falcon"
7365,"displacement"
7366,"indulge"
7367,"bland"
7368,"sophistication"
7369,"motionless"
7370,"seasoning"
7371,"roster"
7372,"genetics"
7373,"nobility"
7374,"sly"
7375,"arithmetic"
7376,"duodenal"
7377,"thyme"
7378,"renal"
7379,"transnational"
7380,"perpetual"
7381,"boiler"
7382,"disruptive"
7383,"swamp"
7384,"methodological"
7385,"trademark"
7386,"variant"
7387,"stray"
7388,"lavish"
7389,"solemn"
7390,"prudent"
7391,"crusade"
7392,"milligram"
7393,"briskly"
7394,"longitudinal"
7395,"showbiz"
7396,"combo"
7397,"conservatism"
7398,"unnatural"
7399,"notoriously"
7400,"culinary"
7401,"unsafe"
7402,"willingly"
7403,"cutter"
7404,"fragrant"
7405,"normative"
7406,"furnishing"
7407,"stump"
7408,"conveniently"
7409,"rationality"
7410,"sandal"
7411,"transitional"
7412,"confidently"
7413,"hawk"
7414,"improper"
7415,"infusion"
7416,"lousy"
7417,"cube"
7418,"powerless"
7419,"insulation"
7420,"barren"
7421,"camel"
7422,"brittle"
7423,"forefront"
7424,"foyer"
7425,"decor"
7426,"gravy"
7427,"query"
7428,"valuation"
7429,"rein"
7430,"batsman"
7431,"bruise"
7432,"onstage"
7433,"induction"
7434,"sophomore"
7435,"solitude"
7436,"fleeting"
7437,"dune"
7438,"placebo"
7439,"nucleus"
7440,"convent"
7441,"royalty"
7442,"batter"
7443,"paranoid"
7444,"choke"
7445,"disapproval"
7446,"whoa"
7447,"sculptor"
7448,"debtor"
7449,"gypsy"
7450,"pedal"
7451,"slick"
7452,"plum"
7453,"dresser"
7454,"adaptive"
7455,"retort"
7456,"psychoanalysis"
7457,"relegation"
7458,"suffice"
7459,"growl"
7460,"statewide"
7461,"cache"
7462,"persona"
7463,"slipper"
7464,"infinitely"
7465,"quilt"
7466,"embryo"
7467,"shadowy"
7468,"hub"
7469,"ballroom"
7470,"persuasion"
7471,"defiant"
7472,"orchard"
7473,"conditional"
7474,"ludicrous"
7475,"shortcoming"
7476,"backlash"
7477,"lobbyist"
7478,"finale"
7479,"thy"
7480,"nightclub"
7481,"knob"
7482,"logically"
7483,"yen"
7484,"endlessly"
7485,"lest"
7486,"mileage"
7487,"stainless"
7488,"coldly"
7489,"contextual"
7490,"auburn"
7491,"rusty"
7492,"setback"
7493,"preach"
7494,"rig"
7495,"omission"
7496,"token"
7497,"apprehension"
7498,"insurgent"
7499,"multimedia"
7500,"submarine"
7501,"petal"
7502,"lava"
7503,"resonance"
7504,"mustache"
7505,"generously"
7506,"posh"
7507,"understandably"
7508,"lexicon"
7509,"resurrection"
7510,"armor"
7511,"cavity"
7512,"flashlight"
7513,"fragrance"
7514,"vogue"
7515,"anthropologist"
7516,"eerie"
7517,"discrete"
7518,"weep"
7519,"baroque"
7520,"sob"
7521,"poker"
7522,"bliss"
7523,"vine"
7524,"preoccupation"
7525,"bud"
7526,"stringent"
7527,"stale"
7528,"disposable"
7529,"deviation"
7530,"mumble"
7531,"intuitive"
7532,"amino"
7533,"cooker"
7534,"discretionary"
7535,"typewriter"
7536,"alignment"
7537,"expressly"
7538,"avoidance"
7539,"unsatisfactory"
7540,"impending"
7541,"flip"
7542,"gunman"
7543,"manpower"
7544,"lurk"
7545,"quotation"
7546,"sting"
7547,"reciprocal"
7548,"dread"
7549,"astronomical"
7550,"vibration"
7551,"mundane"
7552,"conservatory"
7553,"heroine"
7554,"seaside"
7555,"grate"
7556,"advertiser"
7557,"sprint"
7558,"organized"
7559,"oppressive"
7560,"crook"
7561,"donkey"
7562,"hideous"
7563,"prostate"
7564,"tedious"
7565,"reassurance"
7566,"pluralism"
7567,"deterrent"
7568,"whereabouts"
7569,"contraction"
7570,"amber"
7571,"famed"
7572,"fiver"
7573,"tremendously"
7574,"freshwater"
7575,"genocide"
7576,"squadron"
7577,"tuberculosis"
7578,"appropriation"
7579,"compassionate"
7580,"fuzzy"
7581,"jagged"
7582,"perverse"
7583,"multitude"
7584,"analogous"
7585,"coating"
7586,"metric"
7587,"clubhouse"
7588,"horrify"
7589,"hen"
7590,"textual"
7591,"modernism"
7592,"hypocrisy"
7593,"activism"
7594,"blackness"
7595,"indicative"
7596,"dynasty"
7597,"angular"
7598,"specificity"
7599,"anthem"
7600,"schoolboy"
7601,"garrison"
7602,"occupant"
7603,"identifiable"
7604,"profitability"
7605,"rouge"
7606,"genome"
7607,"fortress"
7608,"taut"
7609,"affective"
7610,"brotherhood"
7611,"moan"
7612,"charismatic"
7613,"drape"
7614,"neural"
7615,"basal"
7616,"suicidal"
7617,"stigma"
7618,"unnoticed"
7619,"bingo"
7620,"awkwardly"
7621,"memorandum"
7622,"almond"
7623,"demolition"
7624,"wry"
7625,"abstraction"
7626,"presumption"
7627,"vividly"
7628,"wisely"
7629,"tavern"
7630,"penetration"
7631,"wearily"
7632,"intellect"
7633,"locus"
7634,"addict"
7635,"tattoo"
7636,"retrospect"
7637,"housekeeper"
7638,"hum"
7639,"shabby"
7640,"diagonal"
7641,"hairdresser"
7642,"muse"
7643,"ministerial"
7644,"bearded"
7645,"convergence"
7646,"binary"
7647,"ostensibly"
7648,"pigeon"
7649,"tenor"
7650,"suppression"
7651,"flick"
7652,"subtly"
7653,"enthusiastically"
7654,"arsenal"
7655,"startle"
7656,"chestnut"
7657,"optimum"
7658,"starvation"
7659,"wig"
7660,"salient"
7661,"worthless"
7662,"denim"
7663,"unthinkable"
7664,"perennial"
7665,"misconduct"
7666,"unmistakable"
7667,"adjective"
7668,"eyelid"
7669,"regal"
7670,"repetitive"
7671,"havoc"
7672,"vampire"
7673,"visibly"
7674,"creed"
7675,"bloc"
7676,"sic"
7677,"marshal"
7678,"freeway"
7679,"pancreatic"
7680,"humane"
7681,"porn"
7682,"drizzle"
7683,"pineapple"
7684,"heartbeat"
7685,"playwright"
7686,"fluorescent"
7687,"sweetness"
7688,"selector"
7689,"eligibility"
7690,"attacker"
7691,"coastline"
7692,"marrow"
7693,"foreground"
7694,"plutonium"
7695,"tier"
7696,"crackdown"
7697,"sweaty"
7698,"scanner"
7699,"covert"
7700,"annoyance"
7701,"brownie"
7702,"rift"
7703,"rave"
7704,"consolidation"
7705,"peacefully"
7706,"putt"
7707,"groom"
7708,"rogue"
7709,"proximal"
7710,"scrape"
7711,"humorous"
7712,"extravagant"
7713,"thirdly"
7714,"phenomenal"
7715,"pristine"
7716,"uniformed"
7717,"gradient"
7718,"outspoken"
7719,"presenter"
7720,"moss"
7721,"expanse"
7722,"pilgrimage"
7723,"homage"
7724,"suitably"
7725,"endoscopic"
7726,"newborn"
7727,"scripture"
7728,"bracelet"
7729,"hostess"
7730,"cohesion"
7731,"sterile"
7732,"detainee"
7733,"broom"
7734,"coma"
7735,"makeshift"
7736,"pessimistic"
7737,"deregulation"
7738,"showdown"
7739,"policymaker"
7740,"syntax"
7741,"brilliance"
7742,"imposition"
7743,"unpublished"
7744,"flake"
7745,"subcommittee"
7746,"loosen"
7747,"upbringing"
7748,"chlorine"
7749,"neutrality"
7750,"bilingual"
7751,"flux"
7752,"bedtime"
7753,"roast"
7754,"obedience"
7755,"concerto"
7756,"barley"
7757,"residue"
7758,"brutality"
7759,"gem"
7760,"housewife"
7761,"symbolism"
7762,"clad"
7763,"adjustable"
7764,"extraction"
7765,"undesirable"
7766,"psyche"
7767,"intimately"
7768,"professionalism"
7769,"mortar"
7770,"preschool"
7771,"pulp"
7772,"amend"
7773,"windshield"
7774,"audible"
7775,"hopelessly"
7776,"flatly"
7777,"spiral"
7778,"sermon"
7779,"mediation"
7780,"opaque"
7781,"grunt"
7782,"cuff"
7783,"erratic"
7784,"vinyl"
7785,"hugely"
7786,"pear"
7787,"malignant"
7788,"consequent"
7789,"juicy"
7790,"graveyard"
7791,"spit"
7792,"supernatural"
7793,"numb"
7794,"respectful"
7795,"sensual"
7796,"manifestation"
7797,"pouch"
7798,"stiffly"
7799,"bulky"
7800,"parrot"
7801,"gorge"
7802,"devoid"
7803,"empowerment"
7804,"groin"
7805,"giggle"
7806,"attributable"
7807,"snort"
7808,"inference"
7809,"amidst"
7810,"abandonment"
7811,"impatience"
7812,"flicker"
7813,"innate"
7814,"weakly"
7815,"delicately"
7816,"centenary"
7817,"booze"
7818,"margarine"
7819,"betray"
7820,"helplessly"
7821,"forceful"
7822,"resent"
7823,"relational"
7824,"rampant"
7825,"puppet"
7826,"obsolete"
7827,"tort"
7828,"countess"
7829,"notation"
7830,"barrage"
7831,"sociologist"
7832,"kite"
7833,"flare"
7834,"modernity"
7835,"triangular"
7836,"cradle"
7837,"pastel"
7838,"proprietary"
7839,"cartridge"
7840,"boldly"
7841,"knuckle"
7842,"modernist"
7843,"tow"
7844,"caption"
7845,"incompetent"
7846,"doctoral"
7847,"powerfully"
7848,"imbalance"
7849,"futile"
7850,"intellectually"
7851,"suspiciously"
7852,"parting"
7853,"puff"
7854,"punitive"
7855,"flair"
7856,"dwell"
7857,"phonological"
7858,"emancipation"
7859,"amiss"
7860,"trek"
7861,"predictor"
7862,"avalanche"
7863,"crate"
7864,"rattle"
7865,"snooker"
7866,"predicament"
7867,"ammonia"
7868,"caregiver"
7869,"believer"
7870,"bony"
7871,"unification"
7872,"shady"
7873,"aesthetics"
7874,"mortal"
7875,"umpire"
7876,"shovel"
7877,"pivotal"
7878,"stepfather"
7879,"assortment"
7880,"womb"
7881,"villain"
7882,"parasite"
7883,"sane"
7884,"turnout"
7885,"decree"
7886,"linger"
7887,"insecurity"
7888,"napkin"
7889,"receptive"
7890,"unbearable"
7891,"tempo"
7892,"passionately"
7893,"clout"
7894,"emptiness"
7895,"episcopal"
7896,"cock"
7897,"bunk"
7898,"confederate"
7899,"brewery"
7900,"playful"
7901,"tenderness"
7902,"syllable"
7903,"lumber"
7904,"heavenly"
7905,"monstrous"
7906,"midway"
7907,"undo"
7908,"parachute"
7909,"vale"
7910,"viral"
7911,"adherence"
7912,"treacherous"
7913,"rinse"
7914,"recognizable"
7915,"yeast"
7916,"dearly"
7917,"adamant"
7918,"landfill"
7919,"shrewd"
7920,"blueprint"
7921,"cunning"
7922,"mast"
7923,"reflux"
7924,"cove"
7925,"prolific"
7926,"ceremonial"
7927,"undue"
7928,"linebacker"
7929,"alienation"
7930,"fright"
7931,"harness"
7932,"grassy"
7933,"motherhood"
7934,"macho"
7935,"conformity"
7936,"loyalist"
7937,"armored"
7938,"retaliation"
7939,"aroma"
7940,"cozy"
7941,"tweed"
7942,"stroll"
7943,"murky"
7944,"plentiful"
7945,"tarmac"
7946,"uncomfortably"
7947,"homogeneous"
7948,"mythology"
7949,"tentatively"
7950,"chunky"
7951,"perceptual"
7952,"devastation"
7953,"console"
7954,"skepticism"
7955,"remand"
7956,"inadvertently"
7957,"craftsman"
7958,"metaphysical"
7959,"assimilation"
7960,"inning"
7961,"muck"
7962,"socialization"
7963,"tar"
7964,"ordinarily"
7965,"entrepreneurial"
7966,"trendy"
7967,"awhile"
7968,"reactive"
7969,"zest"
7970,"inset"
7971,"clarification"
7972,"elf"
7973,"examiner"
7974,"feeble"
7975,"termination"
7976,"complexion"
7977,"departmental"
7978,"pellet"
7979,"tanker"
7980,"bugger"
7981,"misty"
7982,"dial"
7983,"disparate"
7984,"paradoxically"
7985,"proclaim"
7986,"traction"
7987,"poke"
7988,"rebound"
7989,"ornamental"
7990,"hilarious"
7991,"flurry"
7992,"veterinary"
7993,"trajectory"
7994,"gourmet"
7995,"condemnation"
7996,"aristocratic"
7997,"coercion"
7998,"boulder"
7999,"jade"
8000,"extremist"
