"document_id","metric_id","N","V","value","status","missing_reason","below_quality_floor","tail_only","gap_percent","condition","policy","same_coverage"
"test-s1","ttr",33,27,0.818181818181818,"ok",NA,FALSE,NA,NA,"SUW","all_tokens",TRUE
"test-s1","mattr",33,27,NA,"missing","too_short_for_requested_parameter",TRUE,NA,NA,"SUW","all_tokens",TRUE
"test-s1","mtld",33,27,50.82,"ok",NA,TRUE,TRUE,0,"SUW","all_tokens",TRUE
"test-s2","ttr",22,20,0.909090909090909,"ok",NA,FALSE,NA,NA,"SUW","all_tokens",TRUE
"test-s2","mattr",22,20,NA,"missing","too_short_for_requested_parameter",TRUE,NA,NA,"SUW","all_tokens",TRUE
"test-s2","mtld",22,20,67.76,"ok",NA,TRUE,TRUE,0,"SUW","all_tokens",TRUE
"test-s3","ttr",16,13,0.8125,"ok",NA,FALSE,NA,NA,"SUW","all_tokens",TRUE
"test-s3","mattr",16,13,NA,"missing","too_short_for_requested_parameter",TRUE,NA,NA,"SUW","all_tokens",TRUE
"test-s3","mtld",16,13,23.8933333333333,"ok",NA,TRUE,TRUE,0,"SUW","all_tokens",TRUE
"test-s4","ttr",13,13,1,"ok",NA,FALSE,NA,NA,"SUW","all_tokens",TRUE
"test-s4","mattr",13,13,NA,"missing","too_short_for_requested_parameter",TRUE,NA,NA,"SUW","all_tokens",TRUE
"test-s4","mtld",13,13,NA,"missing","no_factor",TRUE,NA,NA,"SUW","all_tokens",TRUE
"test-s5","ttr",13,11,0.846153846153846,"ok",NA,FALSE,NA,NA,"SUW","all_tokens",TRUE
"test-s5","mattr",13,11,NA,"missing","too_short_for_requested_parameter",TRUE,NA,NA,"SUW","all_tokens",TRUE
"test-s5","mtld",13,11,23.66,"ok",NA,TRUE,TRUE,0,"SUW","all_tokens",TRUE
"test-s6","ttr",7,7,1,"ok",NA,FALSE,NA,NA,"SUW","all_tokens",TRUE
"test-s6","mattr",7,7,NA,"missing","too_short_for_requested_parameter",TRUE,NA,NA,"SUW","all_tokens",TRUE
"test-s6","mtld",7,7,NA,"missing","no_factor",TRUE,NA,NA,"SUW","all_tokens",TRUE
"test-s7","ttr",17,17,1,"ok",NA,FALSE,NA,NA,"SUW","all_tokens",TRUE
"test-s7","mattr",17,17,NA,"missing","too_short_for_requested_parameter",TRUE,NA,NA,"SUW","all_tokens",TRUE
"test-s7","mtld",17,17,NA,"missing","no_factor",TRUE,NA,NA,"SUW","all_tokens",TRUE
"test-s8","ttr",40,30,0.75,"ok",NA,FALSE,NA,NA,"SUW","all_tokens",TRUE
"test-s8","mattr",40,30,NA,"missing","too_short_for_requested_parameter",TRUE,NA,NA,"SUW","all_tokens",TRUE
"test-s8","mtld",40,30,42.4,"ok",NA,TRUE,TRUE,11.3207547169811,"SUW","all_tokens",TRUE
"test-s9","ttr",12,12,1,"ok",NA,FALSE,NA,NA,"SUW","all_tokens",TRUE
"test-s9","mattr",12,12,NA,"missing","too_short_for_requested_parameter",TRUE,NA,NA,"SUW","all_tokens",TRUE
"test-s9","mtld",12,12,NA,"missing","no_factor",TRUE,NA,NA,"SUW","all_tokens",TRUE
"test-s10","ttr",10,9,0.9,"ok",NA,FALSE,NA,NA,"SUW","all_tokens",TRUE
"test-s10","mattr",10,9,NA,"missing","too_short_for_requested_parameter",TRUE,NA,NA,"SUW","all_tokens",TRUE
"test-s10","mtld",10,9,28,"ok",NA,TRUE,TRUE,0,"SUW","all_tokens",TRUE
"test-s11","ttr",37,35,0.945945945945946,"ok",NA,FALSE,NA,NA,"SUW","all_tokens",TRUE
"test-s11","mattr",37,35,NA,"missing","too_short_for_requested_parameter",TRUE,NA,NA,"SUW","all_tokens",TRUE
"test-s11","mtld",37,35,191.66,"ok",NA,TRUE,TRUE,0,"SUW","all_tokens",TRUE
"test-s12","ttr",10,10,1,"ok",NA,FALSE,NA,NA,"SUW","all_tokens",TRUE
"test-s12","mattr",10,10,NA,"missing","too_short_for_requested_parameter",TRUE,NA,NA,"SUW","all_tokens",TRUE
"test-s12","mtld",10,10,NA,"missing","no_factor",TRUE,NA,NA,"SUW","all_tokens",TRUE
"test-s13","ttr",6,6,1,"ok",NA,FALSE,NA,NA,"SUW","all_tokens",TRUE
"test-s13","mattr",6,6,NA,"missing","too_short_for_requested_parameter",TRUE,NA,NA,"SUW","all_tokens",TRUE
"test-s13","mtld",6,6,NA,"missing","no_factor",TRUE,NA,NA,"SUW","all_tokens",TRUE
"test-s14","ttr",11,11,1,"ok",NA,FALSE,NA,NA,"SUW","all_tokens",TRUE
"test-s14","mattr",11,11,NA,"missing","too_short_for_requested_parameter",TRUE,NA,NA,"SUW","all_tokens",TRUE
"test-s14","mtld",11,11,NA,"missing","no_factor",TRUE,NA,NA,"SUW","all_tokens",TRUE
"test-s15","ttr",14,14,1,"ok",NA,FALSE,NA,NA,"SUW","all_tokens",TRUE
"test-s15","mattr",14,14,NA,"missing","too_short_for_requested_parameter",TRUE,NA,NA,"SUW","all_tokens",TRUE
"test-s15","mtld",14,14,NA,"missing","no_factor",TRUE,NA,NA,"SUW","all_tokens",TRUE
"test-s16","ttr",10,10,1,"ok",NA,FALSE,NA,NA,"SUW","all_tokens",TRUE
"test-s16","mattr",10,10,NA,"missing","too_short_for_requested_parameter",TRUE,NA,NA,"SUW","all_tokens",TRUE
"test-s16","mtld",10,10,NA,"missing","no_factor",TRUE,NA,NA,"SUW","all_tokens",TRUE
"test-s17","ttr",21,17,0.80952380952381,"ok",NA,FALSE,NA,NA,"SUW","all_tokens",TRUE
"test-s17","mattr",21,17,NA,"missing","too_short_for_requested_parameter",TRUE,NA,NA,"SUW","all_tokens",TRUE
"test-s17","mtld",21,17,22.6942592592593,"ok",NA,TRUE,TRUE,72.0511795281887,"SUW","all_tokens",TRUE
"test-s18","ttr",19,18,0.947368421052632,"ok",NA,FALSE,NA,NA,"SUW","all_tokens",TRUE
"test-s18","mattr",19,18,NA,"missing","too_short_for_requested_parameter",TRUE,NA,NA,"SUW","all_tokens",TRUE
"test-s18","mtld",19,18,101.08,"ok",NA,TRUE,TRUE,0,"SUW","all_tokens",TRUE
"test-s19","ttr",17,15,0.88235294117647,"ok",NA,FALSE,NA,NA,"SUW","all_tokens",TRUE
"test-s19","mattr",17,15,NA,"missing","too_short_for_requested_parameter",TRUE,NA,NA,"SUW","all_tokens",TRUE
"test-s19","mtld",17,15,40.46,"ok",NA,TRUE,TRUE,0,"SUW","all_tokens",TRUE
"test-s20","ttr",3,3,1,"ok",NA,FALSE,NA,NA,"SUW","all_tokens",TRUE
"test-s20","mattr",3,3,NA,"missing","too_short_for_requested_parameter",TRUE,NA,NA,"SUW","all_tokens",TRUE
"test-s20","mtld",3,3,NA,"missing","no_factor",TRUE,NA,NA,"SUW","all_tokens",TRUE
"test-s21","ttr",30,28,0.933333333333333,"ok",NA,FALSE,NA,NA,"SUW","all_tokens",TRUE
"test-s21","mattr",30,28,NA,"missing","too_short_for_requested_parameter",TRUE,NA,NA,"SUW","all_tokens",TRUE
"test-s21","mtld",30,28,126,"ok",NA,TRUE,TRUE,0,"SUW","all_tokens",TRUE
"test-s22","ttr",23,20,0.869565217391304,"ok",NA,FALSE,NA,NA,"SUW","all_tokens",TRUE
"test-s22","mattr",23,20,NA,"missing","too_short_for_requested_parameter",TRUE,NA,NA,"SUW","all_tokens",TRUE
"test-s22","mtld",23,20,34.5151550387597,"ok",NA,TRUE,TRUE,86.0965467365757,"SUW","all_tokens",TRUE
"test-s23","ttr",27,21,0.777777777777778,"ok",NA,FALSE,NA,NA,"SUW","all_tokens",TRUE
"test-s23","mattr",27,21,NA,"missing","too_short_for_requested_parameter",TRUE,NA,NA,"SUW","all_tokens",TRUE
"test-s23","mtld",27,21,34.02,"ok",NA,TRUE,TRUE,0,"SUW","all_tokens",TRUE
"test-s24","ttr",12,12,1,"ok",NA,FALSE,NA,NA,"SUW","all_tokens",TRUE
"test-s24","mattr",12,12,NA,"missing","too_short_for_requested_parameter",TRUE,NA,NA,"SUW","all_tokens",TRUE
"test-s24","mtld",12,12,NA,"missing","no_factor",TRUE,NA,NA,"SUW","all_tokens",TRUE
"test-s25","ttr",19,19,1,"ok",NA,FALSE,NA,NA,"SUW","all_tokens",TRUE
"test-s25","mattr",19,19,NA,"missing","too_short_for_requested_parameter",TRUE,NA,NA,"SUW","all_tokens",TRUE
"test-s25","mtld",19,19,NA,"missing","no_factor",TRUE,NA,NA,"SUW","all_tokens",TRUE
"test-s26","ttr",7,7,1,"ok",NA,FALSE,NA,NA,"SUW","all_tokens",TRUE
"test-s26","mattr",7,7,NA,"missing","too_short_for_requested_parameter",TRUE,NA,NA,"SUW","all_tokens",TRUE
"test-s26","mtld",7,7,NA,"missing","no_factor",TRUE,NA,NA,"SUW","all_tokens",TRUE
"test-s27","ttr",18,18,1,"ok",NA,FALSE,NA,NA,"SUW","all_tokens",TRUE
"test-s27","mattr",18,18,NA,"missing","too_short_for_requested_parameter",TRUE,NA,NA,"SUW","all_tokens",TRUE
"test-s27","mtld",18,18,NA,"missing","no_factor",TRUE,NA,NA,"SUW","all_tokens",TRUE
"test-s28","ttr",10,10,1,"ok",NA,FALSE,NA,NA,"SUW","all_tokens",TRUE
"test-s28","mattr",10,10,NA,"missing","too_short_for_requested_parameter",TRUE,NA,NA,"SUW","all_tokens",TRUE
"test-s28","mtld",10,10,NA,"missing","no_factor",TRUE,NA,NA,"SUW","all_tokens",TRUE
"test-s29","ttr",17,16,0.941176470588235,"ok",NA,FALSE,NA,NA,"SUW","all_tokens",TRUE
"test-s29","mattr",17,16,NA,"missing","too_short_for_requested_parameter",TRUE,NA,NA,"SUW","all_tokens",TRUE
"test-s29","mtld",17,16,80.92,"ok",NA,TRUE,TRUE,0,"SUW","all_tokens",TRUE
"test-s30","ttr",13,13,1,"ok",NA,FALSE,NA,NA,"SUW","all_tokens",TRUE
"test-s30","mattr",13,13,NA,"missing","too_short_for_requested_parameter",TRUE,NA,NA,"SUW","all_tokens",TRUE
"test-s30","mtld",13,13,NA,"missing","no_factor",TRUE,NA,NA,"SUW","all_tokens",TRUE
"test-s31","ttr",3,3,1,"ok",NA,FALSE,NA,NA,"SUW","all_tokens",TRUE
"test-s31","mattr",3,3,NA,"missing","too_short_for_requested_parameter",TRUE,NA,NA,"SUW","all_tokens",TRUE
"test-s31","mtld",3,3,NA,"missing","no_factor",TRUE,NA,NA,"SUW","all_tokens",TRUE
"test-s32","ttr",30,23,0.766666666666667,"ok",NA,FALSE,NA,NA,"SUW","all_tokens",TRUE
"test-s32","mattr",30,23,NA,"missing","too_short_for_requested_parameter",TRUE,NA,NA,"SUW","all_tokens",TRUE
"test-s32","mtld",30,23,33,"ok",NA,TRUE,TRUE,18.1818181818182,"SUW","all_tokens",TRUE
"test-s33","ttr",7,7,1,"ok",NA,FALSE,NA,NA,"SUW","all_tokens",TRUE
"test-s33","mattr",7,7,NA,"missing","too_short_for_requested_parameter",TRUE,NA,NA,"SUW","all_tokens",TRUE
"test-s33","mtld",7,7,NA,"missing","no_factor",TRUE,NA,NA,"SUW","all_tokens",TRUE
"test-s34","ttr",38,30,0.789473684210526,"ok",NA,FALSE,NA,NA,"SUW","all_tokens",TRUE
"test-s34","mattr",38,30,NA,"missing","too_short_for_requested_parameter",TRUE,NA,NA,"SUW","all_tokens",TRUE
"test-s34","mtld",38,30,50.54,"ok",NA,TRUE,TRUE,0,"SUW","all_tokens",TRUE
"test-s35","ttr",13,13,1,"ok",NA,FALSE,NA,NA,"SUW","all_tokens",TRUE
"test-s35","mattr",13,13,NA,"missing","too_short_for_requested_parameter",TRUE,NA,NA,"SUW","all_tokens",TRUE
"test-s35","mtld",13,13,NA,"missing","no_factor",TRUE,NA,NA,"SUW","all_tokens",TRUE
"test-s36","ttr",11,11,1,"ok",NA,FALSE,NA,NA,"SUW","all_tokens",TRUE
"test-s36","mattr",11,11,NA,"missing","too_short_for_requested_parameter",TRUE,NA,NA,"SUW","all_tokens",TRUE
"test-s36","mtld",11,11,NA,"missing","no_factor",TRUE,NA,NA,"SUW","all_tokens",TRUE
"test-s37","ttr",8,8,1,"ok",NA,FALSE,NA,NA,"SUW","all_tokens",TRUE
"test-s37","mattr",8,8,NA,"missing","too_short_for_requested_parameter",TRUE,NA,NA,"SUW","all_tokens",TRUE
"test-s37","mtld",8,8,NA,"missing","no_factor",TRUE,NA,NA,"SUW","all_tokens",TRUE
"test-s38","ttr",21,19,0.904761904761905,"ok",NA,FALSE,NA,NA,"SUW","all_tokens",TRUE
"test-s38","mattr",21,19,NA,"missing","too_short_for_requested_parameter",TRUE,NA,NA,"SUW","all_tokens",TRUE
"test-s38","mtld",21,19,41.37,"ok",NA,TRUE,TRUE,98.4771573604061,"SUW","all_tokens",TRUE
"test-s39","ttr",10,10,1,"ok",NA,FALSE,NA,NA,"SUW","all_tokens",TRUE
"test-s39","mattr",10,10,NA,"missing","too_short_for_requested_parameter",TRUE,NA,NA,"SUW","all_tokens",TRUE
"test-s39","mtld",10,10,NA,"missing","no_factor",TRUE,NA,NA,"SUW","all_tokens",TRUE
"test-s40","ttr",44,32,0.727272727272727,"ok",NA,FALSE,NA,NA,"SUW","all_tokens",TRUE
"test-s40","mattr",44,32,NA,"missing","too_short_for_requested_parameter",TRUE,NA,NA,"SUW","all_tokens",TRUE
"test-s40","mtld",44,32,44,"ok",NA,TRUE,FALSE,0,"SUW","all_tokens",TRUE
"test-s41","ttr",20,19,0.95,"ok",NA,FALSE,NA,NA,"SUW","all_tokens",TRUE
"test-s41","mattr",20,19,NA,"missing","too_short_for_requested_parameter",TRUE,NA,NA,"SUW","all_tokens",TRUE
"test-s41","mtld",20,19,112,"ok",NA,TRUE,TRUE,0,"SUW","all_tokens",TRUE
"test-s42","ttr",14,12,0.857142857142857,"ok",NA,FALSE,NA,NA,"SUW","all_tokens",TRUE
"test-s42","mattr",14,12,NA,"missing","too_short_for_requested_parameter",TRUE,NA,NA,"SUW","all_tokens",TRUE
"test-s42","mtld",14,12,27.44,"ok",NA,TRUE,TRUE,0,"SUW","all_tokens",TRUE
"test-s43","ttr",36,29,0.805555555555556,"ok",NA,FALSE,NA,NA,"SUW","all_tokens",TRUE
"test-s43","mattr",36,29,NA,"missing","too_short_for_requested_parameter",TRUE,NA,NA,"SUW","all_tokens",TRUE
"test-s43","mtld",36,29,51.84,"ok",NA,TRUE,TRUE,0,"SUW","all_tokens",TRUE
"test-s44","ttr",14,14,1,"ok",NA,FALSE,NA,NA,"SUW","all_tokens",TRUE
"test-s44","mattr",14,14,NA,"missing","too_short_for_requested_parameter",TRUE,NA,NA,"SUW","all_tokens",TRUE
"test-s44","mtld",14,14,NA,"missing","no_factor",TRUE,NA,NA,"SUW","all_tokens",TRUE
"test-s45","ttr",10,10,1,"ok",NA,FALSE,NA,NA,"SUW","all_tokens",TRUE
"test-s45","mattr",10,10,NA,"missing","too_short_for_requested_parameter",TRUE,NA,NA,"SUW","all_tokens",TRUE
"test-s45","mtld",10,10,NA,"missing","no_factor",TRUE,NA,NA,"SUW","all_tokens",TRUE
"test-s46","ttr",16,16,1,"ok",NA,FALSE,NA,NA,"SUW","all_tokens",TRUE
"test-s46","mattr",16,16,NA,"missing","too_short_for_requested_parameter",TRUE,NA,NA,"SUW","all_tokens",TRUE
"test-s46","mtld",16,16,NA,"missing","no_factor",TRUE,NA,NA,"SUW","all_tokens",TRUE
"test-s47","ttr",26,22,0.846153846153846,"ok",NA,FALSE,NA,NA,"SUW","all_tokens",TRUE
"test-s47","mattr",26,22,NA,"missing","too_short_for_requested_parameter",TRUE,NA,NA,"SUW","all_tokens",TRUE
"test-s47","mtld",26,22,47.32,"ok",NA,TRUE,TRUE,0,"SUW","all_tokens",TRUE
"test-s48","ttr",30,28,0.933333333333333,"ok",NA,FALSE,NA,NA,"SUW","all_tokens",TRUE
"test-s48","mattr",30,28,NA,"missing","too_short_for_requested_parameter",TRUE,NA,NA,"SUW","all_tokens",TRUE
"test-s48","mtld",30,28,126,"ok",NA,TRUE,TRUE,0,"SUW","all_tokens",TRUE
"test-s49","ttr",17,17,1,"ok",NA,FALSE,NA,NA,"SUW","all_tokens",TRUE
"test-s49","mattr",17,17,NA,"missing","too_short_for_requested_parameter",TRUE,NA,NA,"SUW","all_tokens",TRUE
"test-s49","mtld",17,17,NA,"missing","no_factor",TRUE,NA,NA,"SUW","all_tokens",TRUE
"test-s50","ttr",15,14,0.933333333333333,"ok",NA,FALSE,NA,NA,"SUW","all_tokens",TRUE
"test-s50","mattr",15,14,NA,"missing","too_short_for_requested_parameter",TRUE,NA,NA,"SUW","all_tokens",TRUE
"test-s50","mtld",15,14,63,"ok",NA,TRUE,TRUE,0,"SUW","all_tokens",TRUE
"test-s51","ttr",16,16,1,"ok",NA,FALSE,NA,NA,"SUW","all_tokens",TRUE
"test-s51","mattr",16,16,NA,"missing","too_short_for_requested_parameter",TRUE,NA,NA,"SUW","all_tokens",TRUE
"test-s51","mtld",16,16,NA,"missing","no_factor",TRUE,NA,NA,"SUW","all_tokens",TRUE
"test-s52","ttr",32,21,0.65625,"ok",NA,FALSE,NA,NA,"SUW","all_tokens",TRUE
"test-s52","mattr",32,21,NA,"missing","too_short_for_requested_parameter",TRUE,NA,NA,"SUW","all_tokens",TRUE
"test-s52","mtld",32,21,27.0617283950617,"ok",NA,TRUE,FALSE,36.4963503649635,"SUW","all_tokens",TRUE
"test-s53","ttr",21,17,0.80952380952381,"ok",NA,FALSE,NA,NA,"SUW","all_tokens",TRUE
"test-s53","mattr",21,17,NA,"missing","too_short_for_requested_parameter",TRUE,NA,NA,"SUW","all_tokens",TRUE
"test-s53","mtld",21,17,30.87,"ok",NA,TRUE,TRUE,0,"SUW","all_tokens",TRUE
"test-s54","ttr",11,11,1,"ok",NA,FALSE,NA,NA,"SUW","all_tokens",TRUE
"test-s54","mattr",11,11,NA,"missing","too_short_for_requested_parameter",TRUE,NA,NA,"SUW","all_tokens",TRUE
"test-s54","mtld",11,11,NA,"missing","no_factor",TRUE,NA,NA,"SUW","all_tokens",TRUE
"test-s55","ttr",19,19,1,"ok",NA,FALSE,NA,NA,"SUW","all_tokens",TRUE
"test-s55","mattr",19,19,NA,"missing","too_short_for_requested_parameter",TRUE,NA,NA,"SUW","all_tokens",TRUE
"test-s55","mtld",19,19,NA,"missing","no_factor",TRUE,NA,NA,"SUW","all_tokens",TRUE
"test-s56","ttr",17,15,0.88235294117647,"ok",NA,FALSE,NA,NA,"SUW","all_tokens",TRUE
"test-s56","mattr",17,15,NA,"missing","too_short_for_requested_parameter",TRUE,NA,NA,"SUW","all_tokens",TRUE
"test-s56","mtld",17,15,40.46,"ok",NA,TRUE,TRUE,0,"SUW","all_tokens",TRUE
"test-s57","ttr",17,15,0.88235294117647,"ok",NA,FALSE,NA,NA,"SUW","all_tokens",TRUE
"test-s57","mattr",17,15,NA,"missing","too_short_for_requested_parameter",TRUE,NA,NA,"SUW","all_tokens",TRUE
"test-s57","mtld",17,15,40.46,"ok",NA,TRUE,TRUE,0,"SUW","all_tokens",TRUE
"test-s58","ttr",6,6,1,"ok",NA,FALSE,NA,NA,"SUW","all_tokens",TRUE
"test-s58","mattr",6,6,NA,"missing","too_short_for_requested_parameter",TRUE,NA,NA,"SUW","all_tokens",TRUE
"test-s58","mtld",6,6,NA,"missing","no_factor",TRUE,NA,NA,"SUW","all_tokens",TRUE
"test-s59","ttr",18,18,1,"ok",NA,FALSE,NA,NA,"SUW","all_tokens",TRUE
"test-s59","mattr",18,18,NA,"missing","too_short_for_requested_parameter",TRUE,NA,NA,"SUW","all_tokens",TRUE
"test-s59","mtld",18,18,NA,"missing","no_factor",TRUE,NA,NA,"SUW","all_tokens",TRUE
"test-s60","ttr",18,17,0.944444444444444,"ok",NA,FALSE,NA,NA,"SUW","all_tokens",TRUE
"test-s60","mattr",18,17,NA,"missing","too_short_for_requested_parameter",TRUE,NA,NA,"SUW","all_tokens",TRUE
"test-s60","mtld",18,17,90.72,"ok",NA,TRUE,TRUE,0,"SUW","all_tokens",TRUE
"test-s61","ttr",7,7,1,"ok",NA,FALSE,NA,NA,"SUW","all_tokens",TRUE
"test-s61","mattr",7,7,NA,"missing","too_short_for_requested_parameter",TRUE,NA,NA,"SUW","all_tokens",TRUE
"test-s61","mtld",7,7,NA,"missing","no_factor",TRUE,NA,NA,"SUW","all_tokens",TRUE
"test-s62","ttr",21,18,0.857142857142857,"ok",NA,FALSE,NA,NA,"SUW","all_tokens",TRUE
"test-s62","mattr",21,18,NA,"missing","too_short_for_requested_parameter",TRUE,NA,NA,"SUW","all_tokens",TRUE
"test-s62","mtld",21,18,41.16,"ok",NA,TRUE,TRUE,0,"SUW","all_tokens",TRUE
"test-s63","ttr",16,15,0.9375,"ok",NA,FALSE,NA,NA,"SUW","all_tokens",TRUE
"test-s63","mattr",16,15,NA,"missing","too_short_for_requested_parameter",TRUE,NA,NA,"SUW","all_tokens",TRUE
"test-s63","mtld",16,15,71.68,"ok",NA,TRUE,TRUE,0,"SUW","all_tokens",TRUE
"test-s64","ttr",19,18,0.947368421052632,"ok",NA,FALSE,NA,NA,"SUW","all_tokens",TRUE
"test-s64","mattr",19,18,NA,"missing","too_short_for_requested_parameter",TRUE,NA,NA,"SUW","all_tokens",TRUE
"test-s64","mtld",19,18,101.08,"ok",NA,TRUE,TRUE,0,"SUW","all_tokens",TRUE
"test-s65","ttr",9,9,1,"ok",NA,FALSE,NA,NA,"SUW","all_tokens",TRUE
"test-s65","mattr",9,9,NA,"missing","too_short_for_requested_parameter",TRUE,NA,NA,"SUW","all_tokens",TRUE
"test-s65","mtld",9,9,NA,"missing","no_factor",TRUE,NA,NA,"SUW","all_tokens",TRUE
"test-s66","ttr",7,7,1,"ok",NA,FALSE,NA,NA,"SUW","all_tokens",TRUE
"test-s66","mattr",7,7,NA,"missing","too_short_for_requested_parameter",TRUE,NA,NA,"SUW","all_tokens",TRUE
"test-s66","mtld",7,7,NA,"missing","no_factor",TRUE,NA,NA,"SUW","all_tokens",TRUE
"test-s67","ttr",7,7,1,"ok",NA,FALSE,NA,NA,"SUW","all_tokens",TRUE
"test-s67","mattr",7,7,NA,"missing","too_short_for_requested_parameter",TRUE,NA,NA,"SUW","all_tokens",TRUE
"test-s67","mtld",7,7,NA,"missing","no_factor",TRUE,NA,NA,"SUW","all_tokens",TRUE
"test-s68","ttr",23,22,0.956521739130435,"ok",NA,FALSE,NA,NA,"SUW","all_tokens",TRUE
"test-s68","mattr",23,22,NA,"missing","too_short_for_requested_parameter",TRUE,NA,NA,"SUW","all_tokens",TRUE
"test-s68","mtld",23,22,148.12,"ok",NA,TRUE,TRUE,0,"SUW","all_tokens",TRUE
"test-s69","ttr",24,22,0.916666666666667,"ok",NA,FALSE,NA,NA,"SUW","all_tokens",TRUE
"test-s69","mattr",24,22,NA,"missing","too_short_for_requested_parameter",TRUE,NA,NA,"SUW","all_tokens",TRUE
"test-s69","mtld",24,22,80.64,"ok",NA,TRUE,TRUE,0,"SUW","all_tokens",TRUE
"test-s70","ttr",16,16,1,"ok",NA,FALSE,NA,NA,"SUW","all_tokens",TRUE
"test-s70","mattr",16,16,NA,"missing","too_short_for_requested_parameter",TRUE,NA,NA,"SUW","all_tokens",TRUE
"test-s70","mtld",16,16,NA,"missing","no_factor",TRUE,NA,NA,"SUW","all_tokens",TRUE
"test-s71","ttr",26,21,0.807692307692308,"ok",NA,FALSE,NA,NA,"SUW","all_tokens",TRUE
"test-s71","mattr",26,21,NA,"missing","too_short_for_requested_parameter",TRUE,NA,NA,"SUW","all_tokens",TRUE
"test-s71","mtld",26,21,37.856,"ok",NA,TRUE,TRUE,0,"SUW","all_tokens",TRUE
"test-s72","ttr",3,3,1,"ok",NA,FALSE,NA,NA,"SUW","all_tokens",TRUE
"test-s72","mattr",3,3,NA,"missing","too_short_for_requested_parameter",TRUE,NA,NA,"SUW","all_tokens",TRUE
"test-s72","mtld",3,3,NA,"missing","no_factor",TRUE,NA,NA,"SUW","all_tokens",TRUE
"test-s73","ttr",3,2,0.666666666666667,"ok",NA,FALSE,NA,NA,"SUW","all_tokens",TRUE
"test-s73","mattr",3,2,NA,"missing","too_short_for_requested_parameter",TRUE,NA,NA,"SUW","all_tokens",TRUE
"test-s73","mtld",3,2,3,"ok",NA,TRUE,FALSE,0,"SUW","all_tokens",TRUE
"test-s74","ttr",38,29,0.763157894736842,"ok",NA,FALSE,NA,NA,"SUW","all_tokens",TRUE
"test-s74","mattr",38,29,NA,"missing","too_short_for_requested_parameter",TRUE,NA,NA,"SUW","all_tokens",TRUE
"test-s74","mtld",38,29,44.9244444444445,"ok",NA,TRUE,TRUE,0,"SUW","all_tokens",TRUE
"test-s75","ttr",11,10,0.909090909090909,"ok",NA,FALSE,NA,NA,"SUW","all_tokens",TRUE
"test-s75","mattr",11,10,NA,"missing","too_short_for_requested_parameter",TRUE,NA,NA,"SUW","all_tokens",TRUE
"test-s75","mtld",11,10,33.88,"ok",NA,TRUE,TRUE,0,"SUW","all_tokens",TRUE
"test-s76","ttr",22,19,0.863636363636364,"ok",NA,FALSE,NA,NA,"SUW","all_tokens",TRUE
"test-s76","mattr",22,19,NA,"missing","too_short_for_requested_parameter",TRUE,NA,NA,"SUW","all_tokens",TRUE
"test-s76","mtld",22,19,45.1733333333333,"ok",NA,TRUE,TRUE,0,"SUW","all_tokens",TRUE
"test-s77","ttr",33,30,0.909090909090909,"ok",NA,FALSE,NA,NA,"SUW","all_tokens",TRUE
"test-s77","mattr",33,30,NA,"missing","too_short_for_requested_parameter",TRUE,NA,NA,"SUW","all_tokens",TRUE
"test-s77","mtld",33,30,101.64,"ok",NA,TRUE,TRUE,0,"SUW","all_tokens",TRUE
"test-s78","ttr",36,29,0.805555555555556,"ok",NA,FALSE,NA,NA,"SUW","all_tokens",TRUE
"test-s78","mattr",36,29,NA,"missing","too_short_for_requested_parameter",TRUE,NA,NA,"SUW","all_tokens",TRUE
"test-s78","mtld",36,29,51.84,"ok",NA,TRUE,TRUE,0,"SUW","all_tokens",TRUE
"test-s79","ttr",17,16,0.941176470588235,"ok",NA,FALSE,NA,NA,"SUW","all_tokens",TRUE
"test-s79","mattr",17,16,NA,"missing","too_short_for_requested_parameter",TRUE,NA,NA,"SUW","all_tokens",TRUE
"test-s79","mtld",17,16,80.92,"ok",NA,TRUE,TRUE,0,"SUW","all_tokens",TRUE
"test-s80","ttr",19,16,0.842105263157895,"ok",NA,FALSE,NA,NA,"SUW","all_tokens",TRUE
"test-s80","mattr",19,16,NA,"missing","too_short_for_requested_parameter",TRUE,NA,NA,"SUW","all_tokens",TRUE
"test-s80","mtld",19,16,33.6933333333333,"ok",NA,TRUE,TRUE,0,"SUW","all_tokens",TRUE
"test-s81","ttr",24,22,0.916666666666667,"ok",NA,FALSE,NA,NA,"SUW","all_tokens",TRUE
"test-s81","mattr",24,22,NA,"missing","too_short_for_requested_parameter",TRUE,NA,NA,"SUW","all_tokens",TRUE
"test-s81","mtld",24,22,80.64,"ok",NA,TRUE,TRUE,0,"SUW","all_tokens",TRUE
"test-s82","ttr",6,6,1,"ok",NA,FALSE,NA,NA,"SUW","all_tokens",TRUE
"test-s82","mattr",6,6,NA,"missing","too_short_for_requested_parameter",TRUE,NA,NA,"SUW","all_tokens",TRUE
"test-s82","mtld",6,6,NA,"missing","no_factor",TRUE,NA,NA,"SUW","all_tokens",TRUE
"test-s83","ttr",12,12,1,"ok",NA,FALSE,NA,NA,"SUW","all_tokens",TRUE
"test-s83","mattr",12,12,NA,"missing","too_short_for_requested_parameter",TRUE,NA,NA,"SUW","all_tokens",TRUE
"test-s83","mtld",12,12,NA,"missing","no_factor",TRUE,NA,NA,"SUW","all_tokens",TRUE
"test-s84","ttr",42,35,0.833333333333333,"ok",NA,FALSE,NA,NA,"SUW","all_tokens",TRUE
"test-s84","mattr",42,35,NA,"missing","too_short_for_requested_parameter",TRUE,NA,NA,"SUW","all_tokens",TRUE
"test-s84","mtld",42,35,70.56,"ok",NA,TRUE,TRUE,0,"SUW","all_tokens",TRUE
"test-s85","ttr",28,27,0.964285714285714,"ok",NA,FALSE,NA,NA,"SUW","all_tokens",TRUE
"test-s85","mattr",28,27,NA,"missing","too_short_for_requested_parameter",TRUE,NA,NA,"SUW","all_tokens",TRUE
"test-s85","mtld",28,27,219.52,"ok",NA,TRUE,TRUE,0,"SUW","all_tokens",TRUE
"test-s86","ttr",9,9,1,"ok",NA,FALSE,NA,NA,"SUW","all_tokens",TRUE
"test-s86","mattr",9,9,NA,"missing","too_short_for_requested_parameter",TRUE,NA,NA,"SUW","all_tokens",TRUE
"test-s86","mtld",9,9,NA,"missing","no_factor",TRUE,NA,NA,"SUW","all_tokens",TRUE
"test-s87","ttr",12,11,0.916666666666667,"ok",NA,FALSE,NA,NA,"SUW","all_tokens",TRUE
"test-s87","mattr",12,11,NA,"missing","too_short_for_requested_parameter",TRUE,NA,NA,"SUW","all_tokens",TRUE
"test-s87","mtld",12,11,40.32,"ok",NA,TRUE,TRUE,0,"SUW","all_tokens",TRUE
"test-s88","ttr",41,35,0.853658536585366,"ok",NA,FALSE,NA,NA,"SUW","all_tokens",TRUE
"test-s88","mattr",41,35,NA,"missing","too_short_for_requested_parameter",TRUE,NA,NA,"SUW","all_tokens",TRUE
"test-s88","mtld",41,35,78.4466666666667,"ok",NA,TRUE,TRUE,0,"SUW","all_tokens",TRUE
"test-s89","ttr",48,38,0.791666666666667,"ok",NA,FALSE,NA,NA,"SUW","all_tokens",TRUE
"test-s89","mattr",48,38,NA,"missing","too_short_for_requested_parameter",TRUE,NA,NA,"SUW","all_tokens",TRUE
"test-s89","mtld",48,38,64.512,"ok",NA,TRUE,TRUE,0,"SUW","all_tokens",TRUE
"test-s90","ttr",18,17,0.944444444444444,"ok",NA,FALSE,NA,NA,"SUW","all_tokens",TRUE
"test-s90","mattr",18,17,NA,"missing","too_short_for_requested_parameter",TRUE,NA,NA,"SUW","all_tokens",TRUE
"test-s90","mtld",18,17,90.72,"ok",NA,TRUE,TRUE,0,"SUW","all_tokens",TRUE
"test-s91","ttr",15,14,0.933333333333333,"ok",NA,FALSE,NA,NA,"SUW","all_tokens",TRUE
"test-s91","mattr",15,14,NA,"missing","too_short_for_requested_parameter",TRUE,NA,NA,"SUW","all_tokens",TRUE
"test-s91","mtld",15,14,63,"ok",NA,TRUE,TRUE,0,"SUW","all_tokens",TRUE
"test-s92","ttr",13,13,1,"ok",NA,FALSE,NA,NA,"SUW","all_tokens",TRUE
"test-s92","mattr",13,13,NA,"missing","too_short_for_requested_parameter",TRUE,NA,NA,"SUW","all_tokens",TRUE
"test-s92","mtld",13,13,NA,"missing","no_factor",TRUE,NA,NA,"SUW","all_tokens",TRUE
"test-s93","ttr",10,10,1,"ok",NA,FALSE,NA,NA,"SUW","all_tokens",TRUE
"test-s93","mattr",10,10,NA,"missing","too_short_for_requested_parameter",TRUE,NA,NA,"SUW","all_tokens",TRUE
"test-s93","mtld",10,10,NA,"missing","no_factor",TRUE,NA,NA,"SUW","all_tokens",TRUE
"test-s94","ttr",43,37,0.86046511627907,"ok",NA,FALSE,NA,NA,"SUW","all_tokens",TRUE
"test-s94","mattr",43,37,NA,"missing","too_short_for_requested_parameter",TRUE,NA,NA,"SUW","all_tokens",TRUE
"test-s94","mtld",43,37,86.2866666666667,"ok",NA,TRUE,TRUE,0,"SUW","all_tokens",TRUE
"test-s95","ttr",42,32,0.761904761904762,"ok",NA,FALSE,NA,NA,"SUW","all_tokens",TRUE
"test-s95","mattr",42,32,NA,"missing","too_short_for_requested_parameter",TRUE,NA,NA,"SUW","all_tokens",TRUE
"test-s95","mtld",42,32,49.392,"ok",NA,TRUE,TRUE,0,"SUW","all_tokens",TRUE
"test-s96","ttr",4,4,1,"ok",NA,FALSE,NA,NA,"SUW","all_tokens",TRUE
"test-s96","mattr",4,4,NA,"missing","too_short_for_requested_parameter",TRUE,NA,NA,"SUW","all_tokens",TRUE
"test-s96","mtld",4,4,NA,"missing","no_factor",TRUE,NA,NA,"SUW","all_tokens",TRUE
"test-s97","ttr",12,12,1,"ok",NA,FALSE,NA,NA,"SUW","all_tokens",TRUE
"test-s97","mattr",12,12,NA,"missing","too_short_for_requested_parameter",TRUE,NA,NA,"SUW","all_tokens",TRUE
"test-s97","mtld",12,12,NA,"missing","no_factor",TRUE,NA,NA,"SUW","all_tokens",TRUE
"test-s98","ttr",13,10,0.769230769230769,"ok",NA,FALSE,NA,NA,"SUW","all_tokens",TRUE
"test-s98","mattr",13,10,NA,"missing","too_short_for_requested_parameter",TRUE,NA,NA,"SUW","all_tokens",TRUE
"test-s98","mtld",13,10,12.6761403508772,"ok",NA,TRUE,TRUE,48.8664987405542,"SUW","all_tokens",TRUE
"test-s99","ttr",13,13,1,"ok",NA,FALSE,NA,NA,"SUW","all_tokens",TRUE
"test-s99","mattr",13,13,NA,"missing","too_short_for_requested_parameter",TRUE,NA,NA,"SUW","all_tokens",TRUE
"test-s99","mtld",13,13,NA,"missing","no_factor",TRUE,NA,NA,"SUW","all_tokens",TRUE
"test-s100","ttr",40,31,0.775,"ok",NA,FALSE,NA,NA,"SUW","all_tokens",TRUE
"test-s100","mattr",40,31,NA,"missing","too_short_for_requested_parameter",TRUE,NA,NA,"SUW","all_tokens",TRUE
"test-s100","mtld",40,31,49.7777777777778,"ok",NA,TRUE,TRUE,0,"SUW","all_tokens",TRUE
"test-s101","ttr",23,22,0.956521739130435,"ok",NA,FALSE,NA,NA,"SUW","all_tokens",TRUE
"test-s101","mattr",23,22,NA,"missing","too_short_for_requested_parameter",TRUE,NA,NA,"SUW","all_tokens",TRUE
"test-s101","mtld",23,22,148.12,"ok",NA,TRUE,TRUE,0,"SUW","all_tokens",TRUE
"test-s102","ttr",16,14,0.875,"ok",NA,FALSE,NA,NA,"SUW","all_tokens",TRUE
"test-s102","mattr",16,14,NA,"missing","too_short_for_requested_parameter",TRUE,NA,NA,"SUW","all_tokens",TRUE
"test-s102","mtld",16,14,25.92,"ok",NA,TRUE,TRUE,76.5432098765432,"SUW","all_tokens",TRUE
"test-s103","ttr",56,46,0.821428571428571,"ok",NA,FALSE,NA,NA,"SUW","all_tokens",TRUE
"test-s103","mattr",56,46,0.817142857142857,"ok",NA,FALSE,NA,NA,"SUW","all_tokens",TRUE
"test-s103","mtld",56,46,87.808,"ok",NA,FALSE,TRUE,0,"SUW","all_tokens",TRUE
"test-s104","ttr",17,16,0.941176470588235,"ok",NA,FALSE,NA,NA,"SUW","all_tokens",TRUE
"test-s104","mattr",17,16,NA,"missing","too_short_for_requested_parameter",TRUE,NA,NA,"SUW","all_tokens",TRUE
"test-s104","mtld",17,16,80.92,"ok",NA,TRUE,TRUE,0,"SUW","all_tokens",TRUE
"test-s105","ttr",51,36,0.705882352941177,"ok",NA,FALSE,NA,NA,"SUW","all_tokens",TRUE
"test-s105","mattr",51,36,0.7,"ok",NA,FALSE,NA,NA,"SUW","all_tokens",TRUE
"test-s105","mtld",51,36,51,"ok",NA,FALSE,FALSE,0,"SUW","all_tokens",TRUE
"test-s106","ttr",23,21,0.91304347826087,"ok",NA,FALSE,NA,NA,"SUW","all_tokens",TRUE
"test-s106","mattr",23,21,NA,"missing","too_short_for_requested_parameter",TRUE,NA,NA,"SUW","all_tokens",TRUE
"test-s106","mtld",23,21,74.06,"ok",NA,TRUE,TRUE,0,"SUW","all_tokens",TRUE
"test-s107","ttr",55,35,0.636363636363636,"ok",NA,FALSE,NA,NA,"SUW","all_tokens",TRUE
"test-s107","mattr",55,35,0.623333333333333,"ok",NA,FALSE,NA,NA,"SUW","all_tokens",TRUE
"test-s107","mtld",55,35,43.766064871481,"ok",NA,FALSE,FALSE,14.8048452220726,"SUW","all_tokens",TRUE
"test-s108","ttr",41,29,0.707317073170732,"ok",NA,FALSE,NA,NA,"SUW","all_tokens",TRUE
"test-s108","mattr",41,29,NA,"missing","too_short_for_requested_parameter",TRUE,NA,NA,"SUW","all_tokens",TRUE
"test-s108","mtld",41,29,41,"ok",NA,TRUE,FALSE,0,"SUW","all_tokens",TRUE
"test-s109","ttr",21,20,0.952380952380952,"ok",NA,FALSE,NA,NA,"SUW","all_tokens",TRUE
"test-s109","mattr",21,20,NA,"missing","too_short_for_requested_parameter",TRUE,NA,NA,"SUW","all_tokens",TRUE
"test-s109","mtld",21,20,123.48,"ok",NA,TRUE,TRUE,0,"SUW","all_tokens",TRUE
"test-s110","ttr",18,16,0.888888888888889,"ok",NA,FALSE,NA,NA,"SUW","all_tokens",TRUE
"test-s110","mattr",18,16,NA,"missing","too_short_for_requested_parameter",TRUE,NA,NA,"SUW","all_tokens",TRUE
"test-s110","mtld",18,16,45.36,"ok",NA,TRUE,TRUE,0,"SUW","all_tokens",TRUE
"test-s111","ttr",22,20,0.909090909090909,"ok",NA,FALSE,NA,NA,"SUW","all_tokens",TRUE
"test-s111","mattr",22,20,NA,"missing","too_short_for_requested_parameter",TRUE,NA,NA,"SUW","all_tokens",TRUE
"test-s111","mtld",22,20,67.76,"ok",NA,TRUE,TRUE,0,"SUW","all_tokens",TRUE
"test-s112","ttr",36,30,0.833333333333333,"ok",NA,FALSE,NA,NA,"SUW","all_tokens",TRUE
"test-s112","mattr",36,30,NA,"missing","too_short_for_requested_parameter",TRUE,NA,NA,"SUW","all_tokens",TRUE
"test-s112","mtld",36,30,60.48,"ok",NA,TRUE,TRUE,0,"SUW","all_tokens",TRUE
"test-s113","ttr",37,29,0.783783783783784,"ok",NA,FALSE,NA,NA,"SUW","all_tokens",TRUE
"test-s113","mattr",37,29,NA,"missing","too_short_for_requested_parameter",TRUE,NA,NA,"SUW","all_tokens",TRUE
"test-s113","mtld",37,29,47.915,"ok",NA,TRUE,TRUE,0,"SUW","all_tokens",TRUE
"test-s114","ttr",46,35,0.760869565217391,"ok",NA,FALSE,NA,NA,"SUW","all_tokens",TRUE
"test-s114","mattr",46,35,NA,"missing","too_short_for_requested_parameter",TRUE,NA,NA,"SUW","all_tokens",TRUE
"test-s114","mtld",46,35,53.8618181818182,"ok",NA,TRUE,TRUE,0,"SUW","all_tokens",TRUE
"test-s115","ttr",42,34,0.80952380952381,"ok",NA,FALSE,NA,NA,"SUW","all_tokens",TRUE
"test-s115","mattr",42,34,NA,"missing","too_short_for_requested_parameter",TRUE,NA,NA,"SUW","all_tokens",TRUE
"test-s115","mtld",42,34,61.74,"ok",NA,TRUE,TRUE,0,"SUW","all_tokens",TRUE
"test-s116","ttr",19,19,1,"ok",NA,FALSE,NA,NA,"SUW","all_tokens",TRUE
"test-s116","mattr",19,19,NA,"missing","too_short_for_requested_parameter",TRUE,NA,NA,"SUW","all_tokens",TRUE
"test-s116","mtld",19,19,NA,"missing","no_factor",TRUE,NA,NA,"SUW","all_tokens",TRUE
"test-s117","ttr",27,24,0.888888888888889,"ok",NA,FALSE,NA,NA,"SUW","all_tokens",TRUE
"test-s117","mattr",27,24,NA,"missing","too_short_for_requested_parameter",TRUE,NA,NA,"SUW","all_tokens",TRUE
"test-s117","mtld",27,24,68.04,"ok",NA,TRUE,TRUE,0,"SUW","all_tokens",TRUE
"test-s118","ttr",33,22,0.666666666666667,"ok",NA,FALSE,NA,NA,"SUW","all_tokens",TRUE
"test-s118","mattr",33,22,NA,"missing","too_short_for_requested_parameter",TRUE,NA,NA,"SUW","all_tokens",TRUE
"test-s118","mtld",33,22,12.5646551724138,"ok",NA,TRUE,FALSE,62.6415094339623,"SUW","all_tokens",TRUE
"test-s119","ttr",68,48,0.705882352941177,"ok",NA,FALSE,NA,NA,"SUW","all_tokens",TRUE
"test-s119","mattr",68,48,0.771578947368421,"ok",NA,FALSE,NA,NA,"SUW","all_tokens",TRUE
"test-s119","mtld",68,48,68,"ok",NA,FALSE,FALSE,0,"SUW","all_tokens",TRUE
"test-s120","ttr",16,15,0.9375,"ok",NA,FALSE,NA,NA,"SUW","all_tokens",TRUE
"test-s120","mattr",16,15,NA,"missing","too_short_for_requested_parameter",TRUE,NA,NA,"SUW","all_tokens",TRUE
"test-s120","mtld",16,15,71.68,"ok",NA,TRUE,TRUE,0,"SUW","all_tokens",TRUE
"test-s121","ttr",17,16,0.941176470588235,"ok",NA,FALSE,NA,NA,"SUW","all_tokens",TRUE
"test-s121","mattr",17,16,NA,"missing","too_short_for_requested_parameter",TRUE,NA,NA,"SUW","all_tokens",TRUE
"test-s121","mtld",17,16,80.92,"ok",NA,TRUE,TRUE,0,"SUW","all_tokens",TRUE
"test-s122","ttr",21,19,0.904761904761905,"ok",NA,FALSE,NA,NA,"SUW","all_tokens",TRUE
"test-s122","mattr",21,19,NA,"missing","too_short_for_requested_parameter",TRUE,NA,NA,"SUW","all_tokens",TRUE
"test-s122","mtld",21,19,61.74,"ok",NA,TRUE,TRUE,0,"SUW","all_tokens",TRUE
"test-s123","ttr",23,22,0.956521739130435,"ok",NA,FALSE,NA,NA,"SUW","all_tokens",TRUE
"test-s123","mattr",23,22,NA,"missing","too_short_for_requested_parameter",TRUE,NA,NA,"SUW","all_tokens",TRUE
"test-s123","mtld",23,22,148.12,"ok",NA,TRUE,TRUE,0,"SUW","all_tokens",TRUE
"test-s124","ttr",44,40,0.909090909090909,"ok",NA,FALSE,NA,NA,"SUW","all_tokens",TRUE
"test-s124","mattr",44,40,NA,"missing","too_short_for_requested_parameter",TRUE,NA,NA,"SUW","all_tokens",TRUE
"test-s124","mtld",44,40,135.52,"ok",NA,TRUE,TRUE,0,"SUW","all_tokens",TRUE
"test-s125","ttr",32,30,0.9375,"ok",NA,FALSE,NA,NA,"SUW","all_tokens",TRUE
"test-s125","mattr",32,30,NA,"missing","too_short_for_requested_parameter",TRUE,NA,NA,"SUW","all_tokens",TRUE
"test-s125","mtld",32,30,143.36,"ok",NA,TRUE,TRUE,0,"SUW","all_tokens",TRUE
"test-s126","ttr",31,30,0.967741935483871,"ok",NA,FALSE,NA,NA,"SUW","all_tokens",TRUE
"test-s126","mattr",31,30,NA,"missing","too_short_for_requested_parameter",TRUE,NA,NA,"SUW","all_tokens",TRUE
"test-s126","mtld",31,30,269.08,"ok",NA,TRUE,TRUE,0,"SUW","all_tokens",TRUE
"test-s127","ttr",21,20,0.952380952380952,"ok",NA,FALSE,NA,NA,"SUW","all_tokens",TRUE
"test-s127","mattr",21,20,NA,"missing","too_short_for_requested_parameter",TRUE,NA,NA,"SUW","all_tokens",TRUE
"test-s127","mtld",21,20,123.48,"ok",NA,TRUE,TRUE,0,"SUW","all_tokens",TRUE
"test-s128","ttr",5,5,1,"ok",NA,FALSE,NA,NA,"SUW","all_tokens",TRUE
"test-s128","mattr",5,5,NA,"missing","too_short_for_requested_parameter",TRUE,NA,NA,"SUW","all_tokens",TRUE
"test-s128","mtld",5,5,NA,"missing","no_factor",TRUE,NA,NA,"SUW","all_tokens",TRUE
"test-s129","ttr",20,19,0.95,"ok",NA,FALSE,NA,NA,"SUW","all_tokens",TRUE
"test-s129","mattr",20,19,NA,"missing","too_short_for_requested_parameter",TRUE,NA,NA,"SUW","all_tokens",TRUE
"test-s129","mtld",20,19,112,"ok",NA,TRUE,TRUE,0,"SUW","all_tokens",TRUE
"test-s130","ttr",42,30,0.714285714285714,"ok",NA,FALSE,NA,NA,"SUW","all_tokens",TRUE
"test-s130","mattr",42,30,NA,"missing","too_short_for_requested_parameter",TRUE,NA,NA,"SUW","all_tokens",TRUE
"test-s130","mtld",42,30,42,"ok",NA,TRUE,FALSE,0,"SUW","all_tokens",TRUE
"test-s131","ttr",23,21,0.91304347826087,"ok",NA,FALSE,NA,NA,"SUW","all_tokens",TRUE
"test-s131","mattr",23,21,NA,"missing","too_short_for_requested_parameter",TRUE,NA,NA,"SUW","all_tokens",TRUE
"test-s131","mtld",23,21,74.06,"ok",NA,TRUE,TRUE,0,"SUW","all_tokens",TRUE
"test-s132","ttr",47,39,0.829787234042553,"ok",NA,FALSE,NA,NA,"SUW","all_tokens",TRUE
"test-s132","mattr",47,39,NA,"missing","too_short_for_requested_parameter",TRUE,NA,NA,"SUW","all_tokens",TRUE
"test-s132","mtld",47,39,77.315,"ok",NA,TRUE,TRUE,0,"SUW","all_tokens",TRUE
"test-s133","ttr",11,11,1,"ok",NA,FALSE,NA,NA,"SUW","all_tokens",TRUE
"test-s133","mattr",11,11,NA,"missing","too_short_for_requested_parameter",TRUE,NA,NA,"SUW","all_tokens",TRUE
"test-s133","mtld",11,11,NA,"missing","no_factor",TRUE,NA,NA,"SUW","all_tokens",TRUE
"test-s134","ttr",27,25,0.925925925925926,"ok",NA,FALSE,NA,NA,"SUW","all_tokens",TRUE
"test-s134","mattr",27,25,NA,"missing","too_short_for_requested_parameter",TRUE,NA,NA,"SUW","all_tokens",TRUE
"test-s134","mtld",27,25,102.06,"ok",NA,TRUE,TRUE,0,"SUW","all_tokens",TRUE
"test-s135","ttr",13,12,0.923076923076923,"ok",NA,FALSE,NA,NA,"SUW","all_tokens",TRUE
"test-s135","mattr",13,12,NA,"missing","too_short_for_requested_parameter",TRUE,NA,NA,"SUW","all_tokens",TRUE
"test-s135","mtld",13,12,47.32,"ok",NA,TRUE,TRUE,0,"SUW","all_tokens",TRUE
"test-s136","ttr",5,5,1,"ok",NA,FALSE,NA,NA,"SUW","all_tokens",TRUE
"test-s136","mattr",5,5,NA,"missing","too_short_for_requested_parameter",TRUE,NA,NA,"SUW","all_tokens",TRUE
"test-s136","mtld",5,5,NA,"missing","no_factor",TRUE,NA,NA,"SUW","all_tokens",TRUE
"test-s137","ttr",11,11,1,"ok",NA,FALSE,NA,NA,"SUW","all_tokens",TRUE
"test-s137","mattr",11,11,NA,"missing","too_short_for_requested_parameter",TRUE,NA,NA,"SUW","all_tokens",TRUE
"test-s137","mtld",11,11,NA,"missing","no_factor",TRUE,NA,NA,"SUW","all_tokens",TRUE
"test-s138","ttr",23,20,0.869565217391304,"ok",NA,FALSE,NA,NA,"SUW","all_tokens",TRUE
"test-s138","mattr",23,20,NA,"missing","too_short_for_requested_parameter",TRUE,NA,NA,"SUW","all_tokens",TRUE
"test-s138","mtld",23,20,49.3733333333333,"ok",NA,TRUE,TRUE,0,"SUW","all_tokens",TRUE
"test-s139","ttr",38,30,0.789473684210526,"ok",NA,FALSE,NA,NA,"SUW","all_tokens",TRUE
"test-s139","mattr",38,30,NA,"missing","too_short_for_requested_parameter",TRUE,NA,NA,"SUW","all_tokens",TRUE
"test-s139","mtld",38,30,50.54,"ok",NA,TRUE,TRUE,0,"SUW","all_tokens",TRUE
"test-s140","ttr",29,22,0.758620689655172,"ok",NA,FALSE,NA,NA,"SUW","all_tokens",TRUE
"test-s140","mattr",29,22,NA,"missing","too_short_for_requested_parameter",TRUE,NA,NA,"SUW","all_tokens",TRUE
"test-s140","mtld",29,22,33.64,"ok",NA,TRUE,TRUE,0,"SUW","all_tokens",TRUE
"test-s141","ttr",18,15,0.833333333333333,"ok",NA,FALSE,NA,NA,"SUW","all_tokens",TRUE
"test-s141","mattr",18,15,NA,"missing","too_short_for_requested_parameter",TRUE,NA,NA,"SUW","all_tokens",TRUE
"test-s141","mtld",18,15,30.24,"ok",NA,TRUE,TRUE,0,"SUW","all_tokens",TRUE
"test-s142","ttr",50,40,0.8,"ok",NA,FALSE,NA,NA,"SUW","all_tokens",TRUE
"test-s142","mattr",50,40,0.8,"ok",NA,FALSE,NA,NA,"SUW","all_tokens",TRUE
"test-s142","mtld",50,40,70,"ok",NA,FALSE,TRUE,0,"SUW","all_tokens",TRUE
"test-s143","ttr",18,16,0.888888888888889,"ok",NA,FALSE,NA,NA,"SUW","all_tokens",TRUE
"test-s143","mattr",18,16,NA,"missing","too_short_for_requested_parameter",TRUE,NA,NA,"SUW","all_tokens",TRUE
"test-s143","mtld",18,16,45.36,"ok",NA,TRUE,TRUE,0,"SUW","all_tokens",TRUE
"test-s144","ttr",13,13,1,"ok",NA,FALSE,NA,NA,"SUW","all_tokens",TRUE
"test-s144","mattr",13,13,NA,"missing","too_short_for_requested_parameter",TRUE,NA,NA,"SUW","all_tokens",TRUE
"test-s144","mtld",13,13,NA,"missing","no_factor",TRUE,NA,NA,"SUW","all_tokens",TRUE
"test-s145","ttr",22,19,0.863636363636364,"ok",NA,FALSE,NA,NA,"SUW","all_tokens",TRUE
"test-s145","mattr",22,19,NA,"missing","too_short_for_requested_parameter",TRUE,NA,NA,"SUW","all_tokens",TRUE
"test-s145","mtld",22,19,45.1733333333333,"ok",NA,TRUE,TRUE,0,"SUW","all_tokens",TRUE
"test-s146","ttr",23,22,0.956521739130435,"ok",NA,FALSE,NA,NA,"SUW","all_tokens",TRUE
"test-s146","mattr",23,22,NA,"missing","too_short_for_requested_parameter",TRUE,NA,NA,"SUW","all_tokens",TRUE
"test-s146","mtld",23,22,148.12,"ok",NA,TRUE,TRUE,0,"SUW","all_tokens",TRUE
"test-s149","ttr",44,33,0.75,"ok",NA,FALSE,NA,NA,"SUW","all_tokens",TRUE
"test-s149","mattr",44,33,NA,"missing","too_short_for_requested_parameter",TRUE,NA,NA,"SUW","all_tokens",TRUE
"test-s149","mtld",44,33,46.64,"ok",NA,TRUE,TRUE,11.3207547169811,"SUW","all_tokens",TRUE
"test-s150","ttr",10,10,1,"ok",NA,FALSE,NA,NA,"SUW","all_tokens",TRUE
"test-s150","mattr",10,10,NA,"missing","too_short_for_requested_parameter",TRUE,NA,NA,"SUW","all_tokens",TRUE
"test-s150","mtld",10,10,NA,"missing","no_factor",TRUE,NA,NA,"SUW","all_tokens",TRUE
"test-s151","ttr",3,3,1,"ok",NA,FALSE,NA,NA,"SUW","all_tokens",TRUE
"test-s151","mattr",3,3,NA,"missing","too_short_for_requested_parameter",TRUE,NA,NA,"SUW","all_tokens",TRUE
"test-s151","mtld",3,3,NA,"missing","no_factor",TRUE,NA,NA,"SUW","all_tokens",TRUE
"test-s152","ttr",8,8,1,"ok",NA,FALSE,NA,NA,"SUW","all_tokens",TRUE
"test-s152","mattr",8,8,NA,"missing","too_short_for_requested_parameter",TRUE,NA,NA,"SUW","all_tokens",TRUE
"test-s152","mtld",8,8,NA,"missing","no_factor",TRUE,NA,NA,"SUW","all_tokens",TRUE
"test-s153","ttr",45,33,0.733333333333333,"ok",NA,FALSE,NA,NA,"SUW","all_tokens",TRUE
"test-s153","mattr",45,33,NA,"missing","too_short_for_requested_parameter",TRUE,NA,NA,"SUW","all_tokens",TRUE
"test-s153","mtld",45,33,46.125,"ok",NA,TRUE,TRUE,4.8780487804878,"SUW","all_tokens",TRUE
"test-s154","ttr",17,15,0.88235294117647,"ok",NA,FALSE,NA,NA,"SUW","all_tokens",TRUE
"test-s154","mattr",17,15,NA,"missing","too_short_for_requested_parameter",TRUE,NA,NA,"SUW","all_tokens",TRUE
"test-s154","mtld",17,15,40.46,"ok",NA,TRUE,TRUE,0,"SUW","all_tokens",TRUE
"test-s155","ttr",28,24,0.857142857142857,"ok",NA,FALSE,NA,NA,"SUW","all_tokens",TRUE
"test-s155","mattr",28,24,NA,"missing","too_short_for_requested_parameter",TRUE,NA,NA,"SUW","all_tokens",TRUE
"test-s155","mtld",28,24,54.88,"ok",NA,TRUE,TRUE,0,"SUW","all_tokens",TRUE
"test-s156","ttr",26,23,0.884615384615385,"ok",NA,FALSE,NA,NA,"SUW","all_tokens",TRUE
"test-s156","mattr",26,23,NA,"missing","too_short_for_requested_parameter",TRUE,NA,NA,"SUW","all_tokens",TRUE
"test-s156","mtld",26,23,63.0933333333333,"ok",NA,TRUE,TRUE,0,"SUW","all_tokens",TRUE
"test-s157","ttr",17,17,1,"ok",NA,FALSE,NA,NA,"SUW","all_tokens",TRUE
"test-s157","mattr",17,17,NA,"missing","too_short_for_requested_parameter",TRUE,NA,NA,"SUW","all_tokens",TRUE
"test-s157","mtld",17,17,NA,"missing","no_factor",TRUE,NA,NA,"SUW","all_tokens",TRUE
"test-s158","ttr",18,16,0.888888888888889,"ok",NA,FALSE,NA,NA,"SUW","all_tokens",TRUE
"test-s158","mattr",18,16,NA,"missing","too_short_for_requested_parameter",TRUE,NA,NA,"SUW","all_tokens",TRUE
"test-s158","mtld",18,16,45.36,"ok",NA,TRUE,TRUE,0,"SUW","all_tokens",TRUE
"test-s159","ttr",24,22,0.916666666666667,"ok",NA,FALSE,NA,NA,"SUW","all_tokens",TRUE
"test-s159","mattr",24,22,NA,"missing","too_short_for_requested_parameter",TRUE,NA,NA,"SUW","all_tokens",TRUE
"test-s159","mtld",24,22,80.64,"ok",NA,TRUE,TRUE,0,"SUW","all_tokens",TRUE
"test-s160","ttr",21,20,0.952380952380952,"ok",NA,FALSE,NA,NA,"SUW","all_tokens",TRUE
"test-s160","mattr",21,20,NA,"missing","too_short_for_requested_parameter",TRUE,NA,NA,"SUW","all_tokens",TRUE
"test-s160","mtld",21,20,123.48,"ok",NA,TRUE,TRUE,0,"SUW","all_tokens",TRUE
"test-s161","ttr",18,16,0.888888888888889,"ok",NA,FALSE,NA,NA,"SUW","all_tokens",TRUE
"test-s161","mattr",18,16,NA,"missing","too_short_for_requested_parameter",TRUE,NA,NA,"SUW","all_tokens",TRUE
"test-s161","mtld",18,16,45.36,"ok",NA,TRUE,TRUE,0,"SUW","all_tokens",TRUE
"test-s162","ttr",23,18,0.782608695652174,"ok",NA,FALSE,NA,NA,"SUW","all_tokens",TRUE
"test-s162","mattr",23,18,NA,"missing","too_short_for_requested_parameter",TRUE,NA,NA,"SUW","all_tokens",TRUE
"test-s162","mtld",23,18,24.3154722222222,"ok",NA,TRUE,TRUE,43.6637851756484,"SUW","all_tokens",TRUE
"test-s163","ttr",55,38,0.690909090909091,"ok",NA,FALSE,NA,NA,"SUW","all_tokens",TRUE
"test-s163","mattr",55,38,0.706666666666667,"ok",NA,FALSE,NA,NA,"SUW","all_tokens",TRUE
"test-s163","mtld",55,38,55,"ok",NA,FALSE,FALSE,0,"SUW","all_tokens",TRUE
"test-s164","ttr",67,45,0.671641791044776,"ok",NA,FALSE,NA,NA,"SUW","all_tokens",TRUE
"test-s164","mattr",67,45,0.72,"ok",NA,FALSE,NA,NA,"SUW","all_tokens",TRUE
"test-s164","mtld",67,45,52.0551542366263,"ok",NA,FALSE,FALSE,7.91556728232189,"SUW","all_tokens",TRUE
"test-s165","ttr",15,14,0.933333333333333,"ok",NA,FALSE,NA,NA,"SUW","all_tokens",TRUE
"test-s165","mattr",15,14,NA,"missing","too_short_for_requested_parameter",TRUE,NA,NA,"SUW","all_tokens",TRUE
"test-s165","mtld",15,14,63,"ok",NA,TRUE,TRUE,0,"SUW","all_tokens",TRUE
"test-s166","ttr",48,36,0.75,"ok",NA,FALSE,NA,NA,"SUW","all_tokens",TRUE
"test-s166","mattr",48,36,NA,"missing","too_short_for_requested_parameter",TRUE,NA,NA,"SUW","all_tokens",TRUE
"test-s166","mtld",48,36,53.76,"ok",NA,TRUE,TRUE,0,"SUW","all_tokens",TRUE
"test-s167","ttr",19,19,1,"ok",NA,FALSE,NA,NA,"SUW","all_tokens",TRUE
"test-s167","mattr",19,19,NA,"missing","too_short_for_requested_parameter",TRUE,NA,NA,"SUW","all_tokens",TRUE
"test-s167","mtld",19,19,NA,"missing","no_factor",TRUE,NA,NA,"SUW","all_tokens",TRUE
"test-s168","ttr",13,13,1,"ok",NA,FALSE,NA,NA,"SUW","all_tokens",TRUE
"test-s168","mattr",13,13,NA,"missing","too_short_for_requested_parameter",TRUE,NA,NA,"SUW","all_tokens",TRUE
"test-s168","mtld",13,13,NA,"missing","no_factor",TRUE,NA,NA,"SUW","all_tokens",TRUE
"test-s169","ttr",9,9,1,"ok",NA,FALSE,NA,NA,"SUW","all_tokens",TRUE
"test-s169","mattr",9,9,NA,"missing","too_short_for_requested_parameter",TRUE,NA,NA,"SUW","all_tokens",TRUE
"test-s169","mtld",9,9,NA,"missing","no_factor",TRUE,NA,NA,"SUW","all_tokens",TRUE
"test-s170","ttr",28,26,0.928571428571429,"ok",NA,FALSE,NA,NA,"SUW","all_tokens",TRUE
"test-s170","mattr",28,26,NA,"missing","too_short_for_requested_parameter",TRUE,NA,NA,"SUW","all_tokens",TRUE
"test-s170","mtld",28,26,109.76,"ok",NA,TRUE,TRUE,0,"SUW","all_tokens",TRUE
"test-s171","ttr",44,36,0.818181818181818,"ok",NA,FALSE,NA,NA,"SUW","all_tokens",TRUE
"test-s171","mattr",44,36,NA,"missing","too_short_for_requested_parameter",TRUE,NA,NA,"SUW","all_tokens",TRUE
"test-s171","mtld",44,36,67.76,"ok",NA,TRUE,TRUE,0,"SUW","all_tokens",TRUE
"test-s172","ttr",32,24,0.75,"ok",NA,FALSE,NA,NA,"SUW","all_tokens",TRUE
"test-s172","mattr",32,24,NA,"missing","too_short_for_requested_parameter",TRUE,NA,NA,"SUW","all_tokens",TRUE
"test-s172","mtld",32,24,35.84,"ok",NA,TRUE,TRUE,0,"SUW","all_tokens",TRUE
"test-s173","ttr",27,24,0.888888888888889,"ok",NA,FALSE,NA,NA,"SUW","all_tokens",TRUE
"test-s173","mattr",27,24,NA,"missing","too_short_for_requested_parameter",TRUE,NA,NA,"SUW","all_tokens",TRUE
"test-s173","mtld",27,24,68.04,"ok",NA,TRUE,TRUE,0,"SUW","all_tokens",TRUE
"test-s174","ttr",40,33,0.825,"ok",NA,FALSE,NA,NA,"SUW","all_tokens",TRUE
"test-s174","mattr",40,33,NA,"missing","too_short_for_requested_parameter",TRUE,NA,NA,"SUW","all_tokens",TRUE
"test-s174","mtld",40,33,64,"ok",NA,TRUE,TRUE,0,"SUW","all_tokens",TRUE
"test-s175","ttr",17,17,1,"ok",NA,FALSE,NA,NA,"SUW","all_tokens",TRUE
"test-s175","mattr",17,17,NA,"missing","too_short_for_requested_parameter",TRUE,NA,NA,"SUW","all_tokens",TRUE
"test-s175","mtld",17,17,NA,"missing","no_factor",TRUE,NA,NA,"SUW","all_tokens",TRUE
"test-s176","ttr",14,14,1,"ok",NA,FALSE,NA,NA,"SUW","all_tokens",TRUE
"test-s176","mattr",14,14,NA,"missing","too_short_for_requested_parameter",TRUE,NA,NA,"SUW","all_tokens",TRUE
"test-s176","mtld",14,14,NA,"missing","no_factor",TRUE,NA,NA,"SUW","all_tokens",TRUE
"test-s177","ttr",12,12,1,"ok",NA,FALSE,NA,NA,"SUW","all_tokens",TRUE
"test-s177","mattr",12,12,NA,"missing","too_short_for_requested_parameter",TRUE,NA,NA,"SUW","all_tokens",TRUE
"test-s177","mtld",12,12,NA,"missing","no_factor",TRUE,NA,NA,"SUW","all_tokens",TRUE
"test-s178","ttr",21,19,0.904761904761905,"ok",NA,FALSE,NA,NA,"SUW","all_tokens",TRUE
"test-s178","mattr",21,19,NA,"missing","too_short_for_requested_parameter",TRUE,NA,NA,"SUW","all_tokens",TRUE
"test-s178","mtld",21,19,61.74,"ok",NA,TRUE,TRUE,0,"SUW","all_tokens",TRUE
"test-s179","ttr",12,12,1,"ok",NA,FALSE,NA,NA,"SUW","all_tokens",TRUE
"test-s179","mattr",12,12,NA,"missing","too_short_for_requested_parameter",TRUE,NA,NA,"SUW","all_tokens",TRUE
"test-s179","mtld",12,12,NA,"missing","no_factor",TRUE,NA,NA,"SUW","all_tokens",TRUE
"test-s180","ttr",22,22,1,"ok",NA,FALSE,NA,NA,"SUW","all_tokens",TRUE
"test-s180","mattr",22,22,NA,"missing","too_short_for_requested_parameter",TRUE,NA,NA,"SUW","all_tokens",TRUE
"test-s180","mtld",22,22,NA,"missing","no_factor",TRUE,NA,NA,"SUW","all_tokens",TRUE
"test-s181","ttr",34,28,0.823529411764706,"ok",NA,FALSE,NA,NA,"SUW","all_tokens",TRUE
"test-s181","mattr",34,28,NA,"missing","too_short_for_requested_parameter",TRUE,NA,NA,"SUW","all_tokens",TRUE
"test-s181","mtld",34,28,53.9466666666667,"ok",NA,TRUE,TRUE,0,"SUW","all_tokens",TRUE
"test-s182","ttr",17,16,0.941176470588235,"ok",NA,FALSE,NA,NA,"SUW","all_tokens",TRUE
"test-s182","mattr",17,16,NA,"missing","too_short_for_requested_parameter",TRUE,NA,NA,"SUW","all_tokens",TRUE
"test-s182","mtld",17,16,80.92,"ok",NA,TRUE,TRUE,0,"SUW","all_tokens",TRUE
"test-s183","ttr",46,36,0.782608695652174,"ok",NA,FALSE,NA,NA,"SUW","all_tokens",TRUE
"test-s183","mattr",46,36,NA,"missing","too_short_for_requested_parameter",TRUE,NA,NA,"SUW","all_tokens",TRUE
"test-s183","mtld",46,36,59.248,"ok",NA,TRUE,TRUE,0,"SUW","all_tokens",TRUE
"test-s184","ttr",28,28,1,"ok",NA,FALSE,NA,NA,"SUW","all_tokens",TRUE
"test-s184","mattr",28,28,NA,"missing","too_short_for_requested_parameter",TRUE,NA,NA,"SUW","all_tokens",TRUE
"test-s184","mtld",28,28,NA,"missing","no_factor",TRUE,NA,NA,"SUW","all_tokens",TRUE
"test-s185","ttr",28,25,0.892857142857143,"ok",NA,FALSE,NA,NA,"SUW","all_tokens",TRUE
"test-s185","mattr",28,25,NA,"missing","too_short_for_requested_parameter",TRUE,NA,NA,"SUW","all_tokens",TRUE
"test-s185","mtld",28,25,73.1733333333334,"ok",NA,TRUE,TRUE,0,"SUW","all_tokens",TRUE
"test-s186","ttr",15,14,0.933333333333333,"ok",NA,FALSE,NA,NA,"SUW","all_tokens",TRUE
"test-s186","mattr",15,14,NA,"missing","too_short_for_requested_parameter",TRUE,NA,NA,"SUW","all_tokens",TRUE
"test-s186","mtld",15,14,63,"ok",NA,TRUE,TRUE,0,"SUW","all_tokens",TRUE
"test-s187","ttr",6,6,1,"ok",NA,FALSE,NA,NA,"SUW","all_tokens",TRUE
"test-s187","mattr",6,6,NA,"missing","too_short_for_requested_parameter",TRUE,NA,NA,"SUW","all_tokens",TRUE
"test-s187","mtld",6,6,NA,"missing","no_factor",TRUE,NA,NA,"SUW","all_tokens",TRUE
"test-s188","ttr",15,15,1,"ok",NA,FALSE,NA,NA,"SUW","all_tokens",TRUE
"test-s188","mattr",15,15,NA,"missing","too_short_for_requested_parameter",TRUE,NA,NA,"SUW","all_tokens",TRUE
"test-s188","mtld",15,15,NA,"missing","no_factor",TRUE,NA,NA,"SUW","all_tokens",TRUE
"test-s189","ttr",38,29,0.763157894736842,"ok",NA,FALSE,NA,NA,"SUW","all_tokens",TRUE
"test-s189","mattr",38,29,NA,"missing","too_short_for_requested_parameter",TRUE,NA,NA,"SUW","all_tokens",TRUE
"test-s189","mtld",38,29,44.9244444444445,"ok",NA,TRUE,TRUE,0,"SUW","all_tokens",TRUE
"test-s190","ttr",8,8,1,"ok",NA,FALSE,NA,NA,"SUW","all_tokens",TRUE
"test-s190","mattr",8,8,NA,"missing","too_short_for_requested_parameter",TRUE,NA,NA,"SUW","all_tokens",TRUE
"test-s190","mtld",8,8,NA,"missing","no_factor",TRUE,NA,NA,"SUW","all_tokens",TRUE
"test-s191","ttr",14,13,0.928571428571429,"ok",NA,FALSE,NA,NA,"SUW","all_tokens",TRUE
"test-s191","mattr",14,13,NA,"missing","too_short_for_requested_parameter",TRUE,NA,NA,"SUW","all_tokens",TRUE
"test-s191","mtld",14,13,54.88,"ok",NA,TRUE,TRUE,0,"SUW","all_tokens",TRUE
"test-s192","ttr",9,9,1,"ok",NA,FALSE,NA,NA,"SUW","all_tokens",TRUE
"test-s192","mattr",9,9,NA,"missing","too_short_for_requested_parameter",TRUE,NA,NA,"SUW","all_tokens",TRUE
"test-s192","mtld",9,9,NA,"missing","no_factor",TRUE,NA,NA,"SUW","all_tokens",TRUE
"test-s193","ttr",32,25,0.78125,"ok",NA,FALSE,NA,NA,"SUW","all_tokens",TRUE
"test-s193","mattr",32,25,NA,"missing","too_short_for_requested_parameter",TRUE,NA,NA,"SUW","all_tokens",TRUE
"test-s193","mtld",32,25,40.96,"ok",NA,TRUE,TRUE,0,"SUW","all_tokens",TRUE
"test-s194","ttr",29,26,0.896551724137931,"ok",NA,FALSE,NA,NA,"SUW","all_tokens",TRUE
"test-s194","mattr",29,26,NA,"missing","too_short_for_requested_parameter",TRUE,NA,NA,"SUW","all_tokens",TRUE
"test-s194","mtld",29,26,78.4933333333334,"ok",NA,TRUE,TRUE,0,"SUW","all_tokens",TRUE
"test-s195","ttr",11,10,0.909090909090909,"ok",NA,FALSE,NA,NA,"SUW","all_tokens",TRUE
"test-s195","mattr",11,10,NA,"missing","too_short_for_requested_parameter",TRUE,NA,NA,"SUW","all_tokens",TRUE
"test-s195","mtld",11,10,33.88,"ok",NA,TRUE,TRUE,0,"SUW","all_tokens",TRUE
"test-s196","ttr",4,4,1,"ok",NA,FALSE,NA,NA,"SUW","all_tokens",TRUE
"test-s196","mattr",4,4,NA,"missing","too_short_for_requested_parameter",TRUE,NA,NA,"SUW","all_tokens",TRUE
"test-s196","mtld",4,4,NA,"missing","no_factor",TRUE,NA,NA,"SUW","all_tokens",TRUE
"test-s197","ttr",39,28,0.717948717948718,"ok",NA,FALSE,NA,NA,"SUW","all_tokens",TRUE
"test-s197","mattr",39,28,NA,"missing","too_short_for_requested_parameter",TRUE,NA,NA,"SUW","all_tokens",TRUE
"test-s197","mtld",39,28,39,"ok",NA,TRUE,FALSE,0,"SUW","all_tokens",TRUE
"test-s198","ttr",26,24,0.923076923076923,"ok",NA,FALSE,NA,NA,"SUW","all_tokens",TRUE
"test-s198","mattr",26,24,NA,"missing","too_short_for_requested_parameter",TRUE,NA,NA,"SUW","all_tokens",TRUE
"test-s198","mtld",26,24,94.6400000000001,"ok",NA,TRUE,TRUE,0,"SUW","all_tokens",TRUE
"test-s199","ttr",20,18,0.9,"ok",NA,FALSE,NA,NA,"SUW","all_tokens",TRUE
"test-s199","mattr",20,18,NA,"missing","too_short_for_requested_parameter",TRUE,NA,NA,"SUW","all_tokens",TRUE
"test-s199","mtld",20,18,56,"ok",NA,TRUE,TRUE,0,"SUW","all_tokens",TRUE
"test-s200","ttr",31,24,0.774193548387097,"ok",NA,FALSE,NA,NA,"SUW","all_tokens",TRUE
"test-s200","mattr",31,24,NA,"missing","too_short_for_requested_parameter",TRUE,NA,NA,"SUW","all_tokens",TRUE
"test-s200","mtld",31,24,38.44,"ok",NA,TRUE,TRUE,0,"SUW","all_tokens",TRUE
"test-s201","ttr",16,14,0.875,"ok",NA,FALSE,NA,NA,"SUW","all_tokens",TRUE
"test-s201","mattr",16,14,NA,"missing","too_short_for_requested_parameter",TRUE,NA,NA,"SUW","all_tokens",TRUE
"test-s201","mtld",16,14,35.84,"ok",NA,TRUE,TRUE,0,"SUW","all_tokens",TRUE
"test-s202","ttr",7,7,1,"ok",NA,FALSE,NA,NA,"SUW","all_tokens",TRUE
"test-s202","mattr",7,7,NA,"missing","too_short_for_requested_parameter",TRUE,NA,NA,"SUW","all_tokens",TRUE
"test-s202","mtld",7,7,NA,"missing","no_factor",TRUE,NA,NA,"SUW","all_tokens",TRUE
"test-s203","ttr",6,6,1,"ok",NA,FALSE,NA,NA,"SUW","all_tokens",TRUE
"test-s203","mattr",6,6,NA,"missing","too_short_for_requested_parameter",TRUE,NA,NA,"SUW","all_tokens",TRUE
"test-s203","mtld",6,6,NA,"missing","no_factor",TRUE,NA,NA,"SUW","all_tokens",TRUE
"test-s204","ttr",43,30,0.697674418604651,"ok",NA,FALSE,NA,NA,"SUW","all_tokens",TRUE
"test-s204","mattr",43,30,NA,"missing","too_short_for_requested_parameter",TRUE,NA,NA,"SUW","all_tokens",TRUE
"test-s204","mtld",43,30,38.0688073394495,"ok",NA,TRUE,FALSE,25.9067357512953,"SUW","all_tokens",TRUE
"test-s205","ttr",11,11,1,"ok",NA,FALSE,NA,NA,"SUW","all_tokens",TRUE
"test-s205","mattr",11,11,NA,"missing","too_short_for_requested_parameter",TRUE,NA,NA,"SUW","all_tokens",TRUE
"test-s205","mtld",11,11,NA,"missing","no_factor",TRUE,NA,NA,"SUW","all_tokens",TRUE
"test-s206","ttr",24,23,0.958333333333333,"ok",NA,FALSE,NA,NA,"SUW","all_tokens",TRUE
"test-s206","mattr",24,23,NA,"missing","too_short_for_requested_parameter",TRUE,NA,NA,"SUW","all_tokens",TRUE
"test-s206","mtld",24,23,161.28,"ok",NA,TRUE,TRUE,0,"SUW","all_tokens",TRUE
"test-s207","ttr",17,17,1,"ok",NA,FALSE,NA,NA,"SUW","all_tokens",TRUE
"test-s207","mattr",17,17,NA,"missing","too_short_for_requested_parameter",TRUE,NA,NA,"SUW","all_tokens",TRUE
"test-s207","mtld",17,17,NA,"missing","no_factor",TRUE,NA,NA,"SUW","all_tokens",TRUE
"test-s211","ttr",14,14,1,"ok",NA,FALSE,NA,NA,"SUW","all_tokens",TRUE
"test-s211","mattr",14,14,NA,"missing","too_short_for_requested_parameter",TRUE,NA,NA,"SUW","all_tokens",TRUE
"test-s211","mtld",14,14,NA,"missing","no_factor",TRUE,NA,NA,"SUW","all_tokens",TRUE
"test-s212","ttr",25,23,0.92,"ok",NA,FALSE,NA,NA,"SUW","all_tokens",TRUE
"test-s212","mattr",25,23,NA,"missing","too_short_for_requested_parameter",TRUE,NA,NA,"SUW","all_tokens",TRUE
"test-s212","mtld",25,23,87.5000000000001,"ok",NA,TRUE,TRUE,0,"SUW","all_tokens",TRUE
"test-s213","ttr",28,21,0.75,"ok",NA,FALSE,NA,NA,"SUW","all_tokens",TRUE
"test-s213","mattr",28,21,NA,"missing","too_short_for_requested_parameter",TRUE,NA,NA,"SUW","all_tokens",TRUE
"test-s213","mtld",28,21,29.68,"ok",NA,TRUE,TRUE,11.3207547169811,"SUW","all_tokens",TRUE
"test-s214","ttr",17,16,0.941176470588235,"ok",NA,FALSE,NA,NA,"SUW","all_tokens",TRUE
"test-s214","mattr",17,16,NA,"missing","too_short_for_requested_parameter",TRUE,NA,NA,"SUW","all_tokens",TRUE
"test-s214","mtld",17,16,80.92,"ok",NA,TRUE,TRUE,0,"SUW","all_tokens",TRUE
"test-s215","ttr",15,13,0.866666666666667,"ok",NA,FALSE,NA,NA,"SUW","all_tokens",TRUE
"test-s215","mattr",15,13,NA,"missing","too_short_for_requested_parameter",TRUE,NA,NA,"SUW","all_tokens",TRUE
"test-s215","mtld",15,13,31.5,"ok",NA,TRUE,TRUE,0,"SUW","all_tokens",TRUE
"test-s216","ttr",35,30,0.857142857142857,"ok",NA,FALSE,NA,NA,"SUW","all_tokens",TRUE
"test-s216","mattr",35,30,NA,"missing","too_short_for_requested_parameter",TRUE,NA,NA,"SUW","all_tokens",TRUE
"test-s216","mtld",35,30,68.6,"ok",NA,TRUE,TRUE,0,"SUW","all_tokens",TRUE
"test-s217","ttr",35,31,0.885714285714286,"ok",NA,FALSE,NA,NA,"SUW","all_tokens",TRUE
"test-s217","mattr",35,31,NA,"missing","too_short_for_requested_parameter",TRUE,NA,NA,"SUW","all_tokens",TRUE
"test-s217","mtld",35,31,85.75,"ok",NA,TRUE,TRUE,0,"SUW","all_tokens",TRUE
"test-s218","ttr",28,24,0.857142857142857,"ok",NA,FALSE,NA,NA,"SUW","all_tokens",TRUE
"test-s218","mattr",28,24,NA,"missing","too_short_for_requested_parameter",TRUE,NA,NA,"SUW","all_tokens",TRUE
"test-s218","mtld",28,24,54.88,"ok",NA,TRUE,TRUE,0,"SUW","all_tokens",TRUE
"test-s219","ttr",22,19,0.863636363636364,"ok",NA,FALSE,NA,NA,"SUW","all_tokens",TRUE
"test-s219","mattr",22,19,NA,"missing","too_short_for_requested_parameter",TRUE,NA,NA,"SUW","all_tokens",TRUE
"test-s219","mtld",22,19,45.1733333333333,"ok",NA,TRUE,TRUE,0,"SUW","all_tokens",TRUE
"test-s220","ttr",11,11,1,"ok",NA,FALSE,NA,NA,"SUW","all_tokens",TRUE
"test-s220","mattr",11,11,NA,"missing","too_short_for_requested_parameter",TRUE,NA,NA,"SUW","all_tokens",TRUE
"test-s220","mtld",11,11,NA,"missing","no_factor",TRUE,NA,NA,"SUW","all_tokens",TRUE
"test-s221","ttr",26,23,0.884615384615385,"ok",NA,FALSE,NA,NA,"SUW","all_tokens",TRUE
"test-s221","mattr",26,23,NA,"missing","too_short_for_requested_parameter",TRUE,NA,NA,"SUW","all_tokens",TRUE
"test-s221","mtld",26,23,63.0933333333333,"ok",NA,TRUE,TRUE,0,"SUW","all_tokens",TRUE
"test-s222","ttr",7,6,0.857142857142857,"ok",NA,FALSE,NA,NA,"SUW","all_tokens",TRUE
"test-s222","mattr",7,6,NA,"missing","too_short_for_requested_parameter",TRUE,NA,NA,"SUW","all_tokens",TRUE
"test-s222","mtld",7,6,13.72,"ok",NA,TRUE,TRUE,0,"SUW","all_tokens",TRUE
"test-s223","ttr",15,15,1,"ok",NA,FALSE,NA,NA,"SUW","all_tokens",TRUE
"test-s223","mattr",15,15,NA,"missing","too_short_for_requested_parameter",TRUE,NA,NA,"SUW","all_tokens",TRUE
"test-s223","mtld",15,15,NA,"missing","no_factor",TRUE,NA,NA,"SUW","all_tokens",TRUE
"test-s224","ttr",19,16,0.842105263157895,"ok",NA,FALSE,NA,NA,"SUW","all_tokens",TRUE
"test-s224","mattr",19,16,NA,"missing","too_short_for_requested_parameter",TRUE,NA,NA,"SUW","all_tokens",TRUE
"test-s224","mtld",19,16,33.6933333333333,"ok",NA,TRUE,TRUE,0,"SUW","all_tokens",TRUE
"test-s226","ttr",29,28,0.96551724137931,"ok",NA,FALSE,NA,NA,"SUW","all_tokens",TRUE
"test-s226","mattr",29,28,NA,"missing","too_short_for_requested_parameter",TRUE,NA,NA,"SUW","all_tokens",TRUE
"test-s226","mtld",29,28,235.48,"ok",NA,TRUE,TRUE,0,"SUW","all_tokens",TRUE
"test-s227","ttr",8,8,1,"ok",NA,FALSE,NA,NA,"SUW","all_tokens",TRUE
"test-s227","mattr",8,8,NA,"missing","too_short_for_requested_parameter",TRUE,NA,NA,"SUW","all_tokens",TRUE
"test-s227","mtld",8,8,NA,"missing","no_factor",TRUE,NA,NA,"SUW","all_tokens",TRUE
"test-s228","ttr",36,25,0.694444444444444,"ok",NA,FALSE,NA,NA,"SUW","all_tokens",TRUE
"test-s228","mattr",36,25,NA,"missing","too_short_for_requested_parameter",TRUE,NA,NA,"SUW","all_tokens",TRUE
"test-s228","mtld",36,25,36,"ok",NA,TRUE,FALSE,0,"SUW","all_tokens",TRUE
"test-s229","ttr",35,30,0.857142857142857,"ok",NA,FALSE,NA,NA,"SUW","all_tokens",TRUE
"test-s229","mattr",35,30,NA,"missing","too_short_for_requested_parameter",TRUE,NA,NA,"SUW","all_tokens",TRUE
"test-s229","mtld",35,30,68.6,"ok",NA,TRUE,TRUE,0,"SUW","all_tokens",TRUE
"test-s230","ttr",8,8,1,"ok",NA,FALSE,NA,NA,"SUW","all_tokens",TRUE
"test-s230","mattr",8,8,NA,"missing","too_short_for_requested_parameter",TRUE,NA,NA,"SUW","all_tokens",TRUE
"test-s230","mtld",8,8,NA,"missing","no_factor",TRUE,NA,NA,"SUW","all_tokens",TRUE
"test-s231","ttr",21,20,0.952380952380952,"ok",NA,FALSE,NA,NA,"SUW","all_tokens",TRUE
"test-s231","mattr",21,20,NA,"missing","too_short_for_requested_parameter",TRUE,NA,NA,"SUW","all_tokens",TRUE
"test-s231","mtld",21,20,123.48,"ok",NA,TRUE,TRUE,0,"SUW","all_tokens",TRUE
"test-s232","ttr",22,20,0.909090909090909,"ok",NA,FALSE,NA,NA,"SUW","all_tokens",TRUE
"test-s232","mattr",22,20,NA,"missing","too_short_for_requested_parameter",TRUE,NA,NA,"SUW","all_tokens",TRUE
"test-s232","mtld",22,20,67.76,"ok",NA,TRUE,TRUE,0,"SUW","all_tokens",TRUE
"test-s233","ttr",19,18,0.947368421052632,"ok",NA,FALSE,NA,NA,"SUW","all_tokens",TRUE
"test-s233","mattr",19,18,NA,"missing","too_short_for_requested_parameter",TRUE,NA,NA,"SUW","all_tokens",TRUE
"test-s233","mtld",19,18,101.08,"ok",NA,TRUE,TRUE,0,"SUW","all_tokens",TRUE
"test-s234","ttr",9,9,1,"ok",NA,FALSE,NA,NA,"SUW","all_tokens",TRUE
"test-s234","mattr",9,9,NA,"missing","too_short_for_requested_parameter",TRUE,NA,NA,"SUW","all_tokens",TRUE
"test-s234","mtld",9,9,NA,"missing","no_factor",TRUE,NA,NA,"SUW","all_tokens",TRUE
"test-s235","ttr",8,8,1,"ok",NA,FALSE,NA,NA,"SUW","all_tokens",TRUE
"test-s235","mattr",8,8,NA,"missing","too_short_for_requested_parameter",TRUE,NA,NA,"SUW","all_tokens",TRUE
"test-s235","mtld",8,8,NA,"missing","no_factor",TRUE,NA,NA,"SUW","all_tokens",TRUE
"test-s236","ttr",30,27,0.9,"ok",NA,FALSE,NA,NA,"SUW","all_tokens",TRUE
"test-s236","mattr",30,27,NA,"missing","too_short_for_requested_parameter",TRUE,NA,NA,"SUW","all_tokens",TRUE
"test-s236","mtld",30,27,84,"ok",NA,TRUE,TRUE,0,"SUW","all_tokens",TRUE
"test-s237","ttr",18,16,0.888888888888889,"ok",NA,FALSE,NA,NA,"SUW","all_tokens",TRUE
"test-s237","mattr",18,16,NA,"missing","too_short_for_requested_parameter",TRUE,NA,NA,"SUW","all_tokens",TRUE
"test-s237","mtld",18,16,45.36,"ok",NA,TRUE,TRUE,0,"SUW","all_tokens",TRUE
"test-s238","ttr",21,18,0.857142857142857,"ok",NA,FALSE,NA,NA,"SUW","all_tokens",TRUE
"test-s238","mattr",21,18,NA,"missing","too_short_for_requested_parameter",TRUE,NA,NA,"SUW","all_tokens",TRUE
"test-s238","mtld",21,18,41.16,"ok",NA,TRUE,TRUE,0,"SUW","all_tokens",TRUE
"test-s239","ttr",24,23,0.958333333333333,"ok",NA,FALSE,NA,NA,"SUW","all_tokens",TRUE
"test-s239","mattr",24,23,NA,"missing","too_short_for_requested_parameter",TRUE,NA,NA,"SUW","all_tokens",TRUE
"test-s239","mtld",24,23,161.28,"ok",NA,TRUE,TRUE,0,"SUW","all_tokens",TRUE
"test-s240","ttr",10,10,1,"ok",NA,FALSE,NA,NA,"SUW","all_tokens",TRUE
"test-s240","mattr",10,10,NA,"missing","too_short_for_requested_parameter",TRUE,NA,NA,"SUW","all_tokens",TRUE
"test-s240","mtld",10,10,NA,"missing","no_factor",TRUE,NA,NA,"SUW","all_tokens",TRUE
"test-s241","ttr",17,14,0.823529411764706,"ok",NA,FALSE,NA,NA,"SUW","all_tokens",TRUE
"test-s241","mattr",17,14,NA,"missing","too_short_for_requested_parameter",TRUE,NA,NA,"SUW","all_tokens",TRUE
"test-s241","mtld",17,14,26.9733333333333,"ok",NA,TRUE,TRUE,0,"SUW","all_tokens",TRUE
"test-s243","ttr",12,11,0.916666666666667,"ok",NA,FALSE,NA,NA,"SUW","all_tokens",TRUE
"test-s243","mattr",12,11,NA,"missing","too_short_for_requested_parameter",TRUE,NA,NA,"SUW","all_tokens",TRUE
"test-s243","mtld",12,11,40.32,"ok",NA,TRUE,TRUE,0,"SUW","all_tokens",TRUE
"test-s244","ttr",10,10,1,"ok",NA,FALSE,NA,NA,"SUW","all_tokens",TRUE
"test-s244","mattr",10,10,NA,"missing","too_short_for_requested_parameter",TRUE,NA,NA,"SUW","all_tokens",TRUE
"test-s244","mtld",10,10,NA,"missing","no_factor",TRUE,NA,NA,"SUW","all_tokens",TRUE
"test-s245","ttr",46,35,0.760869565217391,"ok",NA,FALSE,NA,NA,"SUW","all_tokens",TRUE
"test-s245","mattr",46,35,NA,"missing","too_short_for_requested_parameter",TRUE,NA,NA,"SUW","all_tokens",TRUE
"test-s245","mtld",46,35,53.8618181818182,"ok",NA,TRUE,TRUE,0,"SUW","all_tokens",TRUE
"test-s246","ttr",18,16,0.888888888888889,"ok",NA,FALSE,NA,NA,"SUW","all_tokens",TRUE
"test-s246","mattr",18,16,NA,"missing","too_short_for_requested_parameter",TRUE,NA,NA,"SUW","all_tokens",TRUE
"test-s246","mtld",18,16,45.36,"ok",NA,TRUE,TRUE,0,"SUW","all_tokens",TRUE
"test-s247","ttr",29,26,0.896551724137931,"ok",NA,FALSE,NA,NA,"SUW","all_tokens",TRUE
"test-s247","mattr",29,26,NA,"missing","too_short_for_requested_parameter",TRUE,NA,NA,"SUW","all_tokens",TRUE
"test-s247","mtld",29,26,78.4933333333334,"ok",NA,TRUE,TRUE,0,"SUW","all_tokens",TRUE
"test-s249","ttr",28,25,0.892857142857143,"ok",NA,FALSE,NA,NA,"SUW","all_tokens",TRUE
"test-s249","mattr",28,25,NA,"missing","too_short_for_requested_parameter",TRUE,NA,NA,"SUW","all_tokens",TRUE
"test-s249","mtld",28,25,73.1733333333334,"ok",NA,TRUE,TRUE,0,"SUW","all_tokens",TRUE
"test-s250","ttr",26,21,0.807692307692308,"ok",NA,FALSE,NA,NA,"SUW","all_tokens",TRUE
"test-s250","mattr",26,21,NA,"missing","too_short_for_requested_parameter",TRUE,NA,NA,"SUW","all_tokens",TRUE
"test-s250","mtld",26,21,37.856,"ok",NA,TRUE,TRUE,0,"SUW","all_tokens",TRUE
"test-s251","ttr",51,37,0.725490196078431,"ok",NA,FALSE,NA,NA,"SUW","all_tokens",TRUE
"test-s251","mattr",51,37,0.72,"ok",NA,FALSE,NA,NA,"SUW","all_tokens",TRUE
"test-s251","mtld",51,37,51.51,"ok",NA,FALSE,TRUE,1.98019801980199,"SUW","all_tokens",TRUE
"test-s252","ttr",13,10,0.769230769230769,"ok",NA,FALSE,NA,NA,"SUW","all_tokens",TRUE
"test-s252","mattr",13,10,NA,"missing","too_short_for_requested_parameter",TRUE,NA,NA,"SUW","all_tokens",TRUE
"test-s252","mtld",13,10,15.7733333333333,"ok",NA,TRUE,TRUE,0,"SUW","all_tokens",TRUE
"test-s253","ttr",42,30,0.714285714285714,"ok",NA,FALSE,NA,NA,"SUW","all_tokens",TRUE
"test-s253","mattr",42,30,NA,"missing","too_short_for_requested_parameter",TRUE,NA,NA,"SUW","all_tokens",TRUE
"test-s253","mtld",42,30,42,"ok",NA,TRUE,FALSE,0,"SUW","all_tokens",TRUE
"test-s254","ttr",22,22,1,"ok",NA,FALSE,NA,NA,"SUW","all_tokens",TRUE
"test-s254","mattr",22,22,NA,"missing","too_short_for_requested_parameter",TRUE,NA,NA,"SUW","all_tokens",TRUE
"test-s254","mtld",22,22,NA,"missing","no_factor",TRUE,NA,NA,"SUW","all_tokens",TRUE
"test-s256","ttr",22,20,0.909090909090909,"ok",NA,FALSE,NA,NA,"SUW","all_tokens",TRUE
"test-s256","mattr",22,20,NA,"missing","too_short_for_requested_parameter",TRUE,NA,NA,"SUW","all_tokens",TRUE
"test-s256","mtld",22,20,67.76,"ok",NA,TRUE,TRUE,0,"SUW","all_tokens",TRUE
"test-s257","ttr",18,17,0.944444444444444,"ok",NA,FALSE,NA,NA,"SUW","all_tokens",TRUE
"test-s257","mattr",18,17,NA,"missing","too_short_for_requested_parameter",TRUE,NA,NA,"SUW","all_tokens",TRUE
"test-s257","mtld",18,17,90.72,"ok",NA,TRUE,TRUE,0,"SUW","all_tokens",TRUE
"test-s258","ttr",16,16,1,"ok",NA,FALSE,NA,NA,"SUW","all_tokens",TRUE
"test-s258","mattr",16,16,NA,"missing","too_short_for_requested_parameter",TRUE,NA,NA,"SUW","all_tokens",TRUE
"test-s258","mtld",16,16,NA,"missing","no_factor",TRUE,NA,NA,"SUW","all_tokens",TRUE
"test-s259","ttr",34,26,0.764705882352941,"ok",NA,FALSE,NA,NA,"SUW","all_tokens",TRUE
"test-s259","mattr",34,26,NA,"missing","too_short_for_requested_parameter",TRUE,NA,NA,"SUW","all_tokens",TRUE
"test-s259","mtld",34,26,37.23,"ok",NA,TRUE,TRUE,17.351598173516,"SUW","all_tokens",TRUE
"test-s260","ttr",17,16,0.941176470588235,"ok",NA,FALSE,NA,NA,"SUW","all_tokens",TRUE
"test-s260","mattr",17,16,NA,"missing","too_short_for_requested_parameter",TRUE,NA,NA,"SUW","all_tokens",TRUE
"test-s260","mtld",17,16,80.92,"ok",NA,TRUE,TRUE,0,"SUW","all_tokens",TRUE
"test-s261","ttr",41,30,0.731707317073171,"ok",NA,FALSE,NA,NA,"SUW","all_tokens",TRUE
"test-s261","mattr",41,30,NA,"missing","too_short_for_requested_parameter",TRUE,NA,NA,"SUW","all_tokens",TRUE
"test-s261","mtld",41,30,41.8945454545455,"ok",NA,TRUE,TRUE,4.27046263345196,"SUW","all_tokens",TRUE
"test-s262","ttr",18,16,0.888888888888889,"ok",NA,FALSE,NA,NA,"SUW","all_tokens",TRUE
"test-s262","mattr",18,16,NA,"missing","too_short_for_requested_parameter",TRUE,NA,NA,"SUW","all_tokens",TRUE
"test-s262","mtld",18,16,45.36,"ok",NA,TRUE,TRUE,0,"SUW","all_tokens",TRUE
"test-s263","ttr",27,23,0.851851851851852,"ok",NA,FALSE,NA,NA,"SUW","all_tokens",TRUE
"test-s263","mattr",27,23,NA,"missing","too_short_for_requested_parameter",TRUE,NA,NA,"SUW","all_tokens",TRUE
"test-s263","mtld",27,23,51.03,"ok",NA,TRUE,TRUE,0,"SUW","all_tokens",TRUE
"test-s264","ttr",37,30,0.810810810810811,"ok",NA,FALSE,NA,NA,"SUW","all_tokens",TRUE
"test-s264","mattr",37,30,NA,"missing","too_short_for_requested_parameter",TRUE,NA,NA,"SUW","all_tokens",TRUE
"test-s264","mtld",37,30,54.76,"ok",NA,TRUE,TRUE,0,"SUW","all_tokens",TRUE
"test-s265","ttr",24,22,0.916666666666667,"ok",NA,FALSE,NA,NA,"SUW","all_tokens",TRUE
"test-s265","mattr",24,22,NA,"missing","too_short_for_requested_parameter",TRUE,NA,NA,"SUW","all_tokens",TRUE
"test-s265","mtld",24,22,80.64,"ok",NA,TRUE,TRUE,0,"SUW","all_tokens",TRUE
"test-s266","ttr",47,33,0.702127659574468,"ok",NA,FALSE,NA,NA,"SUW","all_tokens",TRUE
"test-s266","mattr",47,33,NA,"missing","too_short_for_requested_parameter",TRUE,NA,NA,"SUW","all_tokens",TRUE
"test-s266","mtld",47,33,38.6666666666667,"ok",NA,TRUE,FALSE,43.1034482758621,"SUW","all_tokens",TRUE
"test-s267","ttr",22,21,0.954545454545455,"ok",NA,FALSE,NA,NA,"SUW","all_tokens",TRUE
"test-s267","mattr",22,21,NA,"missing","too_short_for_requested_parameter",TRUE,NA,NA,"SUW","all_tokens",TRUE
"test-s267","mtld",22,21,135.52,"ok",NA,TRUE,TRUE,0,"SUW","all_tokens",TRUE
"test-s269","ttr",22,18,0.818181818181818,"ok",NA,FALSE,NA,NA,"SUW","all_tokens",TRUE
"test-s269","mattr",22,18,NA,"missing","too_short_for_requested_parameter",TRUE,NA,NA,"SUW","all_tokens",TRUE
"test-s269","mtld",22,18,33.88,"ok",NA,TRUE,TRUE,0,"SUW","all_tokens",TRUE
"test-s270","ttr",23,19,0.826086956521739,"ok",NA,FALSE,NA,NA,"SUW","all_tokens",TRUE
"test-s270","mattr",23,19,NA,"missing","too_short_for_requested_parameter",TRUE,NA,NA,"SUW","all_tokens",TRUE
"test-s270","mtld",23,19,37.03,"ok",NA,TRUE,TRUE,0,"SUW","all_tokens",TRUE
"test-s271","ttr",24,22,0.916666666666667,"ok",NA,FALSE,NA,NA,"SUW","all_tokens",TRUE
"test-s271","mattr",24,22,NA,"missing","too_short_for_requested_parameter",TRUE,NA,NA,"SUW","all_tokens",TRUE
"test-s271","mtld",24,22,80.64,"ok",NA,TRUE,TRUE,0,"SUW","all_tokens",TRUE
"test-s272","ttr",9,9,1,"ok",NA,FALSE,NA,NA,"SUW","all_tokens",TRUE
"test-s272","mattr",9,9,NA,"missing","too_short_for_requested_parameter",TRUE,NA,NA,"SUW","all_tokens",TRUE
"test-s272","mtld",9,9,NA,"missing","no_factor",TRUE,NA,NA,"SUW","all_tokens",TRUE
"test-s273","ttr",14,13,0.928571428571429,"ok",NA,FALSE,NA,NA,"SUW","all_tokens",TRUE
"test-s273","mattr",14,13,NA,"missing","too_short_for_requested_parameter",TRUE,NA,NA,"SUW","all_tokens",TRUE
"test-s273","mtld",14,13,54.88,"ok",NA,TRUE,TRUE,0,"SUW","all_tokens",TRUE
"test-s274","ttr",54,43,0.796296296296296,"ok",NA,FALSE,NA,NA,"SUW","all_tokens",TRUE
"test-s274","mattr",54,43,0.82,"ok",NA,FALSE,NA,NA,"SUW","all_tokens",TRUE
"test-s274","mtld",54,43,74.2254545454545,"ok",NA,FALSE,TRUE,0,"SUW","all_tokens",TRUE
"test-s275","ttr",29,27,0.931034482758621,"ok",NA,FALSE,NA,NA,"SUW","all_tokens",TRUE
"test-s275","mattr",29,27,NA,"missing","too_short_for_requested_parameter",TRUE,NA,NA,"SUW","all_tokens",TRUE
"test-s275","mtld",29,27,117.74,"ok",NA,TRUE,TRUE,0,"SUW","all_tokens",TRUE
"test-s276","ttr",18,16,0.888888888888889,"ok",NA,FALSE,NA,NA,"SUW","all_tokens",TRUE
"test-s276","mattr",18,16,NA,"missing","too_short_for_requested_parameter",TRUE,NA,NA,"SUW","all_tokens",TRUE
"test-s276","mtld",18,16,45.36,"ok",NA,TRUE,TRUE,0,"SUW","all_tokens",TRUE
"test-s277","ttr",20,20,1,"ok",NA,FALSE,NA,NA,"SUW","all_tokens",TRUE
"test-s277","mattr",20,20,NA,"missing","too_short_for_requested_parameter",TRUE,NA,NA,"SUW","all_tokens",TRUE
"test-s277","mtld",20,20,NA,"missing","no_factor",TRUE,NA,NA,"SUW","all_tokens",TRUE
"test-s278","ttr",9,9,1,"ok",NA,FALSE,NA,NA,"SUW","all_tokens",TRUE
"test-s278","mattr",9,9,NA,"missing","too_short_for_requested_parameter",TRUE,NA,NA,"SUW","all_tokens",TRUE
"test-s278","mtld",9,9,NA,"missing","no_factor",TRUE,NA,NA,"SUW","all_tokens",TRUE
"test-s279","ttr",13,13,1,"ok",NA,FALSE,NA,NA,"SUW","all_tokens",TRUE
"test-s279","mattr",13,13,NA,"missing","too_short_for_requested_parameter",TRUE,NA,NA,"SUW","all_tokens",TRUE
"test-s279","mtld",13,13,NA,"missing","no_factor",TRUE,NA,NA,"SUW","all_tokens",TRUE
"test-s280","ttr",7,7,1,"ok",NA,FALSE,NA,NA,"SUW","all_tokens",TRUE
"test-s280","mattr",7,7,NA,"missing","too_short_for_requested_parameter",TRUE,NA,NA,"SUW","all_tokens",TRUE
"test-s280","mtld",7,7,NA,"missing","no_factor",TRUE,NA,NA,"SUW","all_tokens",TRUE
"test-s281","ttr",16,16,1,"ok",NA,FALSE,NA,NA,"SUW","all_tokens",TRUE
"test-s281","mattr",16,16,NA,"missing","too_short_for_requested_parameter",TRUE,NA,NA,"SUW","all_tokens",TRUE
"test-s281","mtld",16,16,NA,"missing","no_factor",TRUE,NA,NA,"SUW","all_tokens",TRUE
"test-s282","ttr",20,19,0.95,"ok",NA,FALSE,NA,NA,"SUW","all_tokens",TRUE
"test-s282","mattr",20,19,NA,"missing","too_short_for_requested_parameter",TRUE,NA,NA,"SUW","all_tokens",TRUE
"test-s282","mtld",20,19,112,"ok",NA,TRUE,TRUE,0,"SUW","all_tokens",TRUE
"test-s284","ttr",18,18,1,"ok",NA,FALSE,NA,NA,"SUW","all_tokens",TRUE
"test-s284","mattr",18,18,NA,"missing","too_short_for_requested_parameter",TRUE,NA,NA,"SUW","all_tokens",TRUE
"test-s284","mtld",18,18,NA,"missing","no_factor",TRUE,NA,NA,"SUW","all_tokens",TRUE
"test-s285","ttr",17,14,0.823529411764706,"ok",NA,FALSE,NA,NA,"SUW","all_tokens",TRUE
"test-s285","mattr",17,14,NA,"missing","too_short_for_requested_parameter",TRUE,NA,NA,"SUW","all_tokens",TRUE
"test-s285","mtld",17,14,26.9733333333333,"ok",NA,TRUE,TRUE,0,"SUW","all_tokens",TRUE
"test-s286","ttr",4,4,1,"ok",NA,FALSE,NA,NA,"SUW","all_tokens",TRUE
"test-s286","mattr",4,4,NA,"missing","too_short_for_requested_parameter",TRUE,NA,NA,"SUW","all_tokens",TRUE
"test-s286","mtld",4,4,NA,"missing","no_factor",TRUE,NA,NA,"SUW","all_tokens",TRUE
"test-s287","ttr",4,4,1,"ok",NA,FALSE,NA,NA,"SUW","all_tokens",TRUE
"test-s287","mattr",4,4,NA,"missing","too_short_for_requested_parameter",TRUE,NA,NA,"SUW","all_tokens",TRUE
"test-s287","mtld",4,4,NA,"missing","no_factor",TRUE,NA,NA,"SUW","all_tokens",TRUE
"test-s288","ttr",15,14,0.933333333333333,"ok",NA,FALSE,NA,NA,"SUW","all_tokens",TRUE
"test-s288","mattr",15,14,NA,"missing","too_short_for_requested_parameter",TRUE,NA,NA,"SUW","all_tokens",TRUE
"test-s288","mtld",15,14,63,"ok",NA,TRUE,TRUE,0,"SUW","all_tokens",TRUE
"test-s289","ttr",28,22,0.785714285714286,"ok",NA,FALSE,NA,NA,"SUW","all_tokens",TRUE
"test-s289","mattr",28,22,NA,"missing","too_short_for_requested_parameter",TRUE,NA,NA,"SUW","all_tokens",TRUE
"test-s289","mtld",28,22,36.5866666666667,"ok",NA,TRUE,TRUE,0,"SUW","all_tokens",TRUE
"test-s290","ttr",7,6,0.857142857142857,"ok",NA,FALSE,NA,NA,"SUW","all_tokens",TRUE
"test-s290","mattr",7,6,NA,"missing","too_short_for_requested_parameter",TRUE,NA,NA,"SUW","all_tokens",TRUE
"test-s290","mtld",7,6,13.72,"ok",NA,TRUE,TRUE,0,"SUW","all_tokens",TRUE
"test-s291","ttr",24,20,0.833333333333333,"ok",NA,FALSE,NA,NA,"SUW","all_tokens",TRUE
"test-s291","mattr",24,20,NA,"missing","too_short_for_requested_parameter",TRUE,NA,NA,"SUW","all_tokens",TRUE
"test-s291","mtld",24,20,40.32,"ok",NA,TRUE,TRUE,0,"SUW","all_tokens",TRUE
"test-s292","ttr",30,26,0.866666666666667,"ok",NA,FALSE,NA,NA,"SUW","all_tokens",TRUE
"test-s292","mattr",30,26,NA,"missing","too_short_for_requested_parameter",TRUE,NA,NA,"SUW","all_tokens",TRUE
"test-s292","mtld",30,26,63,"ok",NA,TRUE,TRUE,0,"SUW","all_tokens",TRUE
"test-s293","ttr",5,5,1,"ok",NA,FALSE,NA,NA,"SUW","all_tokens",TRUE
"test-s293","mattr",5,5,NA,"missing","too_short_for_requested_parameter",TRUE,NA,NA,"SUW","all_tokens",TRUE
"test-s293","mtld",5,5,NA,"missing","no_factor",TRUE,NA,NA,"SUW","all_tokens",TRUE
"test-s295","ttr",12,12,1,"ok",NA,FALSE,NA,NA,"SUW","all_tokens",TRUE
"test-s295","mattr",12,12,NA,"missing","too_short_for_requested_parameter",TRUE,NA,NA,"SUW","all_tokens",TRUE
"test-s295","mtld",12,12,NA,"missing","no_factor",TRUE,NA,NA,"SUW","all_tokens",TRUE
"test-s296","ttr",19,16,0.842105263157895,"ok",NA,FALSE,NA,NA,"SUW","all_tokens",TRUE
"test-s296","mattr",19,16,NA,"missing","too_short_for_requested_parameter",TRUE,NA,NA,"SUW","all_tokens",TRUE
"test-s296","mtld",19,16,33.6933333333333,"ok",NA,TRUE,TRUE,0,"SUW","all_tokens",TRUE
"test-s297","ttr",13,12,0.923076923076923,"ok",NA,FALSE,NA,NA,"SUW","all_tokens",TRUE
"test-s297","mattr",13,12,NA,"missing","too_short_for_requested_parameter",TRUE,NA,NA,"SUW","all_tokens",TRUE
"test-s297","mtld",13,12,47.32,"ok",NA,TRUE,TRUE,0,"SUW","all_tokens",TRUE
"test-s298","ttr",56,40,0.714285714285714,"ok",NA,FALSE,NA,NA,"SUW","all_tokens",TRUE
"test-s298","mattr",56,40,0.714285714285714,"ok",NA,FALSE,NA,NA,"SUW","all_tokens",TRUE
"test-s298","mtld",56,40,56,"ok",NA,FALSE,FALSE,0,"SUW","all_tokens",TRUE
"test-s299","ttr",26,24,0.923076923076923,"ok",NA,FALSE,NA,NA,"SUW","all_tokens",TRUE
"test-s299","mattr",26,24,NA,"missing","too_short_for_requested_parameter",TRUE,NA,NA,"SUW","all_tokens",TRUE
"test-s299","mtld",26,24,94.6400000000001,"ok",NA,TRUE,TRUE,0,"SUW","all_tokens",TRUE
"test-s300","ttr",5,5,1,"ok",NA,FALSE,NA,NA,"SUW","all_tokens",TRUE
"test-s300","mattr",5,5,NA,"missing","too_short_for_requested_parameter",TRUE,NA,NA,"SUW","all_tokens",TRUE
"test-s300","mtld",5,5,NA,"missing","no_factor",TRUE,NA,NA,"SUW","all_tokens",TRUE
"test-s301","ttr",27,21,0.777777777777778,"ok",NA,FALSE,NA,NA,"SUW","all_tokens",TRUE
"test-s301","mattr",27,21,NA,"missing","too_short_for_requested_parameter",TRUE,NA,NA,"SUW","all_tokens",TRUE
"test-s301","mtld",27,21,34.02,"ok",NA,TRUE,TRUE,0,"SUW","all_tokens",TRUE
"test-s302","ttr",28,24,0.857142857142857,"ok",NA,FALSE,NA,NA,"SUW","all_tokens",TRUE
"test-s302","mattr",28,24,NA,"missing","too_short_for_requested_parameter",TRUE,NA,NA,"SUW","all_tokens",TRUE
"test-s302","mtld",28,24,54.88,"ok",NA,TRUE,TRUE,0,"SUW","all_tokens",TRUE
"test-s303","ttr",8,8,1,"ok",NA,FALSE,NA,NA,"SUW","all_tokens",TRUE
"test-s303","mattr",8,8,NA,"missing","too_short_for_requested_parameter",TRUE,NA,NA,"SUW","all_tokens",TRUE
"test-s303","mtld",8,8,NA,"missing","no_factor",TRUE,NA,NA,"SUW","all_tokens",TRUE
"test-s304","ttr",9,9,1,"ok",NA,FALSE,NA,NA,"SUW","all_tokens",TRUE
"test-s304","mattr",9,9,NA,"missing","too_short_for_requested_parameter",TRUE,NA,NA,"SUW","all_tokens",TRUE
"test-s304","mtld",9,9,NA,"missing","no_factor",TRUE,NA,NA,"SUW","all_tokens",TRUE
"test-s305","ttr",45,32,0.711111111111111,"ok",NA,FALSE,NA,NA,"SUW","all_tokens",TRUE
"test-s305","mattr",45,32,NA,"missing","too_short_for_requested_parameter",TRUE,NA,NA,"SUW","all_tokens",TRUE
"test-s305","mtld",45,32,40.6730769230769,"ok",NA,TRUE,FALSE,21.2765957446809,"SUW","all_tokens",TRUE
"test-s306","ttr",16,15,0.9375,"ok",NA,FALSE,NA,NA,"SUW","all_tokens",TRUE
"test-s306","mattr",16,15,NA,"missing","too_short_for_requested_parameter",TRUE,NA,NA,"SUW","all_tokens",TRUE
"test-s306","mtld",16,15,71.68,"ok",NA,TRUE,TRUE,0,"SUW","all_tokens",TRUE
"test-s307","ttr",27,24,0.888888888888889,"ok",NA,FALSE,NA,NA,"SUW","all_tokens",TRUE
"test-s307","mattr",27,24,NA,"missing","too_short_for_requested_parameter",TRUE,NA,NA,"SUW","all_tokens",TRUE
"test-s307","mtld",27,24,68.04,"ok",NA,TRUE,TRUE,0,"SUW","all_tokens",TRUE
"test-s308","ttr",20,18,0.9,"ok",NA,FALSE,NA,NA,"SUW","all_tokens",TRUE
"test-s308","mattr",20,18,NA,"missing","too_short_for_requested_parameter",TRUE,NA,NA,"SUW","all_tokens",TRUE
"test-s308","mtld",20,18,56,"ok",NA,TRUE,TRUE,0,"SUW","all_tokens",TRUE
"test-s309","ttr",2,2,1,"ok",NA,FALSE,NA,NA,"SUW","all_tokens",TRUE
"test-s309","mattr",2,2,NA,"missing","too_short_for_requested_parameter",TRUE,NA,NA,"SUW","all_tokens",TRUE
"test-s309","mtld",2,2,NA,"missing","no_factor",TRUE,NA,NA,"SUW","all_tokens",TRUE
"test-s310","ttr",21,17,0.80952380952381,"ok",NA,FALSE,NA,NA,"SUW","all_tokens",TRUE
"test-s310","mattr",21,17,NA,"missing","too_short_for_requested_parameter",TRUE,NA,NA,"SUW","all_tokens",TRUE
"test-s310","mtld",21,17,30.87,"ok",NA,TRUE,TRUE,0,"SUW","all_tokens",TRUE
"test-s311","ttr",69,53,0.768115942028985,"ok",NA,FALSE,NA,NA,"SUW","all_tokens",TRUE
"test-s311","mattr",69,53,0.815,"ok",NA,FALSE,NA,NA,"SUW","all_tokens",TRUE
"test-s311","mtld",69,53,83.3175,"ok",NA,FALSE,TRUE,0,"SUW","all_tokens",TRUE
"test-s312","ttr",34,28,0.823529411764706,"ok",NA,FALSE,NA,NA,"SUW","all_tokens",TRUE
"test-s312","mattr",34,28,NA,"missing","too_short_for_requested_parameter",TRUE,NA,NA,"SUW","all_tokens",TRUE
"test-s312","mtld",34,28,53.9466666666667,"ok",NA,TRUE,TRUE,0,"SUW","all_tokens",TRUE
"test-s313","ttr",27,24,0.888888888888889,"ok",NA,FALSE,NA,NA,"SUW","all_tokens",TRUE
"test-s313","mattr",27,24,NA,"missing","too_short_for_requested_parameter",TRUE,NA,NA,"SUW","all_tokens",TRUE
"test-s313","mtld",27,24,68.04,"ok",NA,TRUE,TRUE,0,"SUW","all_tokens",TRUE
"test-s314","ttr",16,16,1,"ok",NA,FALSE,NA,NA,"SUW","all_tokens",TRUE
"test-s314","mattr",16,16,NA,"missing","too_short_for_requested_parameter",TRUE,NA,NA,"SUW","all_tokens",TRUE
"test-s314","mtld",16,16,NA,"missing","no_factor",TRUE,NA,NA,"SUW","all_tokens",TRUE
"test-s315","ttr",17,16,0.941176470588235,"ok",NA,FALSE,NA,NA,"SUW","all_tokens",TRUE
"test-s315","mattr",17,16,NA,"missing","too_short_for_requested_parameter",TRUE,NA,NA,"SUW","all_tokens",TRUE
"test-s315","mtld",17,16,80.92,"ok",NA,TRUE,TRUE,0,"SUW","all_tokens",TRUE
"test-s316","ttr",15,15,1,"ok",NA,FALSE,NA,NA,"SUW","all_tokens",TRUE
"test-s316","mattr",15,15,NA,"missing","too_short_for_requested_parameter",TRUE,NA,NA,"SUW","all_tokens",TRUE
"test-s316","mtld",15,15,NA,"missing","no_factor",TRUE,NA,NA,"SUW","all_tokens",TRUE
"test-s317","ttr",6,6,1,"ok",NA,FALSE,NA,NA,"SUW","all_tokens",TRUE
"test-s317","mattr",6,6,NA,"missing","too_short_for_requested_parameter",TRUE,NA,NA,"SUW","all_tokens",TRUE
"test-s317","mtld",6,6,NA,"missing","no_factor",TRUE,NA,NA,"SUW","all_tokens",TRUE
"test-s318","ttr",12,12,1,"ok",NA,FALSE,NA,NA,"SUW","all_tokens",TRUE
"test-s318","mattr",12,12,NA,"missing","too_short_for_requested_parameter",TRUE,NA,NA,"SUW","all_tokens",TRUE
"test-s318","mtld",12,12,NA,"missing","no_factor",TRUE,NA,NA,"SUW","all_tokens",TRUE
"test-s319","ttr",23,18,0.782608695652174,"ok",NA,FALSE,NA,NA,"SUW","all_tokens",TRUE
"test-s319","mattr",23,18,NA,"missing","too_short_for_requested_parameter",TRUE,NA,NA,"SUW","all_tokens",TRUE
"test-s319","mtld",23,18,29.624,"ok",NA,TRUE,TRUE,0,"SUW","all_tokens",TRUE
"test-s320","ttr",26,25,0.961538461538462,"ok",NA,FALSE,NA,NA,"SUW","all_tokens",TRUE
"test-s320","mattr",26,25,NA,"missing","too_short_for_requested_parameter",TRUE,NA,NA,"SUW","all_tokens",TRUE
"test-s320","mtld",26,25,189.28,"ok",NA,TRUE,TRUE,0,"SUW","all_tokens",TRUE
"test-s321","ttr",21,19,0.904761904761905,"ok",NA,FALSE,NA,NA,"SUW","all_tokens",TRUE
"test-s321","mattr",21,19,NA,"missing","too_short_for_requested_parameter",TRUE,NA,NA,"SUW","all_tokens",TRUE
"test-s321","mtld",21,19,61.74,"ok",NA,TRUE,TRUE,0,"SUW","all_tokens",TRUE
"test-s322","ttr",18,18,1,"ok",NA,FALSE,NA,NA,"SUW","all_tokens",TRUE
"test-s322","mattr",18,18,NA,"missing","too_short_for_requested_parameter",TRUE,NA,NA,"SUW","all_tokens",TRUE
"test-s322","mtld",18,18,NA,"missing","no_factor",TRUE,NA,NA,"SUW","all_tokens",TRUE
"test-s323","ttr",29,24,0.827586206896552,"ok",NA,FALSE,NA,NA,"SUW","all_tokens",TRUE
"test-s323","mattr",29,24,NA,"missing","too_short_for_requested_parameter",TRUE,NA,NA,"SUW","all_tokens",TRUE
"test-s323","mtld",29,24,47.096,"ok",NA,TRUE,TRUE,0,"SUW","all_tokens",TRUE
"test-s324","ttr",23,21,0.91304347826087,"ok",NA,FALSE,NA,NA,"SUW","all_tokens",TRUE
"test-s324","mattr",23,21,NA,"missing","too_short_for_requested_parameter",TRUE,NA,NA,"SUW","all_tokens",TRUE
"test-s324","mtld",23,21,74.06,"ok",NA,TRUE,TRUE,0,"SUW","all_tokens",TRUE
"test-s325","ttr",40,31,0.775,"ok",NA,FALSE,NA,NA,"SUW","all_tokens",TRUE
"test-s325","mattr",40,31,NA,"missing","too_short_for_requested_parameter",TRUE,NA,NA,"SUW","all_tokens",TRUE
"test-s325","mtld",40,31,49.7777777777778,"ok",NA,TRUE,TRUE,0,"SUW","all_tokens",TRUE
"test-s326","ttr",19,18,0.947368421052632,"ok",NA,FALSE,NA,NA,"SUW","all_tokens",TRUE
"test-s326","mattr",19,18,NA,"missing","too_short_for_requested_parameter",TRUE,NA,NA,"SUW","all_tokens",TRUE
"test-s326","mtld",19,18,101.08,"ok",NA,TRUE,TRUE,0,"SUW","all_tokens",TRUE
"test-s327","ttr",31,28,0.903225806451613,"ok",NA,FALSE,NA,NA,"SUW","all_tokens",TRUE
"test-s327","mattr",31,28,NA,"missing","too_short_for_requested_parameter",TRUE,NA,NA,"SUW","all_tokens",TRUE
"test-s327","mtld",31,28,89.6933333333333,"ok",NA,TRUE,TRUE,0,"SUW","all_tokens",TRUE
"test-s328","ttr",44,35,0.795454545454545,"ok",NA,FALSE,NA,NA,"SUW","all_tokens",TRUE
"test-s328","mattr",44,35,NA,"missing","too_short_for_requested_parameter",TRUE,NA,NA,"SUW","all_tokens",TRUE
"test-s328","mtld",44,35,60.2311111111111,"ok",NA,TRUE,TRUE,0,"SUW","all_tokens",TRUE
"test-s329","ttr",23,21,0.91304347826087,"ok",NA,FALSE,NA,NA,"SUW","all_tokens",TRUE
"test-s329","mattr",23,21,NA,"missing","too_short_for_requested_parameter",TRUE,NA,NA,"SUW","all_tokens",TRUE
"test-s329","mtld",23,21,74.06,"ok",NA,TRUE,TRUE,0,"SUW","all_tokens",TRUE
"test-s330","ttr",41,34,0.829268292682927,"ok",NA,FALSE,NA,NA,"SUW","all_tokens",TRUE
"test-s330","mattr",41,34,NA,"missing","too_short_for_requested_parameter",TRUE,NA,NA,"SUW","all_tokens",TRUE
"test-s330","mtld",41,34,67.24,"ok",NA,TRUE,TRUE,0,"SUW","all_tokens",TRUE
"test-s331","ttr",21,18,0.857142857142857,"ok",NA,FALSE,NA,NA,"SUW","all_tokens",TRUE
"test-s331","mattr",21,18,NA,"missing","too_short_for_requested_parameter",TRUE,NA,NA,"SUW","all_tokens",TRUE
"test-s331","mtld",21,18,41.16,"ok",NA,TRUE,TRUE,0,"SUW","all_tokens",TRUE
"test-s332","ttr",85,56,0.658823529411765,"ok",NA,FALSE,NA,NA,"SUW","all_tokens",TRUE
"test-s332","mattr",85,56,0.753888888888889,"ok",NA,FALSE,NA,NA,"SUW","all_tokens",TRUE
"test-s332","mtld",85,56,69.9397935779816,"ok",NA,FALSE,FALSE,12.6829268292683,"SUW","all_tokens",TRUE
"test-s333","ttr",30,26,0.866666666666667,"ok",NA,FALSE,NA,NA,"SUW","all_tokens",TRUE
"test-s333","mattr",30,26,NA,"missing","too_short_for_requested_parameter",TRUE,NA,NA,"SUW","all_tokens",TRUE
"test-s333","mtld",30,26,63,"ok",NA,TRUE,TRUE,0,"SUW","all_tokens",TRUE
"test-s334","ttr",115,80,0.695652173913043,"ok",NA,FALSE,NA,NA,"SUW","all_tokens",TRUE
"test-s334","mattr",115,80,0.788181818181818,"ok",NA,FALSE,NA,NA,"SUW","all_tokens",TRUE
"test-s334","mtld",115,80,75.6756544473244,"ok",NA,FALSE,FALSE,20.888040105037,"SUW","all_tokens",TRUE
"test-s335","ttr",15,15,1,"ok",NA,FALSE,NA,NA,"SUW","all_tokens",TRUE
"test-s335","mattr",15,15,NA,"missing","too_short_for_requested_parameter",TRUE,NA,NA,"SUW","all_tokens",TRUE
"test-s335","mtld",15,15,NA,"missing","no_factor",TRUE,NA,NA,"SUW","all_tokens",TRUE
"test-s336","ttr",19,18,0.947368421052632,"ok",NA,FALSE,NA,NA,"SUW","all_tokens",TRUE
"test-s336","mattr",19,18,NA,"missing","too_short_for_requested_parameter",TRUE,NA,NA,"SUW","all_tokens",TRUE
"test-s336","mtld",19,18,101.08,"ok",NA,TRUE,TRUE,0,"SUW","all_tokens",TRUE
"test-s337","ttr",9,9,1,"ok",NA,FALSE,NA,NA,"SUW","all_tokens",TRUE
"test-s337","mattr",9,9,NA,"missing","too_short_for_requested_parameter",TRUE,NA,NA,"SUW","all_tokens",TRUE
"test-s337","mtld",9,9,NA,"missing","no_factor",TRUE,NA,NA,"SUW","all_tokens",TRUE
"test-s338","ttr",29,27,0.931034482758621,"ok",NA,FALSE,NA,NA,"SUW","all_tokens",TRUE
"test-s338","mattr",29,27,NA,"missing","too_short_for_requested_parameter",TRUE,NA,NA,"SUW","all_tokens",TRUE
"test-s338","mtld",29,27,117.74,"ok",NA,TRUE,TRUE,0,"SUW","all_tokens",TRUE
"test-s339","ttr",8,8,1,"ok",NA,FALSE,NA,NA,"SUW","all_tokens",TRUE
"test-s339","mattr",8,8,NA,"missing","too_short_for_requested_parameter",TRUE,NA,NA,"SUW","all_tokens",TRUE
"test-s339","mtld",8,8,NA,"missing","no_factor",TRUE,NA,NA,"SUW","all_tokens",TRUE
"test-s340","ttr",26,22,0.846153846153846,"ok",NA,FALSE,NA,NA,"SUW","all_tokens",TRUE
"test-s340","mattr",26,22,NA,"missing","too_short_for_requested_parameter",TRUE,NA,NA,"SUW","all_tokens",TRUE
"test-s340","mtld",26,22,47.32,"ok",NA,TRUE,TRUE,0,"SUW","all_tokens",TRUE
"test-s341","ttr",32,25,0.78125,"ok",NA,FALSE,NA,NA,"SUW","all_tokens",TRUE
"test-s341","mattr",32,25,NA,"missing","too_short_for_requested_parameter",TRUE,NA,NA,"SUW","all_tokens",TRUE
"test-s341","mtld",32,25,40.96,"ok",NA,TRUE,TRUE,0,"SUW","all_tokens",TRUE
"test-s342","ttr",14,14,1,"ok",NA,FALSE,NA,NA,"SUW","all_tokens",TRUE
"test-s342","mattr",14,14,NA,"missing","too_short_for_requested_parameter",TRUE,NA,NA,"SUW","all_tokens",TRUE
"test-s342","mtld",14,14,NA,"missing","no_factor",TRUE,NA,NA,"SUW","all_tokens",TRUE
"test-s343","ttr",21,19,0.904761904761905,"ok",NA,FALSE,NA,NA,"SUW","all_tokens",TRUE
"test-s343","mattr",21,19,NA,"missing","too_short_for_requested_parameter",TRUE,NA,NA,"SUW","all_tokens",TRUE
"test-s343","mtld",21,19,61.74,"ok",NA,TRUE,TRUE,0,"SUW","all_tokens",TRUE
"test-s344","ttr",34,31,0.911764705882353,"ok",NA,FALSE,NA,NA,"SUW","all_tokens",TRUE
"test-s344","mattr",34,31,NA,"missing","too_short_for_requested_parameter",TRUE,NA,NA,"SUW","all_tokens",TRUE
"test-s344","mtld",34,31,107.893333333333,"ok",NA,TRUE,TRUE,0,"SUW","all_tokens",TRUE
"test-s345","ttr",26,23,0.884615384615385,"ok",NA,FALSE,NA,NA,"SUW","all_tokens",TRUE
"test-s345","mattr",26,23,NA,"missing","too_short_for_requested_parameter",TRUE,NA,NA,"SUW","all_tokens",TRUE
"test-s345","mtld",26,23,63.0933333333333,"ok",NA,TRUE,TRUE,0,"SUW","all_tokens",TRUE
"test-s346","ttr",20,15,0.75,"ok",NA,FALSE,NA,NA,"SUW","all_tokens",TRUE
"test-s346","mattr",20,15,NA,"missing","too_short_for_requested_parameter",TRUE,NA,NA,"SUW","all_tokens",TRUE
"test-s346","mtld",20,15,21.2,"ok",NA,TRUE,TRUE,11.3207547169811,"SUW","all_tokens",TRUE
"test-s347","ttr",32,30,0.9375,"ok",NA,FALSE,NA,NA,"SUW","all_tokens",TRUE
"test-s347","mattr",32,30,NA,"missing","too_short_for_requested_parameter",TRUE,NA,NA,"SUW","all_tokens",TRUE
"test-s347","mtld",32,30,143.36,"ok",NA,TRUE,TRUE,0,"SUW","all_tokens",TRUE
"test-s348","ttr",23,20,0.869565217391304,"ok",NA,FALSE,NA,NA,"SUW","all_tokens",TRUE
"test-s348","mattr",23,20,NA,"missing","too_short_for_requested_parameter",TRUE,NA,NA,"SUW","all_tokens",TRUE
"test-s348","mtld",23,20,49.3733333333333,"ok",NA,TRUE,TRUE,0,"SUW","all_tokens",TRUE
"test-s349","ttr",4,4,1,"ok",NA,FALSE,NA,NA,"SUW","all_tokens",TRUE
"test-s349","mattr",4,4,NA,"missing","too_short_for_requested_parameter",TRUE,NA,NA,"SUW","all_tokens",TRUE
"test-s349","mtld",4,4,NA,"missing","no_factor",TRUE,NA,NA,"SUW","all_tokens",TRUE
"test-s350","ttr",50,38,0.76,"ok",NA,FALSE,NA,NA,"SUW","all_tokens",TRUE
"test-s350","mattr",50,38,0.76,"ok",NA,FALSE,NA,NA,"SUW","all_tokens",TRUE
"test-s350","mtld",50,38,58.3333333333333,"ok",NA,FALSE,TRUE,0,"SUW","all_tokens",TRUE
"test-s351","ttr",21,20,0.952380952380952,"ok",NA,FALSE,NA,NA,"SUW","all_tokens",TRUE
"test-s351","mattr",21,20,NA,"missing","too_short_for_requested_parameter",TRUE,NA,NA,"SUW","all_tokens",TRUE
"test-s351","mtld",21,20,123.48,"ok",NA,TRUE,TRUE,0,"SUW","all_tokens",TRUE
"test-s352","ttr",23,21,0.91304347826087,"ok",NA,FALSE,NA,NA,"SUW","all_tokens",TRUE
"test-s352","mattr",23,21,NA,"missing","too_short_for_requested_parameter",TRUE,NA,NA,"SUW","all_tokens",TRUE
"test-s352","mtld",23,21,74.06,"ok",NA,TRUE,TRUE,0,"SUW","all_tokens",TRUE
"test-s353","ttr",13,13,1,"ok",NA,FALSE,NA,NA,"SUW","all_tokens",TRUE
"test-s353","mattr",13,13,NA,"missing","too_short_for_requested_parameter",TRUE,NA,NA,"SUW","all_tokens",TRUE
"test-s353","mtld",13,13,NA,"missing","no_factor",TRUE,NA,NA,"SUW","all_tokens",TRUE
"test-s354","ttr",11,11,1,"ok",NA,FALSE,NA,NA,"SUW","all_tokens",TRUE
"test-s354","mattr",11,11,NA,"missing","too_short_for_requested_parameter",TRUE,NA,NA,"SUW","all_tokens",TRUE
"test-s354","mtld",11,11,NA,"missing","no_factor",TRUE,NA,NA,"SUW","all_tokens",TRUE
"test-s355","ttr",39,32,0.82051282051282,"ok",NA,FALSE,NA,NA,"SUW","all_tokens",TRUE
"test-s355","mattr",39,32,NA,"missing","too_short_for_requested_parameter",TRUE,NA,NA,"SUW","all_tokens",TRUE
"test-s355","mtld",39,32,60.84,"ok",NA,TRUE,TRUE,0,"SUW","all_tokens",TRUE
"test-s356","ttr",13,12,0.923076923076923,"ok",NA,FALSE,NA,NA,"SUW","all_tokens",TRUE
"test-s356","mattr",13,12,NA,"missing","too_short_for_requested_parameter",TRUE,NA,NA,"SUW","all_tokens",TRUE
"test-s356","mtld",13,12,47.32,"ok",NA,TRUE,TRUE,0,"SUW","all_tokens",TRUE
"test-s357","ttr",32,31,0.96875,"ok",NA,FALSE,NA,NA,"SUW","all_tokens",TRUE
"test-s357","mattr",32,31,NA,"missing","too_short_for_requested_parameter",TRUE,NA,NA,"SUW","all_tokens",TRUE
"test-s357","mtld",32,31,286.72,"ok",NA,TRUE,TRUE,0,"SUW","all_tokens",TRUE
"test-s358","ttr",35,31,0.885714285714286,"ok",NA,FALSE,NA,NA,"SUW","all_tokens",TRUE
"test-s358","mattr",35,31,NA,"missing","too_short_for_requested_parameter",TRUE,NA,NA,"SUW","all_tokens",TRUE
"test-s358","mtld",35,31,85.75,"ok",NA,TRUE,TRUE,0,"SUW","all_tokens",TRUE
"test-s359","ttr",21,21,1,"ok",NA,FALSE,NA,NA,"SUW","all_tokens",TRUE
"test-s359","mattr",21,21,NA,"missing","too_short_for_requested_parameter",TRUE,NA,NA,"SUW","all_tokens",TRUE
"test-s359","mtld",21,21,NA,"missing","no_factor",TRUE,NA,NA,"SUW","all_tokens",TRUE
"test-s360","ttr",10,10,1,"ok",NA,FALSE,NA,NA,"SUW","all_tokens",TRUE
"test-s360","mattr",10,10,NA,"missing","too_short_for_requested_parameter",TRUE,NA,NA,"SUW","all_tokens",TRUE
"test-s360","mtld",10,10,NA,"missing","no_factor",TRUE,NA,NA,"SUW","all_tokens",TRUE
"test-s361","ttr",20,18,0.9,"ok",NA,FALSE,NA,NA,"SUW","all_tokens",TRUE
"test-s361","mattr",20,18,NA,"missing","too_short_for_requested_parameter",TRUE,NA,NA,"SUW","all_tokens",TRUE
"test-s361","mtld",20,18,56,"ok",NA,TRUE,TRUE,0,"SUW","all_tokens",TRUE
"test-s362","ttr",9,8,0.888888888888889,"ok",NA,FALSE,NA,NA,"SUW","all_tokens",TRUE
"test-s362","mattr",9,8,NA,"missing","too_short_for_requested_parameter",TRUE,NA,NA,"SUW","all_tokens",TRUE
"test-s362","mtld",9,8,22.68,"ok",NA,TRUE,TRUE,0,"SUW","all_tokens",TRUE
"test-s363","ttr",49,36,0.73469387755102,"ok",NA,FALSE,NA,NA,"SUW","all_tokens",TRUE
"test-s363","mattr",49,36,NA,"missing","too_short_for_requested_parameter",TRUE,NA,NA,"SUW","all_tokens",TRUE
"test-s363","mtld",49,36,50.3569230769231,"ok",NA,TRUE,TRUE,5.38922155688624,"SUW","all_tokens",TRUE
"test-s364","ttr",9,9,1,"ok",NA,FALSE,NA,NA,"SUW","all_tokens",TRUE
"test-s364","mattr",9,9,NA,"missing","too_short_for_requested_parameter",TRUE,NA,NA,"SUW","all_tokens",TRUE
"test-s364","mtld",9,9,NA,"missing","no_factor",TRUE,NA,NA,"SUW","all_tokens",TRUE
"test-s365","ttr",20,18,0.9,"ok",NA,FALSE,NA,NA,"SUW","all_tokens",TRUE
"test-s365","mattr",20,18,NA,"missing","too_short_for_requested_parameter",TRUE,NA,NA,"SUW","all_tokens",TRUE
"test-s365","mtld",20,18,56,"ok",NA,TRUE,TRUE,0,"SUW","all_tokens",TRUE
"test-s366","ttr",66,43,0.651515151515151,"ok",NA,FALSE,NA,NA,"SUW","all_tokens",TRUE
"test-s366","mattr",66,43,0.709411764705882,"ok",NA,FALSE,NA,NA,"SUW","all_tokens",TRUE
"test-s366","mtld",66,43,48.1484510964149,"ok",NA,FALSE,FALSE,6.95797383801837,"SUW","all_tokens",TRUE
"test-s367","ttr",20,18,0.9,"ok",NA,FALSE,NA,NA,"SUW","all_tokens",TRUE
"test-s367","mattr",20,18,NA,"missing","too_short_for_requested_parameter",TRUE,NA,NA,"SUW","all_tokens",TRUE
"test-s367","mtld",20,18,56,"ok",NA,TRUE,TRUE,0,"SUW","all_tokens",TRUE
"test-s368","ttr",25,21,0.84,"ok",NA,FALSE,NA,NA,"SUW","all_tokens",TRUE
"test-s368","mattr",25,21,NA,"missing","too_short_for_requested_parameter",TRUE,NA,NA,"SUW","all_tokens",TRUE
"test-s368","mtld",25,21,43.75,"ok",NA,TRUE,TRUE,0,"SUW","all_tokens",TRUE
"test-s369","ttr",4,4,1,"ok",NA,FALSE,NA,NA,"SUW","all_tokens",TRUE
"test-s369","mattr",4,4,NA,"missing","too_short_for_requested_parameter",TRUE,NA,NA,"SUW","all_tokens",TRUE
"test-s369","mtld",4,4,NA,"missing","no_factor",TRUE,NA,NA,"SUW","all_tokens",TRUE
"test-s370","ttr",21,18,0.857142857142857,"ok",NA,FALSE,NA,NA,"SUW","all_tokens",TRUE
"test-s370","mattr",21,18,NA,"missing","too_short_for_requested_parameter",TRUE,NA,NA,"SUW","all_tokens",TRUE
"test-s370","mtld",21,18,41.16,"ok",NA,TRUE,TRUE,0,"SUW","all_tokens",TRUE
"test-s371","ttr",56,34,0.607142857142857,"ok",NA,FALSE,NA,NA,"SUW","all_tokens",TRUE
"test-s371","mattr",56,34,0.611428571428571,"ok",NA,FALSE,NA,NA,"SUW","all_tokens",TRUE
"test-s371","mtld",56,34,45.5522388059701,"ok",NA,FALSE,FALSE,45.8715596330275,"SUW","all_tokens",TRUE
"test-s372","ttr",8,7,0.875,"ok",NA,FALSE,NA,NA,"SUW","all_tokens",TRUE
"test-s372","mattr",8,7,NA,"missing","too_short_for_requested_parameter",TRUE,NA,NA,"SUW","all_tokens",TRUE
"test-s372","mtld",8,7,17.92,"ok",NA,TRUE,TRUE,0,"SUW","all_tokens",TRUE
"test-s373","ttr",8,8,1,"ok",NA,FALSE,NA,NA,"SUW","all_tokens",TRUE
"test-s373","mattr",8,8,NA,"missing","too_short_for_requested_parameter",TRUE,NA,NA,"SUW","all_tokens",TRUE
"test-s373","mtld",8,8,NA,"missing","no_factor",TRUE,NA,NA,"SUW","all_tokens",TRUE
"test-s374","ttr",19,18,0.947368421052632,"ok",NA,FALSE,NA,NA,"SUW","all_tokens",TRUE
"test-s374","mattr",19,18,NA,"missing","too_short_for_requested_parameter",TRUE,NA,NA,"SUW","all_tokens",TRUE
"test-s374","mtld",19,18,101.08,"ok",NA,TRUE,TRUE,0,"SUW","all_tokens",TRUE
"test-s375","ttr",24,19,0.791666666666667,"ok",NA,FALSE,NA,NA,"SUW","all_tokens",TRUE
"test-s375","mattr",24,19,NA,"missing","too_short_for_requested_parameter",TRUE,NA,NA,"SUW","all_tokens",TRUE
"test-s375","mtld",24,19,32.256,"ok",NA,TRUE,TRUE,0,"SUW","all_tokens",TRUE
"test-s376","ttr",23,21,0.91304347826087,"ok",NA,FALSE,NA,NA,"SUW","all_tokens",TRUE
"test-s376","mattr",23,21,NA,"missing","too_short_for_requested_parameter",TRUE,NA,NA,"SUW","all_tokens",TRUE
"test-s376","mtld",23,21,74.06,"ok",NA,TRUE,TRUE,0,"SUW","all_tokens",TRUE
"test-s377","ttr",29,25,0.862068965517241,"ok",NA,FALSE,NA,NA,"SUW","all_tokens",TRUE
"test-s377","mattr",29,25,NA,"missing","too_short_for_requested_parameter",TRUE,NA,NA,"SUW","all_tokens",TRUE
"test-s377","mtld",29,25,58.87,"ok",NA,TRUE,TRUE,0,"SUW","all_tokens",TRUE
"test-s378","ttr",16,15,0.9375,"ok",NA,FALSE,NA,NA,"SUW","all_tokens",TRUE
"test-s378","mattr",16,15,NA,"missing","too_short_for_requested_parameter",TRUE,NA,NA,"SUW","all_tokens",TRUE
"test-s378","mtld",16,15,71.68,"ok",NA,TRUE,TRUE,0,"SUW","all_tokens",TRUE
"test-s379","ttr",9,9,1,"ok",NA,FALSE,NA,NA,"SUW","all_tokens",TRUE
"test-s379","mattr",9,9,NA,"missing","too_short_for_requested_parameter",TRUE,NA,NA,"SUW","all_tokens",TRUE
"test-s379","mtld",9,9,NA,"missing","no_factor",TRUE,NA,NA,"SUW","all_tokens",TRUE
"test-s380","ttr",28,24,0.857142857142857,"ok",NA,FALSE,NA,NA,"SUW","all_tokens",TRUE
"test-s380","mattr",28,24,NA,"missing","too_short_for_requested_parameter",TRUE,NA,NA,"SUW","all_tokens",TRUE
"test-s380","mtld",28,24,54.88,"ok",NA,TRUE,TRUE,0,"SUW","all_tokens",TRUE
"test-s381","ttr",55,40,0.727272727272727,"ok",NA,FALSE,NA,NA,"SUW","all_tokens",TRUE
"test-s381","mattr",55,40,0.736666666666667,"ok",NA,FALSE,NA,NA,"SUW","all_tokens",TRUE
"test-s381","mtld",55,40,55.7333333333333,"ok",NA,FALSE,TRUE,2.63157894736844,"SUW","all_tokens",TRUE
"test-s382","ttr",13,12,0.923076923076923,"ok",NA,FALSE,NA,NA,"SUW","all_tokens",TRUE
"test-s382","mattr",13,12,NA,"missing","too_short_for_requested_parameter",TRUE,NA,NA,"SUW","all_tokens",TRUE
"test-s382","mtld",13,12,47.32,"ok",NA,TRUE,TRUE,0,"SUW","all_tokens",TRUE
"test-s383","ttr",27,23,0.851851851851852,"ok",NA,FALSE,NA,NA,"SUW","all_tokens",TRUE
"test-s383","mattr",27,23,NA,"missing","too_short_for_requested_parameter",TRUE,NA,NA,"SUW","all_tokens",TRUE
"test-s383","mtld",27,23,51.03,"ok",NA,TRUE,TRUE,0,"SUW","all_tokens",TRUE
"test-s384","ttr",29,24,0.827586206896552,"ok",NA,FALSE,NA,NA,"SUW","all_tokens",TRUE
"test-s384","mattr",29,24,NA,"missing","too_short_for_requested_parameter",TRUE,NA,NA,"SUW","all_tokens",TRUE
"test-s384","mtld",29,24,47.096,"ok",NA,TRUE,TRUE,0,"SUW","all_tokens",TRUE
"test-s385","ttr",18,17,0.944444444444444,"ok",NA,FALSE,NA,NA,"SUW","all_tokens",TRUE
"test-s385","mattr",18,17,NA,"missing","too_short_for_requested_parameter",TRUE,NA,NA,"SUW","all_tokens",TRUE
"test-s385","mtld",18,17,90.72,"ok",NA,TRUE,TRUE,0,"SUW","all_tokens",TRUE
"test-s386","ttr",46,34,0.739130434782609,"ok",NA,FALSE,NA,NA,"SUW","all_tokens",TRUE
"test-s386","mattr",46,34,NA,"missing","too_short_for_requested_parameter",TRUE,NA,NA,"SUW","all_tokens",TRUE
"test-s386","mtld",46,34,47.6866666666667,"ok",NA,TRUE,TRUE,7.07395498392282,"SUW","all_tokens",TRUE
"test-s387","ttr",6,6,1,"ok",NA,FALSE,NA,NA,"SUW","all_tokens",TRUE
"test-s387","mattr",6,6,NA,"missing","too_short_for_requested_parameter",TRUE,NA,NA,"SUW","all_tokens",TRUE
"test-s387","mtld",6,6,NA,"missing","no_factor",TRUE,NA,NA,"SUW","all_tokens",TRUE
"test-s388","ttr",48,35,0.729166666666667,"ok",NA,FALSE,NA,NA,"SUW","all_tokens",TRUE
"test-s388","mattr",48,35,NA,"missing","too_short_for_requested_parameter",TRUE,NA,NA,"SUW","all_tokens",TRUE
"test-s388","mtld",48,35,42.4965182186235,"ok",NA,TRUE,TRUE,33.5467349551856,"SUW","all_tokens",TRUE
"test-s389","ttr",22,21,0.954545454545455,"ok",NA,FALSE,NA,NA,"SUW","all_tokens",TRUE
"test-s389","mattr",22,21,NA,"missing","too_short_for_requested_parameter",TRUE,NA,NA,"SUW","all_tokens",TRUE
"test-s389","mtld",22,21,135.52,"ok",NA,TRUE,TRUE,0,"SUW","all_tokens",TRUE
"test-s390","ttr",30,29,0.966666666666667,"ok",NA,FALSE,NA,NA,"SUW","all_tokens",TRUE
"test-s390","mattr",30,29,NA,"missing","too_short_for_requested_parameter",TRUE,NA,NA,"SUW","all_tokens",TRUE
"test-s390","mtld",30,29,252,"ok",NA,TRUE,TRUE,0,"SUW","all_tokens",TRUE
"test-s392","ttr",28,25,0.892857142857143,"ok",NA,FALSE,NA,NA,"SUW","all_tokens",TRUE
"test-s392","mattr",28,25,NA,"missing","too_short_for_requested_parameter",TRUE,NA,NA,"SUW","all_tokens",TRUE
"test-s392","mtld",28,25,73.1733333333334,"ok",NA,TRUE,TRUE,0,"SUW","all_tokens",TRUE
"test-s393","ttr",37,33,0.891891891891892,"ok",NA,FALSE,NA,NA,"SUW","all_tokens",TRUE
"test-s393","mattr",37,33,NA,"missing","too_short_for_requested_parameter",TRUE,NA,NA,"SUW","all_tokens",TRUE
"test-s393","mtld",37,33,95.83,"ok",NA,TRUE,TRUE,0,"SUW","all_tokens",TRUE
"test-s394","ttr",32,28,0.875,"ok",NA,FALSE,NA,NA,"SUW","all_tokens",TRUE
"test-s394","mattr",32,28,NA,"missing","too_short_for_requested_parameter",TRUE,NA,NA,"SUW","all_tokens",TRUE
"test-s394","mtld",32,28,71.68,"ok",NA,TRUE,TRUE,0,"SUW","all_tokens",TRUE
"test-s395","ttr",27,25,0.925925925925926,"ok",NA,FALSE,NA,NA,"SUW","all_tokens",TRUE
"test-s395","mattr",27,25,NA,"missing","too_short_for_requested_parameter",TRUE,NA,NA,"SUW","all_tokens",TRUE
"test-s395","mtld",27,25,102.06,"ok",NA,TRUE,TRUE,0,"SUW","all_tokens",TRUE
"test-s396","ttr",27,25,0.925925925925926,"ok",NA,FALSE,NA,NA,"SUW","all_tokens",TRUE
"test-s396","mattr",27,25,NA,"missing","too_short_for_requested_parameter",TRUE,NA,NA,"SUW","all_tokens",TRUE
"test-s396","mtld",27,25,102.06,"ok",NA,TRUE,TRUE,0,"SUW","all_tokens",TRUE
"test-s397","ttr",12,12,1,"ok",NA,FALSE,NA,NA,"SUW","all_tokens",TRUE
"test-s397","mattr",12,12,NA,"missing","too_short_for_requested_parameter",TRUE,NA,NA,"SUW","all_tokens",TRUE
"test-s397","mtld",12,12,NA,"missing","no_factor",TRUE,NA,NA,"SUW","all_tokens",TRUE
"test-s398","ttr",44,34,0.772727272727273,"ok",NA,FALSE,NA,NA,"SUW","all_tokens",TRUE
"test-s398","mattr",44,34,NA,"missing","too_short_for_requested_parameter",TRUE,NA,NA,"SUW","all_tokens",TRUE
"test-s398","mtld",44,34,54.208,"ok",NA,TRUE,TRUE,0,"SUW","all_tokens",TRUE
"test-s399","ttr",42,33,0.785714285714286,"ok",NA,FALSE,NA,NA,"SUW","all_tokens",TRUE
"test-s399","mattr",42,33,NA,"missing","too_short_for_requested_parameter",TRUE,NA,NA,"SUW","all_tokens",TRUE
"test-s399","mtld",42,33,54.88,"ok",NA,TRUE,TRUE,0,"SUW","all_tokens",TRUE
"test-s400","ttr",43,37,0.86046511627907,"ok",NA,FALSE,NA,NA,"SUW","all_tokens",TRUE
"test-s400","mattr",43,37,NA,"missing","too_short_for_requested_parameter",TRUE,NA,NA,"SUW","all_tokens",TRUE
"test-s400","mtld",43,37,86.2866666666667,"ok",NA,TRUE,TRUE,0,"SUW","all_tokens",TRUE
"test-s401","ttr",15,15,1,"ok",NA,FALSE,NA,NA,"SUW","all_tokens",TRUE
"test-s401","mattr",15,15,NA,"missing","too_short_for_requested_parameter",TRUE,NA,NA,"SUW","all_tokens",TRUE
"test-s401","mtld",15,15,NA,"missing","no_factor",TRUE,NA,NA,"SUW","all_tokens",TRUE
"test-s402","ttr",21,21,1,"ok",NA,FALSE,NA,NA,"SUW","all_tokens",TRUE
"test-s402","mattr",21,21,NA,"missing","too_short_for_requested_parameter",TRUE,NA,NA,"SUW","all_tokens",TRUE
"test-s402","mtld",21,21,NA,"missing","no_factor",TRUE,NA,NA,"SUW","all_tokens",TRUE
"test-s403","ttr",28,23,0.821428571428571,"ok",NA,FALSE,NA,NA,"SUW","all_tokens",TRUE
"test-s403","mattr",28,23,NA,"missing","too_short_for_requested_parameter",TRUE,NA,NA,"SUW","all_tokens",TRUE
"test-s403","mtld",28,23,43.904,"ok",NA,TRUE,TRUE,0,"SUW","all_tokens",TRUE
"test-s404","ttr",24,23,0.958333333333333,"ok",NA,FALSE,NA,NA,"SUW","all_tokens",TRUE
"test-s404","mattr",24,23,NA,"missing","too_short_for_requested_parameter",TRUE,NA,NA,"SUW","all_tokens",TRUE
"test-s404","mtld",24,23,161.28,"ok",NA,TRUE,TRUE,0,"SUW","all_tokens",TRUE
"test-s405","ttr",63,39,0.619047619047619,"ok",NA,FALSE,NA,NA,"SUW","all_tokens",TRUE
"test-s405","mattr",63,39,0.652857142857143,"ok",NA,FALSE,NA,NA,"SUW","all_tokens",TRUE
"test-s405","mtld",63,39,44.0214980145146,"ok",NA,FALSE,FALSE,20.5761316872428,"SUW","all_tokens",TRUE
"test-s406","ttr",59,47,0.796610169491525,"ok",NA,FALSE,NA,NA,"SUW","all_tokens",TRUE
"test-s406","mattr",59,47,0.796,"ok",NA,FALSE,NA,NA,"SUW","all_tokens",TRUE
"test-s406","mtld",59,47,81.2233333333333,"ok",NA,FALSE,TRUE,0,"SUW","all_tokens",TRUE
"test-s407","ttr",15,15,1,"ok",NA,FALSE,NA,NA,"SUW","all_tokens",TRUE
"test-s407","mattr",15,15,NA,"missing","too_short_for_requested_parameter",TRUE,NA,NA,"SUW","all_tokens",TRUE
"test-s407","mtld",15,15,NA,"missing","no_factor",TRUE,NA,NA,"SUW","all_tokens",TRUE
"test-s408","ttr",20,19,0.95,"ok",NA,FALSE,NA,NA,"SUW","all_tokens",TRUE
"test-s408","mattr",20,19,NA,"missing","too_short_for_requested_parameter",TRUE,NA,NA,"SUW","all_tokens",TRUE
"test-s408","mtld",20,19,112,"ok",NA,TRUE,TRUE,0,"SUW","all_tokens",TRUE
"test-s409","ttr",29,27,0.931034482758621,"ok",NA,FALSE,NA,NA,"SUW","all_tokens",TRUE
"test-s409","mattr",29,27,NA,"missing","too_short_for_requested_parameter",TRUE,NA,NA,"SUW","all_tokens",TRUE
"test-s409","mtld",29,27,117.74,"ok",NA,TRUE,TRUE,0,"SUW","all_tokens",TRUE
"test-s410","ttr",12,11,0.916666666666667,"ok",NA,FALSE,NA,NA,"SUW","all_tokens",TRUE
"test-s410","mattr",12,11,NA,"missing","too_short_for_requested_parameter",TRUE,NA,NA,"SUW","all_tokens",TRUE
"test-s410","mtld",12,11,40.32,"ok",NA,TRUE,TRUE,0,"SUW","all_tokens",TRUE
"test-s411","ttr",59,41,0.694915254237288,"ok",NA,FALSE,NA,NA,"SUW","all_tokens",TRUE
"test-s411","mattr",59,41,0.712,"ok",NA,FALSE,NA,NA,"SUW","all_tokens",TRUE
"test-s411","mtld",59,41,54.530303030303,"ok",NA,FALSE,FALSE,16.3934426229508,"SUW","all_tokens",TRUE
"test-s412","ttr",46,35,0.760869565217391,"ok",NA,FALSE,NA,NA,"SUW","all_tokens",TRUE
"test-s412","mattr",46,35,NA,"missing","too_short_for_requested_parameter",TRUE,NA,NA,"SUW","all_tokens",TRUE
"test-s412","mtld",46,35,53.8618181818182,"ok",NA,TRUE,TRUE,0,"SUW","all_tokens",TRUE
"test-s413","ttr",17,16,0.941176470588235,"ok",NA,FALSE,NA,NA,"SUW","all_tokens",TRUE
"test-s413","mattr",17,16,NA,"missing","too_short_for_requested_parameter",TRUE,NA,NA,"SUW","all_tokens",TRUE
"test-s413","mtld",17,16,80.92,"ok",NA,TRUE,TRUE,0,"SUW","all_tokens",TRUE
"test-s414","ttr",10,10,1,"ok",NA,FALSE,NA,NA,"SUW","all_tokens",TRUE
"test-s414","mattr",10,10,NA,"missing","too_short_for_requested_parameter",TRUE,NA,NA,"SUW","all_tokens",TRUE
"test-s414","mtld",10,10,NA,"missing","no_factor",TRUE,NA,NA,"SUW","all_tokens",TRUE
"test-s415","ttr",23,22,0.956521739130435,"ok",NA,FALSE,NA,NA,"SUW","all_tokens",TRUE
"test-s415","mattr",23,22,NA,"missing","too_short_for_requested_parameter",TRUE,NA,NA,"SUW","all_tokens",TRUE
"test-s415","mtld",23,22,148.12,"ok",NA,TRUE,TRUE,0,"SUW","all_tokens",TRUE
"test-s416","ttr",21,18,0.857142857142857,"ok",NA,FALSE,NA,NA,"SUW","all_tokens",TRUE
"test-s416","mattr",21,18,NA,"missing","too_short_for_requested_parameter",TRUE,NA,NA,"SUW","all_tokens",TRUE
"test-s416","mtld",21,18,41.16,"ok",NA,TRUE,TRUE,0,"SUW","all_tokens",TRUE
"test-s418","ttr",8,8,1,"ok",NA,FALSE,NA,NA,"SUW","all_tokens",TRUE
"test-s418","mattr",8,8,NA,"missing","too_short_for_requested_parameter",TRUE,NA,NA,"SUW","all_tokens",TRUE
"test-s418","mtld",8,8,NA,"missing","no_factor",TRUE,NA,NA,"SUW","all_tokens",TRUE
"test-s419","ttr",19,19,1,"ok",NA,FALSE,NA,NA,"SUW","all_tokens",TRUE
"test-s419","mattr",19,19,NA,"missing","too_short_for_requested_parameter",TRUE,NA,NA,"SUW","all_tokens",TRUE
"test-s419","mtld",19,19,NA,"missing","no_factor",TRUE,NA,NA,"SUW","all_tokens",TRUE
"test-s420","ttr",20,18,0.9,"ok",NA,FALSE,NA,NA,"SUW","all_tokens",TRUE
"test-s420","mattr",20,18,NA,"missing","too_short_for_requested_parameter",TRUE,NA,NA,"SUW","all_tokens",TRUE
"test-s420","mtld",20,18,56,"ok",NA,TRUE,TRUE,0,"SUW","all_tokens",TRUE
"test-s421","ttr",4,4,1,"ok",NA,FALSE,NA,NA,"SUW","all_tokens",TRUE
"test-s421","mattr",4,4,NA,"missing","too_short_for_requested_parameter",TRUE,NA,NA,"SUW","all_tokens",TRUE
"test-s421","mtld",4,4,NA,"missing","no_factor",TRUE,NA,NA,"SUW","all_tokens",TRUE
"test-s422","ttr",32,25,0.78125,"ok",NA,FALSE,NA,NA,"SUW","all_tokens",TRUE
"test-s422","mattr",32,25,NA,"missing","too_short_for_requested_parameter",TRUE,NA,NA,"SUW","all_tokens",TRUE
"test-s422","mtld",32,25,40.96,"ok",NA,TRUE,TRUE,0,"SUW","all_tokens",TRUE
"test-s423","ttr",13,11,0.846153846153846,"ok",NA,FALSE,NA,NA,"SUW","all_tokens",TRUE
"test-s423","mattr",13,11,NA,"missing","too_short_for_requested_parameter",TRUE,NA,NA,"SUW","all_tokens",TRUE
"test-s423","mtld",13,11,23.66,"ok",NA,TRUE,TRUE,0,"SUW","all_tokens",TRUE
"test-s424","ttr",16,16,1,"ok",NA,FALSE,NA,NA,"SUW","all_tokens",TRUE
"test-s424","mattr",16,16,NA,"missing","too_short_for_requested_parameter",TRUE,NA,NA,"SUW","all_tokens",TRUE
"test-s424","mtld",16,16,NA,"missing","no_factor",TRUE,NA,NA,"SUW","all_tokens",TRUE
"test-s425","ttr",35,30,0.857142857142857,"ok",NA,FALSE,NA,NA,"SUW","all_tokens",TRUE
"test-s425","mattr",35,30,NA,"missing","too_short_for_requested_parameter",TRUE,NA,NA,"SUW","all_tokens",TRUE
"test-s425","mtld",35,30,68.6,"ok",NA,TRUE,TRUE,0,"SUW","all_tokens",TRUE
"test-s426","ttr",28,25,0.892857142857143,"ok",NA,FALSE,NA,NA,"SUW","all_tokens",TRUE
"test-s426","mattr",28,25,NA,"missing","too_short_for_requested_parameter",TRUE,NA,NA,"SUW","all_tokens",TRUE
"test-s426","mtld",28,25,73.1733333333334,"ok",NA,TRUE,TRUE,0,"SUW","all_tokens",TRUE
"test-s427","ttr",28,24,0.857142857142857,"ok",NA,FALSE,NA,NA,"SUW","all_tokens",TRUE
"test-s427","mattr",28,24,NA,"missing","too_short_for_requested_parameter",TRUE,NA,NA,"SUW","all_tokens",TRUE
"test-s427","mtld",28,24,54.88,"ok",NA,TRUE,TRUE,0,"SUW","all_tokens",TRUE
"test-s428","ttr",5,5,1,"ok",NA,FALSE,NA,NA,"SUW","all_tokens",TRUE
"test-s428","mattr",5,5,NA,"missing","too_short_for_requested_parameter",TRUE,NA,NA,"SUW","all_tokens",TRUE
"test-s428","mtld",5,5,NA,"missing","no_factor",TRUE,NA,NA,"SUW","all_tokens",TRUE
"test-s429","ttr",19,19,1,"ok",NA,FALSE,NA,NA,"SUW","all_tokens",TRUE
"test-s429","mattr",19,19,NA,"missing","too_short_for_requested_parameter",TRUE,NA,NA,"SUW","all_tokens",TRUE
"test-s429","mtld",19,19,NA,"missing","no_factor",TRUE,NA,NA,"SUW","all_tokens",TRUE
"test-s430","ttr",17,17,1,"ok",NA,FALSE,NA,NA,"SUW","all_tokens",TRUE
"test-s430","mattr",17,17,NA,"missing","too_short_for_requested_parameter",TRUE,NA,NA,"SUW","all_tokens",TRUE
"test-s430","mtld",17,17,NA,"missing","no_factor",TRUE,NA,NA,"SUW","all_tokens",TRUE
"test-s431","ttr",43,35,0.813953488372093,"ok",NA,FALSE,NA,NA,"SUW","all_tokens",TRUE
"test-s431","mattr",43,35,NA,"missing","too_short_for_requested_parameter",TRUE,NA,NA,"SUW","all_tokens",TRUE
"test-s431","mtld",43,35,64.715,"ok",NA,TRUE,TRUE,0,"SUW","all_tokens",TRUE
"test-s432","ttr",17,16,0.941176470588235,"ok",NA,FALSE,NA,NA,"SUW","all_tokens",TRUE
"test-s432","mattr",17,16,NA,"missing","too_short_for_requested_parameter",TRUE,NA,NA,"SUW","all_tokens",TRUE
"test-s432","mtld",17,16,80.92,"ok",NA,TRUE,TRUE,0,"SUW","all_tokens",TRUE
"test-s433","ttr",28,25,0.892857142857143,"ok",NA,FALSE,NA,NA,"SUW","all_tokens",TRUE
"test-s433","mattr",28,25,NA,"missing","too_short_for_requested_parameter",TRUE,NA,NA,"SUW","all_tokens",TRUE
"test-s433","mtld",28,25,73.1733333333334,"ok",NA,TRUE,TRUE,0,"SUW","all_tokens",TRUE
"test-s434","ttr",10,10,1,"ok",NA,FALSE,NA,NA,"SUW","all_tokens",TRUE
"test-s434","mattr",10,10,NA,"missing","too_short_for_requested_parameter",TRUE,NA,NA,"SUW","all_tokens",TRUE
"test-s434","mtld",10,10,NA,"missing","no_factor",TRUE,NA,NA,"SUW","all_tokens",TRUE
"test-s435","ttr",11,11,1,"ok",NA,FALSE,NA,NA,"SUW","all_tokens",TRUE
"test-s435","mattr",11,11,NA,"missing","too_short_for_requested_parameter",TRUE,NA,NA,"SUW","all_tokens",TRUE
"test-s435","mtld",11,11,NA,"missing","no_factor",TRUE,NA,NA,"SUW","all_tokens",TRUE
"test-s436","ttr",37,29,0.783783783783784,"ok",NA,FALSE,NA,NA,"SUW","all_tokens",TRUE
"test-s436","mattr",37,29,NA,"missing","too_short_for_requested_parameter",TRUE,NA,NA,"SUW","all_tokens",TRUE
"test-s436","mtld",37,29,47.915,"ok",NA,TRUE,TRUE,0,"SUW","all_tokens",TRUE
"test-s437","ttr",31,28,0.903225806451613,"ok",NA,FALSE,NA,NA,"SUW","all_tokens",TRUE
"test-s437","mattr",31,28,NA,"missing","too_short_for_requested_parameter",TRUE,NA,NA,"SUW","all_tokens",TRUE
"test-s437","mtld",31,28,89.6933333333333,"ok",NA,TRUE,TRUE,0,"SUW","all_tokens",TRUE
"test-s438","ttr",5,5,1,"ok",NA,FALSE,NA,NA,"SUW","all_tokens",TRUE
"test-s438","mattr",5,5,NA,"missing","too_short_for_requested_parameter",TRUE,NA,NA,"SUW","all_tokens",TRUE
"test-s438","mtld",5,5,NA,"missing","no_factor",TRUE,NA,NA,"SUW","all_tokens",TRUE
"test-s439","ttr",12,11,0.916666666666667,"ok",NA,FALSE,NA,NA,"SUW","all_tokens",TRUE
"test-s439","mattr",12,11,NA,"missing","too_short_for_requested_parameter",TRUE,NA,NA,"SUW","all_tokens",TRUE
"test-s439","mtld",12,11,40.32,"ok",NA,TRUE,TRUE,0,"SUW","all_tokens",TRUE
"test-s440","ttr",39,28,0.717948717948718,"ok",NA,FALSE,NA,NA,"SUW","all_tokens",TRUE
"test-s440","mattr",39,28,NA,"missing","too_short_for_requested_parameter",TRUE,NA,NA,"SUW","all_tokens",TRUE
"test-s440","mtld",39,28,33.4602272727273,"ok",NA,TRUE,FALSE,33.112582781457,"SUW","all_tokens",TRUE
"test-s441","ttr",43,34,0.790697674418605,"ok",NA,FALSE,NA,NA,"SUW","all_tokens",TRUE
"test-s441","mattr",43,34,NA,"missing","too_short_for_requested_parameter",TRUE,NA,NA,"SUW","all_tokens",TRUE
"test-s441","mtld",43,34,57.5244444444444,"ok",NA,TRUE,TRUE,0,"SUW","all_tokens",TRUE
"test-s442","ttr",30,25,0.833333333333333,"ok",NA,FALSE,NA,NA,"SUW","all_tokens",TRUE
"test-s442","mattr",30,25,NA,"missing","too_short_for_requested_parameter",TRUE,NA,NA,"SUW","all_tokens",TRUE
"test-s442","mtld",30,25,50.4,"ok",NA,TRUE,TRUE,0,"SUW","all_tokens",TRUE
"test-s443","ttr",24,22,0.916666666666667,"ok",NA,FALSE,NA,NA,"SUW","all_tokens",TRUE
"test-s443","mattr",24,22,NA,"missing","too_short_for_requested_parameter",TRUE,NA,NA,"SUW","all_tokens",TRUE
"test-s443","mtld",24,22,80.64,"ok",NA,TRUE,TRUE,0,"SUW","all_tokens",TRUE
"test-s444","ttr",56,48,0.857142857142857,"ok",NA,FALSE,NA,NA,"SUW","all_tokens",TRUE
"test-s444","mattr",56,48,0.874285714285714,"ok",NA,FALSE,NA,NA,"SUW","all_tokens",TRUE
"test-s444","mtld",56,48,109.76,"ok",NA,FALSE,TRUE,0,"SUW","all_tokens",TRUE
"test-s445","ttr",8,7,0.875,"ok",NA,FALSE,NA,NA,"SUW","all_tokens",TRUE
"test-s445","mattr",8,7,NA,"missing","too_short_for_requested_parameter",TRUE,NA,NA,"SUW","all_tokens",TRUE
"test-s445","mtld",8,7,17.92,"ok",NA,TRUE,TRUE,0,"SUW","all_tokens",TRUE
"test-s446","ttr",10,10,1,"ok",NA,FALSE,NA,NA,"SUW","all_tokens",TRUE
"test-s446","mattr",10,10,NA,"missing","too_short_for_requested_parameter",TRUE,NA,NA,"SUW","all_tokens",TRUE
"test-s446","mtld",10,10,NA,"missing","no_factor",TRUE,NA,NA,"SUW","all_tokens",TRUE
"test-s447","ttr",12,10,0.833333333333333,"ok",NA,FALSE,NA,NA,"SUW","all_tokens",TRUE
"test-s447","mattr",12,10,NA,"missing","too_short_for_requested_parameter",TRUE,NA,NA,"SUW","all_tokens",TRUE
"test-s447","mtld",12,10,20.16,"ok",NA,TRUE,TRUE,0,"SUW","all_tokens",TRUE
"test-s448","ttr",5,5,1,"ok",NA,FALSE,NA,NA,"SUW","all_tokens",TRUE
"test-s448","mattr",5,5,NA,"missing","too_short_for_requested_parameter",TRUE,NA,NA,"SUW","all_tokens",TRUE
"test-s448","mtld",5,5,NA,"missing","no_factor",TRUE,NA,NA,"SUW","all_tokens",TRUE
"test-s449","ttr",44,39,0.886363636363636,"ok",NA,FALSE,NA,NA,"SUW","all_tokens",TRUE
"test-s449","mattr",44,39,NA,"missing","too_short_for_requested_parameter",TRUE,NA,NA,"SUW","all_tokens",TRUE
"test-s449","mtld",44,39,108.416,"ok",NA,TRUE,TRUE,0,"SUW","all_tokens",TRUE
"test-s450","ttr",6,6,1,"ok",NA,FALSE,NA,NA,"SUW","all_tokens",TRUE
"test-s450","mattr",6,6,NA,"missing","too_short_for_requested_parameter",TRUE,NA,NA,"SUW","all_tokens",TRUE
"test-s450","mtld",6,6,NA,"missing","no_factor",TRUE,NA,NA,"SUW","all_tokens",TRUE
"test-s451","ttr",6,5,0.833333333333333,"ok",NA,FALSE,NA,NA,"SUW","all_tokens",TRUE
"test-s451","mattr",6,5,NA,"missing","too_short_for_requested_parameter",TRUE,NA,NA,"SUW","all_tokens",TRUE
"test-s451","mtld",6,5,10.08,"ok",NA,TRUE,TRUE,0,"SUW","all_tokens",TRUE
"test-s452","ttr",10,9,0.9,"ok",NA,FALSE,NA,NA,"SUW","all_tokens",TRUE
"test-s452","mattr",10,9,NA,"missing","too_short_for_requested_parameter",TRUE,NA,NA,"SUW","all_tokens",TRUE
"test-s452","mtld",10,9,28,"ok",NA,TRUE,TRUE,0,"SUW","all_tokens",TRUE
"test-s453","ttr",29,24,0.827586206896552,"ok",NA,FALSE,NA,NA,"SUW","all_tokens",TRUE
"test-s453","mattr",29,24,NA,"missing","too_short_for_requested_parameter",TRUE,NA,NA,"SUW","all_tokens",TRUE
"test-s453","mtld",29,24,47.096,"ok",NA,TRUE,TRUE,0,"SUW","all_tokens",TRUE
"test-s454","ttr",13,12,0.923076923076923,"ok",NA,FALSE,NA,NA,"SUW","all_tokens",TRUE
"test-s454","mattr",13,12,NA,"missing","too_short_for_requested_parameter",TRUE,NA,NA,"SUW","all_tokens",TRUE
"test-s454","mtld",13,12,47.32,"ok",NA,TRUE,TRUE,0,"SUW","all_tokens",TRUE
"test-s455","ttr",13,13,1,"ok",NA,FALSE,NA,NA,"SUW","all_tokens",TRUE
"test-s455","mattr",13,13,NA,"missing","too_short_for_requested_parameter",TRUE,NA,NA,"SUW","all_tokens",TRUE
"test-s455","mtld",13,13,NA,"missing","no_factor",TRUE,NA,NA,"SUW","all_tokens",TRUE
"test-s456","ttr",19,19,1,"ok",NA,FALSE,NA,NA,"SUW","all_tokens",TRUE
"test-s456","mattr",19,19,NA,"missing","too_short_for_requested_parameter",TRUE,NA,NA,"SUW","all_tokens",TRUE
"test-s456","mtld",19,19,NA,"missing","no_factor",TRUE,NA,NA,"SUW","all_tokens",TRUE
"test-s457","ttr",43,35,0.813953488372093,"ok",NA,FALSE,NA,NA,"SUW","all_tokens",TRUE
"test-s457","mattr",43,35,NA,"missing","too_short_for_requested_parameter",TRUE,NA,NA,"SUW","all_tokens",TRUE
"test-s457","mtld",43,35,64.715,"ok",NA,TRUE,TRUE,0,"SUW","all_tokens",TRUE
"test-s458","ttr",5,5,1,"ok",NA,FALSE,NA,NA,"SUW","all_tokens",TRUE
"test-s458","mattr",5,5,NA,"missing","too_short_for_requested_parameter",TRUE,NA,NA,"SUW","all_tokens",TRUE
"test-s458","mtld",5,5,NA,"missing","no_factor",TRUE,NA,NA,"SUW","all_tokens",TRUE
"test-s459","ttr",24,23,0.958333333333333,"ok",NA,FALSE,NA,NA,"SUW","all_tokens",TRUE
"test-s459","mattr",24,23,NA,"missing","too_short_for_requested_parameter",TRUE,NA,NA,"SUW","all_tokens",TRUE
"test-s459","mtld",24,23,161.28,"ok",NA,TRUE,TRUE,0,"SUW","all_tokens",TRUE
"test-s460","ttr",61,40,0.655737704918033,"ok",NA,FALSE,NA,NA,"SUW","all_tokens",TRUE
"test-s460","mattr",61,40,0.716666666666667,"ok",NA,FALSE,NA,NA,"SUW","all_tokens",TRUE
"test-s460","mtld",61,40,49.1786377888747,"ok",NA,FALSE,FALSE,8.82278800100829,"SUW","all_tokens",TRUE
"test-s461","ttr",46,36,0.782608695652174,"ok",NA,FALSE,NA,NA,"SUW","all_tokens",TRUE
"test-s461","mattr",46,36,NA,"missing","too_short_for_requested_parameter",TRUE,NA,NA,"SUW","all_tokens",TRUE
"test-s461","mtld",46,36,59.248,"ok",NA,TRUE,TRUE,0,"SUW","all_tokens",TRUE
"test-s462","ttr",127,79,0.622047244094488,"ok",NA,FALSE,NA,NA,"SUW","all_tokens",TRUE
"test-s462","mattr",127,79,0.768205128205128,"ok",NA,FALSE,NA,NA,"SUW","all_tokens",TRUE
"test-s462","mtld",127,79,66.2545662100457,"ok",NA,FALSE,FALSE,8.31509846827133,"SUW","all_tokens",TRUE
"test-s463","ttr",33,29,0.878787878787879,"ok",NA,FALSE,NA,NA,"SUW","all_tokens",TRUE
"test-s463","mattr",33,29,NA,"missing","too_short_for_requested_parameter",TRUE,NA,NA,"SUW","all_tokens",TRUE
"test-s463","mtld",33,29,76.23,"ok",NA,TRUE,TRUE,0,"SUW","all_tokens",TRUE
"test-s464","ttr",33,29,0.878787878787879,"ok",NA,FALSE,NA,NA,"SUW","all_tokens",TRUE
"test-s464","mattr",33,29,NA,"missing","too_short_for_requested_parameter",TRUE,NA,NA,"SUW","all_tokens",TRUE
"test-s464","mtld",33,29,76.23,"ok",NA,TRUE,TRUE,0,"SUW","all_tokens",TRUE
"test-s465","ttr",19,17,0.894736842105263,"ok",NA,FALSE,NA,NA,"SUW","all_tokens",TRUE
"test-s465","mattr",19,17,NA,"missing","too_short_for_requested_parameter",TRUE,NA,NA,"SUW","all_tokens",TRUE
"test-s465","mtld",19,17,50.54,"ok",NA,TRUE,TRUE,0,"SUW","all_tokens",TRUE
"test-s466","ttr",38,33,0.868421052631579,"ok",NA,FALSE,NA,NA,"SUW","all_tokens",TRUE
"test-s466","mattr",38,33,NA,"missing","too_short_for_requested_parameter",TRUE,NA,NA,"SUW","all_tokens",TRUE
"test-s466","mtld",38,33,80.864,"ok",NA,TRUE,TRUE,0,"SUW","all_tokens",TRUE
"test-s467","ttr",21,19,0.904761904761905,"ok",NA,FALSE,NA,NA,"SUW","all_tokens",TRUE
"test-s467","mattr",21,19,NA,"missing","too_short_for_requested_parameter",TRUE,NA,NA,"SUW","all_tokens",TRUE
"test-s467","mtld",21,19,61.74,"ok",NA,TRUE,TRUE,0,"SUW","all_tokens",TRUE
"test-s468","ttr",26,25,0.961538461538462,"ok",NA,FALSE,NA,NA,"SUW","all_tokens",TRUE
"test-s468","mattr",26,25,NA,"missing","too_short_for_requested_parameter",TRUE,NA,NA,"SUW","all_tokens",TRUE
"test-s468","mtld",26,25,189.28,"ok",NA,TRUE,TRUE,0,"SUW","all_tokens",TRUE
"test-s469","ttr",24,21,0.875,"ok",NA,FALSE,NA,NA,"SUW","all_tokens",TRUE
"test-s469","mattr",24,21,NA,"missing","too_short_for_requested_parameter",TRUE,NA,NA,"SUW","all_tokens",TRUE
"test-s469","mtld",24,21,53.76,"ok",NA,TRUE,TRUE,0,"SUW","all_tokens",TRUE
"test-s470","ttr",18,17,0.944444444444444,"ok",NA,FALSE,NA,NA,"SUW","all_tokens",TRUE
"test-s470","mattr",18,17,NA,"missing","too_short_for_requested_parameter",TRUE,NA,NA,"SUW","all_tokens",TRUE
"test-s470","mtld",18,17,90.72,"ok",NA,TRUE,TRUE,0,"SUW","all_tokens",TRUE
"test-s471","ttr",14,14,1,"ok",NA,FALSE,NA,NA,"SUW","all_tokens",TRUE
"test-s471","mattr",14,14,NA,"missing","too_short_for_requested_parameter",TRUE,NA,NA,"SUW","all_tokens",TRUE
"test-s471","mtld",14,14,NA,"missing","no_factor",TRUE,NA,NA,"SUW","all_tokens",TRUE
"test-s472","ttr",21,17,0.80952380952381,"ok",NA,FALSE,NA,NA,"SUW","all_tokens",TRUE
"test-s472","mattr",21,17,NA,"missing","too_short_for_requested_parameter",TRUE,NA,NA,"SUW","all_tokens",TRUE
"test-s472","mtld",21,17,30.87,"ok",NA,TRUE,TRUE,0,"SUW","all_tokens",TRUE
"test-s473","ttr",7,7,1,"ok",NA,FALSE,NA,NA,"SUW","all_tokens",TRUE
"test-s473","mattr",7,7,NA,"missing","too_short_for_requested_parameter",TRUE,NA,NA,"SUW","all_tokens",TRUE
"test-s473","mtld",7,7,NA,"missing","no_factor",TRUE,NA,NA,"SUW","all_tokens",TRUE
"test-s474","ttr",29,23,0.793103448275862,"ok",NA,FALSE,NA,NA,"SUW","all_tokens",TRUE
"test-s474","mattr",29,23,NA,"missing","too_short_for_requested_parameter",TRUE,NA,NA,"SUW","all_tokens",TRUE
"test-s474","mtld",29,23,39.2466666666667,"ok",NA,TRUE,TRUE,0,"SUW","all_tokens",TRUE
"test-s475","ttr",46,38,0.826086956521739,"ok",NA,FALSE,NA,NA,"SUW","all_tokens",TRUE
"test-s475","mattr",46,38,NA,"missing","too_short_for_requested_parameter",TRUE,NA,NA,"SUW","all_tokens",TRUE
"test-s475","mtld",46,38,74.06,"ok",NA,TRUE,TRUE,0,"SUW","all_tokens",TRUE
"test-s476","ttr",24,21,0.875,"ok",NA,FALSE,NA,NA,"SUW","all_tokens",TRUE
"test-s476","mattr",24,21,NA,"missing","too_short_for_requested_parameter",TRUE,NA,NA,"SUW","all_tokens",TRUE
"test-s476","mtld",24,21,53.76,"ok",NA,TRUE,TRUE,0,"SUW","all_tokens",TRUE
"test-s477","ttr",22,19,0.863636363636364,"ok",NA,FALSE,NA,NA,"SUW","all_tokens",TRUE
"test-s477","mattr",22,19,NA,"missing","too_short_for_requested_parameter",TRUE,NA,NA,"SUW","all_tokens",TRUE
"test-s477","mtld",22,19,45.1733333333333,"ok",NA,TRUE,TRUE,0,"SUW","all_tokens",TRUE
"test-s478","ttr",7,6,0.857142857142857,"ok",NA,FALSE,NA,NA,"SUW","all_tokens",TRUE
"test-s478","mattr",7,6,NA,"missing","too_short_for_requested_parameter",TRUE,NA,NA,"SUW","all_tokens",TRUE
"test-s478","mtld",7,6,13.72,"ok",NA,TRUE,TRUE,0,"SUW","all_tokens",TRUE
"test-s479","ttr",75,47,0.626666666666667,"ok",NA,FALSE,NA,NA,"SUW","all_tokens",TRUE
"test-s479","mattr",75,47,0.716153846153846,"ok",NA,FALSE,NA,NA,"SUW","all_tokens",TRUE
"test-s479","mtld",75,47,34.8812849162011,"ok",NA,FALSE,FALSE,15.015015015015,"SUW","all_tokens",TRUE
"test-s480","ttr",6,6,1,"ok",NA,FALSE,NA,NA,"SUW","all_tokens",TRUE
"test-s480","mattr",6,6,NA,"missing","too_short_for_requested_parameter",TRUE,NA,NA,"SUW","all_tokens",TRUE
"test-s480","mtld",6,6,NA,"missing","no_factor",TRUE,NA,NA,"SUW","all_tokens",TRUE
"test-s481","ttr",44,36,0.818181818181818,"ok",NA,FALSE,NA,NA,"SUW","all_tokens",TRUE
"test-s481","mattr",44,36,NA,"missing","too_short_for_requested_parameter",TRUE,NA,NA,"SUW","all_tokens",TRUE
"test-s481","mtld",44,36,67.76,"ok",NA,TRUE,TRUE,0,"SUW","all_tokens",TRUE
"test-s482","ttr",30,26,0.866666666666667,"ok",NA,FALSE,NA,NA,"SUW","all_tokens",TRUE
"test-s482","mattr",30,26,NA,"missing","too_short_for_requested_parameter",TRUE,NA,NA,"SUW","all_tokens",TRUE
"test-s482","mtld",30,26,63,"ok",NA,TRUE,TRUE,0,"SUW","all_tokens",TRUE
"test-s483","ttr",20,19,0.95,"ok",NA,FALSE,NA,NA,"SUW","all_tokens",TRUE
"test-s483","mattr",20,19,NA,"missing","too_short_for_requested_parameter",TRUE,NA,NA,"SUW","all_tokens",TRUE
"test-s483","mtld",20,19,112,"ok",NA,TRUE,TRUE,0,"SUW","all_tokens",TRUE
"test-s484","ttr",23,23,1,"ok",NA,FALSE,NA,NA,"SUW","all_tokens",TRUE
"test-s484","mattr",23,23,NA,"missing","too_short_for_requested_parameter",TRUE,NA,NA,"SUW","all_tokens",TRUE
"test-s484","mtld",23,23,NA,"missing","no_factor",TRUE,NA,NA,"SUW","all_tokens",TRUE
"test-s485","ttr",38,32,0.842105263157895,"ok",NA,FALSE,NA,NA,"SUW","all_tokens",TRUE
"test-s485","mattr",38,32,NA,"missing","too_short_for_requested_parameter",TRUE,NA,NA,"SUW","all_tokens",TRUE
"test-s485","mtld",38,32,67.3866666666667,"ok",NA,TRUE,TRUE,0,"SUW","all_tokens",TRUE
"test-s486","ttr",32,25,0.78125,"ok",NA,FALSE,NA,NA,"SUW","all_tokens",TRUE
"test-s486","mattr",32,25,NA,"missing","too_short_for_requested_parameter",TRUE,NA,NA,"SUW","all_tokens",TRUE
"test-s486","mtld",32,25,40.96,"ok",NA,TRUE,TRUE,0,"SUW","all_tokens",TRUE
"test-s487","ttr",29,26,0.896551724137931,"ok",NA,FALSE,NA,NA,"SUW","all_tokens",TRUE
"test-s487","mattr",29,26,NA,"missing","too_short_for_requested_parameter",TRUE,NA,NA,"SUW","all_tokens",TRUE
"test-s487","mtld",29,26,78.4933333333334,"ok",NA,TRUE,TRUE,0,"SUW","all_tokens",TRUE
"test-s488","ttr",27,22,0.814814814814815,"ok",NA,FALSE,NA,NA,"SUW","all_tokens",TRUE
"test-s488","mattr",27,22,NA,"missing","too_short_for_requested_parameter",TRUE,NA,NA,"SUW","all_tokens",TRUE
"test-s488","mtld",27,22,40.824,"ok",NA,TRUE,TRUE,0,"SUW","all_tokens",TRUE
"test-s489","ttr",24,19,0.791666666666667,"ok",NA,FALSE,NA,NA,"SUW","all_tokens",TRUE
"test-s489","mattr",24,19,NA,"missing","too_short_for_requested_parameter",TRUE,NA,NA,"SUW","all_tokens",TRUE
"test-s489","mtld",24,19,28.128,"ok",NA,TRUE,TRUE,29.3515358361775,"SUW","all_tokens",TRUE
"test-s490","ttr",31,27,0.870967741935484,"ok",NA,FALSE,NA,NA,"SUW","all_tokens",TRUE
"test-s490","mattr",31,27,NA,"missing","too_short_for_requested_parameter",TRUE,NA,NA,"SUW","all_tokens",TRUE
"test-s490","mtld",31,27,67.27,"ok",NA,TRUE,TRUE,0,"SUW","all_tokens",TRUE
"test-s491","ttr",10,10,1,"ok",NA,FALSE,NA,NA,"SUW","all_tokens",TRUE
"test-s491","mattr",10,10,NA,"missing","too_short_for_requested_parameter",TRUE,NA,NA,"SUW","all_tokens",TRUE
"test-s491","mtld",10,10,NA,"missing","no_factor",TRUE,NA,NA,"SUW","all_tokens",TRUE
"test-s492","ttr",13,13,1,"ok",NA,FALSE,NA,NA,"SUW","all_tokens",TRUE
"test-s492","mattr",13,13,NA,"missing","too_short_for_requested_parameter",TRUE,NA,NA,"SUW","all_tokens",TRUE
"test-s492","mtld",13,13,NA,"missing","no_factor",TRUE,NA,NA,"SUW","all_tokens",TRUE
"test-s493","ttr",53,37,0.69811320754717,"ok",NA,FALSE,NA,NA,"SUW","all_tokens",TRUE
"test-s493","mattr",53,37,0.695,"ok",NA,FALSE,NA,NA,"SUW","all_tokens",TRUE
"test-s493","mtld",53,37,53,"ok",NA,FALSE,FALSE,0,"SUW","all_tokens",TRUE
"test-s494","ttr",26,23,0.884615384615385,"ok",NA,FALSE,NA,NA,"SUW","all_tokens",TRUE
"test-s494","mattr",26,23,NA,"missing","too_short_for_requested_parameter",TRUE,NA,NA,"SUW","all_tokens",TRUE
"test-s494","mtld",26,23,63.0933333333333,"ok",NA,TRUE,TRUE,0,"SUW","all_tokens",TRUE
"test-s495","ttr",13,12,0.923076923076923,"ok",NA,FALSE,NA,NA,"SUW","all_tokens",TRUE
"test-s495","mattr",13,12,NA,"missing","too_short_for_requested_parameter",TRUE,NA,NA,"SUW","all_tokens",TRUE
"test-s495","mtld",13,12,47.32,"ok",NA,TRUE,TRUE,0,"SUW","all_tokens",TRUE
"test-s496","ttr",18,18,1,"ok",NA,FALSE,NA,NA,"SUW","all_tokens",TRUE
"test-s496","mattr",18,18,NA,"missing","too_short_for_requested_parameter",TRUE,NA,NA,"SUW","all_tokens",TRUE
"test-s496","mtld",18,18,NA,"missing","no_factor",TRUE,NA,NA,"SUW","all_tokens",TRUE
"test-s497","ttr",36,31,0.861111111111111,"ok",NA,FALSE,NA,NA,"SUW","all_tokens",TRUE
"test-s497","mattr",36,31,NA,"missing","too_short_for_requested_parameter",TRUE,NA,NA,"SUW","all_tokens",TRUE
"test-s497","mtld",36,31,72.576,"ok",NA,TRUE,TRUE,0,"SUW","all_tokens",TRUE
"test-s498","ttr",13,13,1,"ok",NA,FALSE,NA,NA,"SUW","all_tokens",TRUE
"test-s498","mattr",13,13,NA,"missing","too_short_for_requested_parameter",TRUE,NA,NA,"SUW","all_tokens",TRUE
"test-s498","mtld",13,13,NA,"missing","no_factor",TRUE,NA,NA,"SUW","all_tokens",TRUE
"test-s499","ttr",15,14,0.933333333333333,"ok",NA,FALSE,NA,NA,"SUW","all_tokens",TRUE
"test-s499","mattr",15,14,NA,"missing","too_short_for_requested_parameter",TRUE,NA,NA,"SUW","all_tokens",TRUE
"test-s499","mtld",15,14,63,"ok",NA,TRUE,TRUE,0,"SUW","all_tokens",TRUE
"test-s500","ttr",18,16,0.888888888888889,"ok",NA,FALSE,NA,NA,"SUW","all_tokens",TRUE
"test-s500","mattr",18,16,NA,"missing","too_short_for_requested_parameter",TRUE,NA,NA,"SUW","all_tokens",TRUE
"test-s500","mtld",18,16,45.36,"ok",NA,TRUE,TRUE,0,"SUW","all_tokens",TRUE
"test-s501","ttr",17,16,0.941176470588235,"ok",NA,FALSE,NA,NA,"SUW","all_tokens",TRUE
"test-s501","mattr",17,16,NA,"missing","too_short_for_requested_parameter",TRUE,NA,NA,"SUW","all_tokens",TRUE
"test-s501","mtld",17,16,80.92,"ok",NA,TRUE,TRUE,0,"SUW","all_tokens",TRUE
"test-s502","ttr",21,20,0.952380952380952,"ok",NA,FALSE,NA,NA,"SUW","all_tokens",TRUE
"test-s502","mattr",21,20,NA,"missing","too_short_for_requested_parameter",TRUE,NA,NA,"SUW","all_tokens",TRUE
"test-s502","mtld",21,20,123.48,"ok",NA,TRUE,TRUE,0,"SUW","all_tokens",TRUE
"test-s503","ttr",21,18,0.857142857142857,"ok",NA,FALSE,NA,NA,"SUW","all_tokens",TRUE
"test-s503","mattr",21,18,NA,"missing","too_short_for_requested_parameter",TRUE,NA,NA,"SUW","all_tokens",TRUE
"test-s503","mtld",21,18,41.16,"ok",NA,TRUE,TRUE,0,"SUW","all_tokens",TRUE
"test-s504","ttr",34,31,0.911764705882353,"ok",NA,FALSE,NA,NA,"SUW","all_tokens",TRUE
"test-s504","mattr",34,31,NA,"missing","too_short_for_requested_parameter",TRUE,NA,NA,"SUW","all_tokens",TRUE
"test-s504","mtld",34,31,107.893333333333,"ok",NA,TRUE,TRUE,0,"SUW","all_tokens",TRUE
"test-s505","ttr",20,18,0.9,"ok",NA,FALSE,NA,NA,"SUW","all_tokens",TRUE
"test-s505","mattr",20,18,NA,"missing","too_short_for_requested_parameter",TRUE,NA,NA,"SUW","all_tokens",TRUE
"test-s505","mtld",20,18,56,"ok",NA,TRUE,TRUE,0,"SUW","all_tokens",TRUE
"test-s506","ttr",6,6,1,"ok",NA,FALSE,NA,NA,"SUW","all_tokens",TRUE
"test-s506","mattr",6,6,NA,"missing","too_short_for_requested_parameter",TRUE,NA,NA,"SUW","all_tokens",TRUE
"test-s506","mtld",6,6,NA,"missing","no_factor",TRUE,NA,NA,"SUW","all_tokens",TRUE
"test-s507","ttr",33,26,0.787878787878788,"ok",NA,FALSE,NA,NA,"SUW","all_tokens",TRUE
"test-s507","mattr",33,26,NA,"missing","too_short_for_requested_parameter",TRUE,NA,NA,"SUW","all_tokens",TRUE
"test-s507","mtld",33,26,43.56,"ok",NA,TRUE,TRUE,0,"SUW","all_tokens",TRUE
"test-s508","ttr",50,40,0.8,"ok",NA,FALSE,NA,NA,"SUW","all_tokens",TRUE
"test-s508","mattr",50,40,0.8,"ok",NA,FALSE,NA,NA,"SUW","all_tokens",TRUE
"test-s508","mtld",50,40,70,"ok",NA,FALSE,TRUE,0,"SUW","all_tokens",TRUE
"test-s509","ttr",50,38,0.76,"ok",NA,FALSE,NA,NA,"SUW","all_tokens",TRUE
"test-s509","mattr",50,38,0.76,"ok",NA,FALSE,NA,NA,"SUW","all_tokens",TRUE
"test-s509","mtld",50,38,58.3333333333333,"ok",NA,FALSE,TRUE,0,"SUW","all_tokens",TRUE
"test-s510","ttr",136,80,0.588235294117647,"ok",NA,FALSE,NA,NA,"SUW","all_tokens",TRUE
"test-s510","mattr",136,80,0.737931034482759,"ok",NA,FALSE,NA,NA,"SUW","all_tokens",TRUE
"test-s510","mtld",136,80,53.4777952398697,"ok",NA,FALSE,FALSE,1.62238165627139,"SUW","all_tokens",TRUE
"test-s511","ttr",15,14,0.933333333333333,"ok",NA,FALSE,NA,NA,"SUW","all_tokens",TRUE
"test-s511","mattr",15,14,NA,"missing","too_short_for_requested_parameter",TRUE,NA,NA,"SUW","all_tokens",TRUE
"test-s511","mtld",15,14,63,"ok",NA,TRUE,TRUE,0,"SUW","all_tokens",TRUE
"test-s512","ttr",7,7,1,"ok",NA,FALSE,NA,NA,"SUW","all_tokens",TRUE
"test-s512","mattr",7,7,NA,"missing","too_short_for_requested_parameter",TRUE,NA,NA,"SUW","all_tokens",TRUE
"test-s512","mtld",7,7,NA,"missing","no_factor",TRUE,NA,NA,"SUW","all_tokens",TRUE
"test-s513","ttr",34,33,0.970588235294118,"ok",NA,FALSE,NA,NA,"SUW","all_tokens",TRUE
"test-s513","mattr",34,33,NA,"missing","too_short_for_requested_parameter",TRUE,NA,NA,"SUW","all_tokens",TRUE
"test-s513","mtld",34,33,323.68,"ok",NA,TRUE,TRUE,0,"SUW","all_tokens",TRUE
"test-s514","ttr",18,17,0.944444444444444,"ok",NA,FALSE,NA,NA,"SUW","all_tokens",TRUE
"test-s514","mattr",18,17,NA,"missing","too_short_for_requested_parameter",TRUE,NA,NA,"SUW","all_tokens",TRUE
"test-s514","mtld",18,17,90.72,"ok",NA,TRUE,TRUE,0,"SUW","all_tokens",TRUE
"test-s515","ttr",25,21,0.84,"ok",NA,FALSE,NA,NA,"SUW","all_tokens",TRUE
"test-s515","mattr",25,21,NA,"missing","too_short_for_requested_parameter",TRUE,NA,NA,"SUW","all_tokens",TRUE
"test-s515","mtld",25,21,43.75,"ok",NA,TRUE,TRUE,0,"SUW","all_tokens",TRUE
"test-s516","ttr",6,6,1,"ok",NA,FALSE,NA,NA,"SUW","all_tokens",TRUE
"test-s516","mattr",6,6,NA,"missing","too_short_for_requested_parameter",TRUE,NA,NA,"SUW","all_tokens",TRUE
"test-s516","mtld",6,6,NA,"missing","no_factor",TRUE,NA,NA,"SUW","all_tokens",TRUE
"test-s517","ttr",15,15,1,"ok",NA,FALSE,NA,NA,"SUW","all_tokens",TRUE
"test-s517","mattr",15,15,NA,"missing","too_short_for_requested_parameter",TRUE,NA,NA,"SUW","all_tokens",TRUE
"test-s517","mtld",15,15,NA,"missing","no_factor",TRUE,NA,NA,"SUW","all_tokens",TRUE
"test-s518","ttr",29,27,0.931034482758621,"ok",NA,FALSE,NA,NA,"SUW","all_tokens",TRUE
"test-s518","mattr",29,27,NA,"missing","too_short_for_requested_parameter",TRUE,NA,NA,"SUW","all_tokens",TRUE
"test-s518","mtld",29,27,117.74,"ok",NA,TRUE,TRUE,0,"SUW","all_tokens",TRUE
"test-s519","ttr",5,5,1,"ok",NA,FALSE,NA,NA,"SUW","all_tokens",TRUE
"test-s519","mattr",5,5,NA,"missing","too_short_for_requested_parameter",TRUE,NA,NA,"SUW","all_tokens",TRUE
"test-s519","mtld",5,5,NA,"missing","no_factor",TRUE,NA,NA,"SUW","all_tokens",TRUE
"test-s520","ttr",24,23,0.958333333333333,"ok",NA,FALSE,NA,NA,"SUW","all_tokens",TRUE
"test-s520","mattr",24,23,NA,"missing","too_short_for_requested_parameter",TRUE,NA,NA,"SUW","all_tokens",TRUE
"test-s520","mtld",24,23,161.28,"ok",NA,TRUE,TRUE,0,"SUW","all_tokens",TRUE
"test-s521","ttr",24,21,0.875,"ok",NA,FALSE,NA,NA,"SUW","all_tokens",TRUE
"test-s521","mattr",24,21,NA,"missing","too_short_for_requested_parameter",TRUE,NA,NA,"SUW","all_tokens",TRUE
"test-s521","mtld",24,21,53.76,"ok",NA,TRUE,TRUE,0,"SUW","all_tokens",TRUE
"test-s522","ttr",15,15,1,"ok",NA,FALSE,NA,NA,"SUW","all_tokens",TRUE
"test-s522","mattr",15,15,NA,"missing","too_short_for_requested_parameter",TRUE,NA,NA,"SUW","all_tokens",TRUE
"test-s522","mtld",15,15,NA,"missing","no_factor",TRUE,NA,NA,"SUW","all_tokens",TRUE
"test-s523","ttr",46,36,0.782608695652174,"ok",NA,FALSE,NA,NA,"SUW","all_tokens",TRUE
"test-s523","mattr",46,36,NA,"missing","too_short_for_requested_parameter",TRUE,NA,NA,"SUW","all_tokens",TRUE
"test-s523","mtld",46,36,59.248,"ok",NA,TRUE,TRUE,0,"SUW","all_tokens",TRUE
"test-s524","ttr",17,16,0.941176470588235,"ok",NA,FALSE,NA,NA,"SUW","all_tokens",TRUE
"test-s524","mattr",17,16,NA,"missing","too_short_for_requested_parameter",TRUE,NA,NA,"SUW","all_tokens",TRUE
"test-s524","mtld",17,16,80.92,"ok",NA,TRUE,TRUE,0,"SUW","all_tokens",TRUE
"test-s525","ttr",33,28,0.848484848484849,"ok",NA,FALSE,NA,NA,"SUW","all_tokens",TRUE
"test-s525","mattr",33,28,NA,"missing","too_short_for_requested_parameter",TRUE,NA,NA,"SUW","all_tokens",TRUE
"test-s525","mtld",33,28,60.984,"ok",NA,TRUE,TRUE,0,"SUW","all_tokens",TRUE
"test-s526","ttr",39,31,0.794871794871795,"ok",NA,FALSE,NA,NA,"SUW","all_tokens",TRUE
"test-s526","mattr",39,31,NA,"missing","too_short_for_requested_parameter",TRUE,NA,NA,"SUW","all_tokens",TRUE
"test-s526","mtld",39,31,53.235,"ok",NA,TRUE,TRUE,0,"SUW","all_tokens",TRUE
"test-s527","ttr",44,32,0.727272727272727,"ok",NA,FALSE,NA,NA,"SUW","all_tokens",TRUE
"test-s527","mattr",44,32,NA,"missing","too_short_for_requested_parameter",TRUE,NA,NA,"SUW","all_tokens",TRUE
"test-s527","mtld",44,32,44.5866666666667,"ok",NA,TRUE,TRUE,2.63157894736843,"SUW","all_tokens",TRUE
"test-s528","ttr",43,29,0.674418604651163,"ok",NA,FALSE,NA,NA,"SUW","all_tokens",TRUE
"test-s528","mattr",43,29,NA,"missing","too_short_for_requested_parameter",TRUE,NA,NA,"SUW","all_tokens",TRUE
"test-s528","mtld",43,29,26.6022202998847,"ok",NA,TRUE,FALSE,11.4192495921696,"SUW","all_tokens",TRUE
"test-s529","ttr",12,11,0.916666666666667,"ok",NA,FALSE,NA,NA,"SUW","all_tokens",TRUE
"test-s529","mattr",12,11,NA,"missing","too_short_for_requested_parameter",TRUE,NA,NA,"SUW","all_tokens",TRUE
"test-s529","mtld",12,11,40.32,"ok",NA,TRUE,TRUE,0,"SUW","all_tokens",TRUE
"test-s530","ttr",13,13,1,"ok",NA,FALSE,NA,NA,"SUW","all_tokens",TRUE
"test-s530","mattr",13,13,NA,"missing","too_short_for_requested_parameter",TRUE,NA,NA,"SUW","all_tokens",TRUE
"test-s530","mtld",13,13,NA,"missing","no_factor",TRUE,NA,NA,"SUW","all_tokens",TRUE
"test-s531","ttr",4,4,1,"ok",NA,FALSE,NA,NA,"SUW","all_tokens",TRUE
"test-s531","mattr",4,4,NA,"missing","too_short_for_requested_parameter",TRUE,NA,NA,"SUW","all_tokens",TRUE
"test-s531","mtld",4,4,NA,"missing","no_factor",TRUE,NA,NA,"SUW","all_tokens",TRUE
"test-s532","ttr",31,27,0.870967741935484,"ok",NA,FALSE,NA,NA,"SUW","all_tokens",TRUE
"test-s532","mattr",31,27,NA,"missing","too_short_for_requested_parameter",TRUE,NA,NA,"SUW","all_tokens",TRUE
"test-s532","mtld",31,27,67.27,"ok",NA,TRUE,TRUE,0,"SUW","all_tokens",TRUE
"test-s533","ttr",11,10,0.909090909090909,"ok",NA,FALSE,NA,NA,"SUW","all_tokens",TRUE
"test-s533","mattr",11,10,NA,"missing","too_short_for_requested_parameter",TRUE,NA,NA,"SUW","all_tokens",TRUE
"test-s533","mtld",11,10,33.88,"ok",NA,TRUE,TRUE,0,"SUW","all_tokens",TRUE
"test-s534","ttr",43,35,0.813953488372093,"ok",NA,FALSE,NA,NA,"SUW","all_tokens",TRUE
"test-s534","mattr",43,35,NA,"missing","too_short_for_requested_parameter",TRUE,NA,NA,"SUW","all_tokens",TRUE
"test-s534","mtld",43,35,64.715,"ok",NA,TRUE,TRUE,0,"SUW","all_tokens",TRUE
"test-s535","ttr",23,22,0.956521739130435,"ok",NA,FALSE,NA,NA,"SUW","all_tokens",TRUE
"test-s535","mattr",23,22,NA,"missing","too_short_for_requested_parameter",TRUE,NA,NA,"SUW","all_tokens",TRUE
"test-s535","mtld",23,22,148.12,"ok",NA,TRUE,TRUE,0,"SUW","all_tokens",TRUE
"test-s536","ttr",32,28,0.875,"ok",NA,FALSE,NA,NA,"SUW","all_tokens",TRUE
"test-s536","mattr",32,28,NA,"missing","too_short_for_requested_parameter",TRUE,NA,NA,"SUW","all_tokens",TRUE
"test-s536","mtld",32,28,71.68,"ok",NA,TRUE,TRUE,0,"SUW","all_tokens",TRUE
"test-s537","ttr",30,28,0.933333333333333,"ok",NA,FALSE,NA,NA,"SUW","all_tokens",TRUE
"test-s537","mattr",30,28,NA,"missing","too_short_for_requested_parameter",TRUE,NA,NA,"SUW","all_tokens",TRUE
"test-s537","mtld",30,28,126,"ok",NA,TRUE,TRUE,0,"SUW","all_tokens",TRUE
"test-s538","ttr",30,25,0.833333333333333,"ok",NA,FALSE,NA,NA,"SUW","all_tokens",TRUE
"test-s538","mattr",30,25,NA,"missing","too_short_for_requested_parameter",TRUE,NA,NA,"SUW","all_tokens",TRUE
"test-s538","mtld",30,25,50.4,"ok",NA,TRUE,TRUE,0,"SUW","all_tokens",TRUE
"test-s539","ttr",57,48,0.842105263157895,"ok",NA,FALSE,NA,NA,"SUW","all_tokens",TRUE
"test-s539","mattr",57,48,0.875,"ok",NA,FALSE,NA,NA,"SUW","all_tokens",TRUE
"test-s539","mtld",57,48,101.08,"ok",NA,FALSE,TRUE,0,"SUW","all_tokens",TRUE
"test-s540","ttr",26,24,0.923076923076923,"ok",NA,FALSE,NA,NA,"SUW","all_tokens",TRUE
"test-s540","mattr",26,24,NA,"missing","too_short_for_requested_parameter",TRUE,NA,NA,"SUW","all_tokens",TRUE
"test-s540","mtld",26,24,94.6400000000001,"ok",NA,TRUE,TRUE,0,"SUW","all_tokens",TRUE
"test-s541","ttr",41,34,0.829268292682927,"ok",NA,FALSE,NA,NA,"SUW","all_tokens",TRUE
"test-s541","mattr",41,34,NA,"missing","too_short_for_requested_parameter",TRUE,NA,NA,"SUW","all_tokens",TRUE
"test-s541","mtld",41,34,67.24,"ok",NA,TRUE,TRUE,0,"SUW","all_tokens",TRUE
"test-s542","ttr",16,15,0.9375,"ok",NA,FALSE,NA,NA,"SUW","all_tokens",TRUE
"test-s542","mattr",16,15,NA,"missing","too_short_for_requested_parameter",TRUE,NA,NA,"SUW","all_tokens",TRUE
"test-s542","mtld",16,15,71.68,"ok",NA,TRUE,TRUE,0,"SUW","all_tokens",TRUE
"test-s543","ttr",15,14,0.933333333333333,"ok",NA,FALSE,NA,NA,"SUW","all_tokens",TRUE
"test-s543","mattr",15,14,NA,"missing","too_short_for_requested_parameter",TRUE,NA,NA,"SUW","all_tokens",TRUE
"test-s543","mtld",15,14,63,"ok",NA,TRUE,TRUE,0,"SUW","all_tokens",TRUE
"test-s544","ttr",9,9,1,"ok",NA,FALSE,NA,NA,"SUW","all_tokens",TRUE
"test-s544","mattr",9,9,NA,"missing","too_short_for_requested_parameter",TRUE,NA,NA,"SUW","all_tokens",TRUE
"test-s544","mtld",9,9,NA,"missing","no_factor",TRUE,NA,NA,"SUW","all_tokens",TRUE
"test-s545","ttr",43,31,0.72093023255814,"ok",NA,FALSE,NA,NA,"SUW","all_tokens",TRUE
"test-s545","mattr",43,31,NA,"missing","too_short_for_requested_parameter",TRUE,NA,NA,"SUW","all_tokens",TRUE
"test-s545","mtld",43,31,43.0716666666667,"ok",NA,TRUE,TRUE,0.332778702163056,"SUW","all_tokens",TRUE
"test-s546","ttr",37,31,0.837837837837838,"ok",NA,FALSE,NA,NA,"SUW","all_tokens",TRUE
"test-s546","mattr",37,31,NA,"missing","too_short_for_requested_parameter",TRUE,NA,NA,"SUW","all_tokens",TRUE
"test-s546","mtld",37,31,63.8866666666667,"ok",NA,TRUE,TRUE,0,"SUW","all_tokens",TRUE
"test-s547","ttr",5,5,1,"ok",NA,FALSE,NA,NA,"SUW","all_tokens",TRUE
"test-s547","mattr",5,5,NA,"missing","too_short_for_requested_parameter",TRUE,NA,NA,"SUW","all_tokens",TRUE
"test-s547","mtld",5,5,NA,"missing","no_factor",TRUE,NA,NA,"SUW","all_tokens",TRUE
"test-s548","ttr",4,4,1,"ok",NA,FALSE,NA,NA,"SUW","all_tokens",TRUE
"test-s548","mattr",4,4,NA,"missing","too_short_for_requested_parameter",TRUE,NA,NA,"SUW","all_tokens",TRUE
"test-s548","mtld",4,4,NA,"missing","no_factor",TRUE,NA,NA,"SUW","all_tokens",TRUE
"test-s549","ttr",13,13,1,"ok",NA,FALSE,NA,NA,"SUW","all_tokens",TRUE
"test-s549","mattr",13,13,NA,"missing","too_short_for_requested_parameter",TRUE,NA,NA,"SUW","all_tokens",TRUE
"test-s549","mtld",13,13,NA,"missing","no_factor",TRUE,NA,NA,"SUW","all_tokens",TRUE
"test-s550","ttr",26,24,0.923076923076923,"ok",NA,FALSE,NA,NA,"SUW","all_tokens",TRUE
"test-s550","mattr",26,24,NA,"missing","too_short_for_requested_parameter",TRUE,NA,NA,"SUW","all_tokens",TRUE
"test-s550","mtld",26,24,94.6400000000001,"ok",NA,TRUE,TRUE,0,"SUW","all_tokens",TRUE
"test-s551","ttr",18,16,0.888888888888889,"ok",NA,FALSE,NA,NA,"SUW","all_tokens",TRUE
"test-s551","mattr",18,16,NA,"missing","too_short_for_requested_parameter",TRUE,NA,NA,"SUW","all_tokens",TRUE
"test-s551","mtld",18,16,45.36,"ok",NA,TRUE,TRUE,0,"SUW","all_tokens",TRUE
"test-s552","ttr",37,27,0.72972972972973,"ok",NA,FALSE,NA,NA,"SUW","all_tokens",TRUE
"test-s552","mattr",37,27,NA,"missing","too_short_for_requested_parameter",TRUE,NA,NA,"SUW","all_tokens",TRUE
"test-s552","mtld",37,27,38.332,"ok",NA,TRUE,TRUE,0,"SUW","all_tokens",TRUE
"test-s553","ttr",12,10,0.833333333333333,"ok",NA,FALSE,NA,NA,"SUW","all_tokens",TRUE
"test-s553","mattr",12,10,NA,"missing","too_short_for_requested_parameter",TRUE,NA,NA,"SUW","all_tokens",TRUE
"test-s553","mtld",12,10,20.16,"ok",NA,TRUE,TRUE,0,"SUW","all_tokens",TRUE
"test-s554","ttr",31,26,0.838709677419355,"ok",NA,FALSE,NA,NA,"SUW","all_tokens",TRUE
"test-s554","mattr",31,26,NA,"missing","too_short_for_requested_parameter",TRUE,NA,NA,"SUW","all_tokens",TRUE
"test-s554","mtld",31,26,53.816,"ok",NA,TRUE,TRUE,0,"SUW","all_tokens",TRUE
"test-s555","ttr",31,27,0.870967741935484,"ok",NA,FALSE,NA,NA,"SUW","all_tokens",TRUE
"test-s555","mattr",31,27,NA,"missing","too_short_for_requested_parameter",TRUE,NA,NA,"SUW","all_tokens",TRUE
"test-s555","mtld",31,27,67.27,"ok",NA,TRUE,TRUE,0,"SUW","all_tokens",TRUE
"test-s556","ttr",42,30,0.714285714285714,"ok",NA,FALSE,NA,NA,"SUW","all_tokens",TRUE
"test-s556","mattr",42,30,NA,"missing","too_short_for_requested_parameter",TRUE,NA,NA,"SUW","all_tokens",TRUE
"test-s556","mtld",42,30,34.9054054054054,"ok",NA,TRUE,FALSE,40.650406504065,"SUW","all_tokens",TRUE
"test-s557","ttr",24,20,0.833333333333333,"ok",NA,FALSE,NA,NA,"SUW","all_tokens",TRUE
"test-s557","mattr",24,20,NA,"missing","too_short_for_requested_parameter",TRUE,NA,NA,"SUW","all_tokens",TRUE
"test-s557","mtld",24,20,40.32,"ok",NA,TRUE,TRUE,0,"SUW","all_tokens",TRUE
"test-s1","ttr",31,26,0.838709677419355,"ok",NA,FALSE,NA,NA,"LUW","all_tokens",TRUE
"test-s1","mattr",31,26,NA,"missing","too_short_for_requested_parameter",TRUE,NA,NA,"LUW","all_tokens",TRUE
"test-s1","mtld",31,26,53.816,"ok",NA,TRUE,TRUE,0,"LUW","all_tokens",TRUE
"test-s2","ttr",15,14,0.933333333333333,"ok",NA,FALSE,NA,NA,"LUW","all_tokens",TRUE
"test-s2","mattr",15,14,NA,"missing","too_short_for_requested_parameter",TRUE,NA,NA,"LUW","all_tokens",TRUE
"test-s2","mtld",15,14,63,"ok",NA,TRUE,TRUE,0,"LUW","all_tokens",TRUE
"test-s3","ttr",12,11,0.916666666666667,"ok",NA,FALSE,NA,NA,"LUW","all_tokens",TRUE
"test-s3","mattr",12,11,NA,"missing","too_short_for_requested_parameter",TRUE,NA,NA,"LUW","all_tokens",TRUE
"test-s3","mtld",12,11,40.32,"ok",NA,TRUE,TRUE,0,"LUW","all_tokens",TRUE
"test-s4","ttr",12,12,1,"ok",NA,FALSE,NA,NA,"LUW","all_tokens",TRUE
"test-s4","mattr",12,12,NA,"missing","too_short_for_requested_parameter",TRUE,NA,NA,"LUW","all_tokens",TRUE
"test-s4","mtld",12,12,NA,"missing","no_factor",TRUE,NA,NA,"LUW","all_tokens",TRUE
"test-s5","ttr",12,11,0.916666666666667,"ok",NA,FALSE,NA,NA,"LUW","all_tokens",TRUE
"test-s5","mattr",12,11,NA,"missing","too_short_for_requested_parameter",TRUE,NA,NA,"LUW","all_tokens",TRUE
"test-s5","mtld",12,11,40.32,"ok",NA,TRUE,TRUE,0,"LUW","all_tokens",TRUE
"test-s6","ttr",7,7,1,"ok",NA,FALSE,NA,NA,"LUW","all_tokens",TRUE
"test-s6","mattr",7,7,NA,"missing","too_short_for_requested_parameter",TRUE,NA,NA,"LUW","all_tokens",TRUE
"test-s6","mtld",7,7,NA,"missing","no_factor",TRUE,NA,NA,"LUW","all_tokens",TRUE
"test-s7","ttr",16,16,1,"ok",NA,FALSE,NA,NA,"LUW","all_tokens",TRUE
"test-s7","mattr",16,16,NA,"missing","too_short_for_requested_parameter",TRUE,NA,NA,"LUW","all_tokens",TRUE
"test-s7","mtld",16,16,NA,"missing","no_factor",TRUE,NA,NA,"LUW","all_tokens",TRUE
"test-s8","ttr",33,26,0.787878787878788,"ok",NA,FALSE,NA,NA,"LUW","all_tokens",TRUE
"test-s8","mattr",33,26,NA,"missing","too_short_for_requested_parameter",TRUE,NA,NA,"LUW","all_tokens",TRUE
"test-s8","mtld",33,26,43.56,"ok",NA,TRUE,TRUE,0,"LUW","all_tokens",TRUE
"test-s9","ttr",10,10,1,"ok",NA,FALSE,NA,NA,"LUW","all_tokens",TRUE
"test-s9","mattr",10,10,NA,"missing","too_short_for_requested_parameter",TRUE,NA,NA,"LUW","all_tokens",TRUE
"test-s9","mtld",10,10,NA,"missing","no_factor",TRUE,NA,NA,"LUW","all_tokens",TRUE
"test-s10","ttr",8,8,1,"ok",NA,FALSE,NA,NA,"LUW","all_tokens",TRUE
"test-s10","mattr",8,8,NA,"missing","too_short_for_requested_parameter",TRUE,NA,NA,"LUW","all_tokens",TRUE
"test-s10","mtld",8,8,NA,"missing","no_factor",TRUE,NA,NA,"LUW","all_tokens",TRUE
"test-s11","ttr",28,28,1,"ok",NA,FALSE,NA,NA,"LUW","all_tokens",TRUE
"test-s11","mattr",28,28,NA,"missing","too_short_for_requested_parameter",TRUE,NA,NA,"LUW","all_tokens",TRUE
"test-s11","mtld",28,28,NA,"missing","no_factor",TRUE,NA,NA,"LUW","all_tokens",TRUE
"test-s12","ttr",9,9,1,"ok",NA,FALSE,NA,NA,"LUW","all_tokens",TRUE
"test-s12","mattr",9,9,NA,"missing","too_short_for_requested_parameter",TRUE,NA,NA,"LUW","all_tokens",TRUE
"test-s12","mtld",9,9,NA,"missing","no_factor",TRUE,NA,NA,"LUW","all_tokens",TRUE
"test-s13","ttr",5,5,1,"ok",NA,FALSE,NA,NA,"LUW","all_tokens",TRUE
"test-s13","mattr",5,5,NA,"missing","too_short_for_requested_parameter",TRUE,NA,NA,"LUW","all_tokens",TRUE
"test-s13","mtld",5,5,NA,"missing","no_factor",TRUE,NA,NA,"LUW","all_tokens",TRUE
"test-s14","ttr",10,10,1,"ok",NA,FALSE,NA,NA,"LUW","all_tokens",TRUE
"test-s14","mattr",10,10,NA,"missing","too_short_for_requested_parameter",TRUE,NA,NA,"LUW","all_tokens",TRUE
"test-s14","mtld",10,10,NA,"missing","no_factor",TRUE,NA,NA,"LUW","all_tokens",TRUE
"test-s15","ttr",12,12,1,"ok",NA,FALSE,NA,NA,"LUW","all_tokens",TRUE
"test-s15","mattr",12,12,NA,"missing","too_short_for_requested_parameter",TRUE,NA,NA,"LUW","all_tokens",TRUE
"test-s15","mtld",12,12,NA,"missing","no_factor",TRUE,NA,NA,"LUW","all_tokens",TRUE
"test-s16","ttr",8,8,1,"ok",NA,FALSE,NA,NA,"LUW","all_tokens",TRUE
"test-s16","mattr",8,8,NA,"missing","too_short_for_requested_parameter",TRUE,NA,NA,"LUW","all_tokens",TRUE
"test-s16","mtld",8,8,NA,"missing","no_factor",TRUE,NA,NA,"LUW","all_tokens",TRUE
"test-s17","ttr",20,16,0.8,"ok",NA,FALSE,NA,NA,"LUW","all_tokens",TRUE
"test-s17","mattr",20,16,NA,"missing","too_short_for_requested_parameter",TRUE,NA,NA,"LUW","all_tokens",TRUE
"test-s17","mtld",20,16,20.7741935483871,"ok",NA,TRUE,TRUE,69.5652173913044,"LUW","all_tokens",TRUE
"test-s18","ttr",17,16,0.941176470588235,"ok",NA,FALSE,NA,NA,"LUW","all_tokens",TRUE
"test-s18","mattr",17,16,NA,"missing","too_short_for_requested_parameter",TRUE,NA,NA,"LUW","all_tokens",TRUE
"test-s18","mtld",17,16,80.92,"ok",NA,TRUE,TRUE,0,"LUW","all_tokens",TRUE
"test-s19","ttr",15,14,0.933333333333333,"ok",NA,FALSE,NA,NA,"LUW","all_tokens",TRUE
"test-s19","mattr",15,14,NA,"missing","too_short_for_requested_parameter",TRUE,NA,NA,"LUW","all_tokens",TRUE
"test-s19","mtld",15,14,63,"ok",NA,TRUE,TRUE,0,"LUW","all_tokens",TRUE
"test-s20","ttr",3,3,1,"ok",NA,FALSE,NA,NA,"LUW","all_tokens",TRUE
"test-s20","mattr",3,3,NA,"missing","too_short_for_requested_parameter",TRUE,NA,NA,"LUW","all_tokens",TRUE
"test-s20","mtld",3,3,NA,"missing","no_factor",TRUE,NA,NA,"LUW","all_tokens",TRUE
"test-s21","ttr",24,22,0.916666666666667,"ok",NA,FALSE,NA,NA,"LUW","all_tokens",TRUE
"test-s21","mattr",24,22,NA,"missing","too_short_for_requested_parameter",TRUE,NA,NA,"LUW","all_tokens",TRUE
"test-s21","mtld",24,22,80.64,"ok",NA,TRUE,TRUE,0,"LUW","all_tokens",TRUE
"test-s22","ttr",22,19,0.863636363636364,"ok",NA,FALSE,NA,NA,"LUW","all_tokens",TRUE
"test-s22","mattr",22,19,NA,"missing","too_short_for_requested_parameter",TRUE,NA,NA,"LUW","all_tokens",TRUE
"test-s22","mtld",22,19,31.92,"ok",NA,TRUE,TRUE,83.0409356725146,"LUW","all_tokens",TRUE
"test-s23","ttr",26,21,0.807692307692308,"ok",NA,FALSE,NA,NA,"LUW","all_tokens",TRUE
"test-s23","mattr",26,21,NA,"missing","too_short_for_requested_parameter",TRUE,NA,NA,"LUW","all_tokens",TRUE
"test-s23","mtld",26,21,37.856,"ok",NA,TRUE,TRUE,0,"LUW","all_tokens",TRUE
"test-s24","ttr",11,11,1,"ok",NA,FALSE,NA,NA,"LUW","all_tokens",TRUE
"test-s24","mattr",11,11,NA,"missing","too_short_for_requested_parameter",TRUE,NA,NA,"LUW","all_tokens",TRUE
"test-s24","mtld",11,11,NA,"missing","no_factor",TRUE,NA,NA,"LUW","all_tokens",TRUE
"test-s25","ttr",17,17,1,"ok",NA,FALSE,NA,NA,"LUW","all_tokens",TRUE
"test-s25","mattr",17,17,NA,"missing","too_short_for_requested_parameter",TRUE,NA,NA,"LUW","all_tokens",TRUE
"test-s25","mtld",17,17,NA,"missing","no_factor",TRUE,NA,NA,"LUW","all_tokens",TRUE
"test-s26","ttr",7,7,1,"ok",NA,FALSE,NA,NA,"LUW","all_tokens",TRUE
"test-s26","mattr",7,7,NA,"missing","too_short_for_requested_parameter",TRUE,NA,NA,"LUW","all_tokens",TRUE
"test-s26","mtld",7,7,NA,"missing","no_factor",TRUE,NA,NA,"LUW","all_tokens",TRUE
"test-s27","ttr",15,15,1,"ok",NA,FALSE,NA,NA,"LUW","all_tokens",TRUE
"test-s27","mattr",15,15,NA,"missing","too_short_for_requested_parameter",TRUE,NA,NA,"LUW","all_tokens",TRUE
"test-s27","mtld",15,15,NA,"missing","no_factor",TRUE,NA,NA,"LUW","all_tokens",TRUE
"test-s28","ttr",10,10,1,"ok",NA,FALSE,NA,NA,"LUW","all_tokens",TRUE
"test-s28","mattr",10,10,NA,"missing","too_short_for_requested_parameter",TRUE,NA,NA,"LUW","all_tokens",TRUE
"test-s28","mtld",10,10,NA,"missing","no_factor",TRUE,NA,NA,"LUW","all_tokens",TRUE
"test-s29","ttr",15,14,0.933333333333333,"ok",NA,FALSE,NA,NA,"LUW","all_tokens",TRUE
"test-s29","mattr",15,14,NA,"missing","too_short_for_requested_parameter",TRUE,NA,NA,"LUW","all_tokens",TRUE
"test-s29","mtld",15,14,63,"ok",NA,TRUE,TRUE,0,"LUW","all_tokens",TRUE
"test-s30","ttr",11,11,1,"ok",NA,FALSE,NA,NA,"LUW","all_tokens",TRUE
"test-s30","mattr",11,11,NA,"missing","too_short_for_requested_parameter",TRUE,NA,NA,"LUW","all_tokens",TRUE
"test-s30","mtld",11,11,NA,"missing","no_factor",TRUE,NA,NA,"LUW","all_tokens",TRUE
"test-s31","ttr",2,2,1,"ok",NA,FALSE,NA,NA,"LUW","all_tokens",TRUE
"test-s31","mattr",2,2,NA,"missing","too_short_for_requested_parameter",TRUE,NA,NA,"LUW","all_tokens",TRUE
"test-s31","mtld",2,2,NA,"missing","no_factor",TRUE,NA,NA,"LUW","all_tokens",TRUE
"test-s32","ttr",28,22,0.785714285714286,"ok",NA,FALSE,NA,NA,"LUW","all_tokens",TRUE
"test-s32","mattr",28,22,NA,"missing","too_short_for_requested_parameter",TRUE,NA,NA,"LUW","all_tokens",TRUE
"test-s32","mtld",28,22,36.5866666666667,"ok",NA,TRUE,TRUE,0,"LUW","all_tokens",TRUE
"test-s33","ttr",7,7,1,"ok",NA,FALSE,NA,NA,"LUW","all_tokens",TRUE
"test-s33","mattr",7,7,NA,"missing","too_short_for_requested_parameter",TRUE,NA,NA,"LUW","all_tokens",TRUE
"test-s33","mtld",7,7,NA,"missing","no_factor",TRUE,NA,NA,"LUW","all_tokens",TRUE
"test-s34","ttr",31,24,0.774193548387097,"ok",NA,FALSE,NA,NA,"LUW","all_tokens",TRUE
"test-s34","mattr",31,24,NA,"missing","too_short_for_requested_parameter",TRUE,NA,NA,"LUW","all_tokens",TRUE
"test-s34","mtld",31,24,38.44,"ok",NA,TRUE,TRUE,0,"LUW","all_tokens",TRUE
"test-s35","ttr",8,8,1,"ok",NA,FALSE,NA,NA,"LUW","all_tokens",TRUE
"test-s35","mattr",8,8,NA,"missing","too_short_for_requested_parameter",TRUE,NA,NA,"LUW","all_tokens",TRUE
"test-s35","mtld",8,8,NA,"missing","no_factor",TRUE,NA,NA,"LUW","all_tokens",TRUE
"test-s36","ttr",7,7,1,"ok",NA,FALSE,NA,NA,"LUW","all_tokens",TRUE
"test-s36","mattr",7,7,NA,"missing","too_short_for_requested_parameter",TRUE,NA,NA,"LUW","all_tokens",TRUE
"test-s36","mtld",7,7,NA,"missing","no_factor",TRUE,NA,NA,"LUW","all_tokens",TRUE
"test-s37","ttr",8,8,1,"ok",NA,FALSE,NA,NA,"LUW","all_tokens",TRUE
"test-s37","mattr",8,8,NA,"missing","too_short_for_requested_parameter",TRUE,NA,NA,"LUW","all_tokens",TRUE
"test-s37","mtld",8,8,NA,"missing","no_factor",TRUE,NA,NA,"LUW","all_tokens",TRUE
"test-s38","ttr",16,14,0.875,"ok",NA,FALSE,NA,NA,"LUW","all_tokens",TRUE
"test-s38","mattr",16,14,NA,"missing","too_short_for_requested_parameter",TRUE,NA,NA,"LUW","all_tokens",TRUE
"test-s38","mtld",16,14,25.92,"ok",NA,TRUE,TRUE,76.5432098765432,"LUW","all_tokens",TRUE
"test-s39","ttr",10,10,1,"ok",NA,FALSE,NA,NA,"LUW","all_tokens",TRUE
"test-s39","mattr",10,10,NA,"missing","too_short_for_requested_parameter",TRUE,NA,NA,"LUW","all_tokens",TRUE
"test-s39","mtld",10,10,NA,"missing","no_factor",TRUE,NA,NA,"LUW","all_tokens",TRUE
"test-s40","ttr",36,28,0.777777777777778,"ok",NA,FALSE,NA,NA,"LUW","all_tokens",TRUE
"test-s40","mattr",36,28,NA,"missing","too_short_for_requested_parameter",TRUE,NA,NA,"LUW","all_tokens",TRUE
"test-s40","mtld",36,28,45.36,"ok",NA,TRUE,TRUE,0,"LUW","all_tokens",TRUE
"test-s41","ttr",16,15,0.9375,"ok",NA,FALSE,NA,NA,"LUW","all_tokens",TRUE
"test-s41","mattr",16,15,NA,"missing","too_short_for_requested_parameter",TRUE,NA,NA,"LUW","all_tokens",TRUE
"test-s41","mtld",16,15,71.68,"ok",NA,TRUE,TRUE,0,"LUW","all_tokens",TRUE
"test-s42","ttr",13,11,0.846153846153846,"ok",NA,FALSE,NA,NA,"LUW","all_tokens",TRUE
"test-s42","mattr",13,11,NA,"missing","too_short_for_requested_parameter",TRUE,NA,NA,"LUW","all_tokens",TRUE
"test-s42","mtld",13,11,23.66,"ok",NA,TRUE,TRUE,0,"LUW","all_tokens",TRUE
"test-s43","ttr",26,23,0.884615384615385,"ok",NA,FALSE,NA,NA,"LUW","all_tokens",TRUE
"test-s43","mattr",26,23,NA,"missing","too_short_for_requested_parameter",TRUE,NA,NA,"LUW","all_tokens",TRUE
"test-s43","mtld",26,23,63.0933333333333,"ok",NA,TRUE,TRUE,0,"LUW","all_tokens",TRUE
"test-s44","ttr",12,12,1,"ok",NA,FALSE,NA,NA,"LUW","all_tokens",TRUE
"test-s44","mattr",12,12,NA,"missing","too_short_for_requested_parameter",TRUE,NA,NA,"LUW","all_tokens",TRUE
"test-s44","mtld",12,12,NA,"missing","no_factor",TRUE,NA,NA,"LUW","all_tokens",TRUE
"test-s45","ttr",10,10,1,"ok",NA,FALSE,NA,NA,"LUW","all_tokens",TRUE
"test-s45","mattr",10,10,NA,"missing","too_short_for_requested_parameter",TRUE,NA,NA,"LUW","all_tokens",TRUE
"test-s45","mtld",10,10,NA,"missing","no_factor",TRUE,NA,NA,"LUW","all_tokens",TRUE
"test-s46","ttr",12,12,1,"ok",NA,FALSE,NA,NA,"LUW","all_tokens",TRUE
"test-s46","mattr",12,12,NA,"missing","too_short_for_requested_parameter",TRUE,NA,NA,"LUW","all_tokens",TRUE
"test-s46","mtld",12,12,NA,"missing","no_factor",TRUE,NA,NA,"LUW","all_tokens",TRUE
"test-s47","ttr",24,21,0.875,"ok",NA,FALSE,NA,NA,"LUW","all_tokens",TRUE
"test-s47","mattr",24,21,NA,"missing","too_short_for_requested_parameter",TRUE,NA,NA,"LUW","all_tokens",TRUE
"test-s47","mtld",24,21,53.76,"ok",NA,TRUE,TRUE,0,"LUW","all_tokens",TRUE
"test-s48","ttr",26,24,0.923076923076923,"ok",NA,FALSE,NA,NA,"LUW","all_tokens",TRUE
"test-s48","mattr",26,24,NA,"missing","too_short_for_requested_parameter",TRUE,NA,NA,"LUW","all_tokens",TRUE
"test-s48","mtld",26,24,94.6400000000001,"ok",NA,TRUE,TRUE,0,"LUW","all_tokens",TRUE
"test-s49","ttr",14,14,1,"ok",NA,FALSE,NA,NA,"LUW","all_tokens",TRUE
"test-s49","mattr",14,14,NA,"missing","too_short_for_requested_parameter",TRUE,NA,NA,"LUW","all_tokens",TRUE
"test-s49","mtld",14,14,NA,"missing","no_factor",TRUE,NA,NA,"LUW","all_tokens",TRUE
"test-s50","ttr",12,12,1,"ok",NA,FALSE,NA,NA,"LUW","all_tokens",TRUE
"test-s50","mattr",12,12,NA,"missing","too_short_for_requested_parameter",TRUE,NA,NA,"LUW","all_tokens",TRUE
"test-s50","mtld",12,12,NA,"missing","no_factor",TRUE,NA,NA,"LUW","all_tokens",TRUE
"test-s51","ttr",15,15,1,"ok",NA,FALSE,NA,NA,"LUW","all_tokens",TRUE
"test-s51","mattr",15,15,NA,"missing","too_short_for_requested_parameter",TRUE,NA,NA,"LUW","all_tokens",TRUE
"test-s51","mtld",15,15,NA,"missing","no_factor",TRUE,NA,NA,"LUW","all_tokens",TRUE
"test-s52","ttr",22,17,0.772727272727273,"ok",NA,FALSE,NA,NA,"LUW","all_tokens",TRUE
"test-s52","mattr",22,17,NA,"missing","too_short_for_requested_parameter",TRUE,NA,NA,"LUW","all_tokens",TRUE
"test-s52","mtld",22,17,27.104,"ok",NA,TRUE,TRUE,0,"LUW","all_tokens",TRUE
"test-s53","ttr",13,11,0.846153846153846,"ok",NA,FALSE,NA,NA,"LUW","all_tokens",TRUE
"test-s53","mattr",13,11,NA,"missing","too_short_for_requested_parameter",TRUE,NA,NA,"LUW","all_tokens",TRUE
"test-s53","mtld",13,11,23.66,"ok",NA,TRUE,TRUE,0,"LUW","all_tokens",TRUE
"test-s54","ttr",9,9,1,"ok",NA,FALSE,NA,NA,"LUW","all_tokens",TRUE
"test-s54","mattr",9,9,NA,"missing","too_short_for_requested_parameter",TRUE,NA,NA,"LUW","all_tokens",TRUE
"test-s54","mtld",9,9,NA,"missing","no_factor",TRUE,NA,NA,"LUW","all_tokens",TRUE
"test-s55","ttr",13,13,1,"ok",NA,FALSE,NA,NA,"LUW","all_tokens",TRUE
"test-s55","mattr",13,13,NA,"missing","too_short_for_requested_parameter",TRUE,NA,NA,"LUW","all_tokens",TRUE
"test-s55","mtld",13,13,NA,"missing","no_factor",TRUE,NA,NA,"LUW","all_tokens",TRUE
"test-s56","ttr",14,12,0.857142857142857,"ok",NA,FALSE,NA,NA,"LUW","all_tokens",TRUE
"test-s56","mattr",14,12,NA,"missing","too_short_for_requested_parameter",TRUE,NA,NA,"LUW","all_tokens",TRUE
"test-s56","mtld",14,12,27.44,"ok",NA,TRUE,TRUE,0,"LUW","all_tokens",TRUE
"test-s57","ttr",14,12,0.857142857142857,"ok",NA,FALSE,NA,NA,"LUW","all_tokens",TRUE
"test-s57","mattr",14,12,NA,"missing","too_short_for_requested_parameter",TRUE,NA,NA,"LUW","all_tokens",TRUE
"test-s57","mtld",14,12,27.44,"ok",NA,TRUE,TRUE,0,"LUW","all_tokens",TRUE
"test-s58","ttr",4,4,1,"ok",NA,FALSE,NA,NA,"LUW","all_tokens",TRUE
"test-s58","mattr",4,4,NA,"missing","too_short_for_requested_parameter",TRUE,NA,NA,"LUW","all_tokens",TRUE
"test-s58","mtld",4,4,NA,"missing","no_factor",TRUE,NA,NA,"LUW","all_tokens",TRUE
"test-s59","ttr",18,18,1,"ok",NA,FALSE,NA,NA,"LUW","all_tokens",TRUE
"test-s59","mattr",18,18,NA,"missing","too_short_for_requested_parameter",TRUE,NA,NA,"LUW","all_tokens",TRUE
"test-s59","mtld",18,18,NA,"missing","no_factor",TRUE,NA,NA,"LUW","all_tokens",TRUE
"test-s60","ttr",17,16,0.941176470588235,"ok",NA,FALSE,NA,NA,"LUW","all_tokens",TRUE
"test-s60","mattr",17,16,NA,"missing","too_short_for_requested_parameter",TRUE,NA,NA,"LUW","all_tokens",TRUE
"test-s60","mtld",17,16,80.92,"ok",NA,TRUE,TRUE,0,"LUW","all_tokens",TRUE
"test-s61","ttr",6,6,1,"ok",NA,FALSE,NA,NA,"LUW","all_tokens",TRUE
"test-s61","mattr",6,6,NA,"missing","too_short_for_requested_parameter",TRUE,NA,NA,"LUW","all_tokens",TRUE
"test-s61","mtld",6,6,NA,"missing","no_factor",TRUE,NA,NA,"LUW","all_tokens",TRUE
"test-s62","ttr",17,15,0.88235294117647,"ok",NA,FALSE,NA,NA,"LUW","all_tokens",TRUE
"test-s62","mattr",17,15,NA,"missing","too_short_for_requested_parameter",TRUE,NA,NA,"LUW","all_tokens",TRUE
"test-s62","mtld",17,15,40.46,"ok",NA,TRUE,TRUE,0,"LUW","all_tokens",TRUE
"test-s63","ttr",13,13,1,"ok",NA,FALSE,NA,NA,"LUW","all_tokens",TRUE
"test-s63","mattr",13,13,NA,"missing","too_short_for_requested_parameter",TRUE,NA,NA,"LUW","all_tokens",TRUE
"test-s63","mtld",13,13,NA,"missing","no_factor",TRUE,NA,NA,"LUW","all_tokens",TRUE
"test-s64","ttr",17,16,0.941176470588235,"ok",NA,FALSE,NA,NA,"LUW","all_tokens",TRUE
"test-s64","mattr",17,16,NA,"missing","too_short_for_requested_parameter",TRUE,NA,NA,"LUW","all_tokens",TRUE
"test-s64","mtld",17,16,80.92,"ok",NA,TRUE,TRUE,0,"LUW","all_tokens",TRUE
"test-s65","ttr",8,8,1,"ok",NA,FALSE,NA,NA,"LUW","all_tokens",TRUE
"test-s65","mattr",8,8,NA,"missing","too_short_for_requested_parameter",TRUE,NA,NA,"LUW","all_tokens",TRUE
"test-s65","mtld",8,8,NA,"missing","no_factor",TRUE,NA,NA,"LUW","all_tokens",TRUE
"test-s66","ttr",7,7,1,"ok",NA,FALSE,NA,NA,"LUW","all_tokens",TRUE
"test-s66","mattr",7,7,NA,"missing","too_short_for_requested_parameter",TRUE,NA,NA,"LUW","all_tokens",TRUE
"test-s66","mtld",7,7,NA,"missing","no_factor",TRUE,NA,NA,"LUW","all_tokens",TRUE
"test-s67","ttr",5,5,1,"ok",NA,FALSE,NA,NA,"LUW","all_tokens",TRUE
"test-s67","mattr",5,5,NA,"missing","too_short_for_requested_parameter",TRUE,NA,NA,"LUW","all_tokens",TRUE
"test-s67","mtld",5,5,NA,"missing","no_factor",TRUE,NA,NA,"LUW","all_tokens",TRUE
"test-s68","ttr",22,21,0.954545454545455,"ok",NA,FALSE,NA,NA,"LUW","all_tokens",TRUE
"test-s68","mattr",22,21,NA,"missing","too_short_for_requested_parameter",TRUE,NA,NA,"LUW","all_tokens",TRUE
"test-s68","mtld",22,21,135.52,"ok",NA,TRUE,TRUE,0,"LUW","all_tokens",TRUE
"test-s69","ttr",22,21,0.954545454545455,"ok",NA,FALSE,NA,NA,"LUW","all_tokens",TRUE
"test-s69","mattr",22,21,NA,"missing","too_short_for_requested_parameter",TRUE,NA,NA,"LUW","all_tokens",TRUE
"test-s69","mtld",22,21,135.52,"ok",NA,TRUE,TRUE,0,"LUW","all_tokens",TRUE
"test-s70","ttr",13,13,1,"ok",NA,FALSE,NA,NA,"LUW","all_tokens",TRUE
"test-s70","mattr",13,13,NA,"missing","too_short_for_requested_parameter",TRUE,NA,NA,"LUW","all_tokens",TRUE
"test-s70","mtld",13,13,NA,"missing","no_factor",TRUE,NA,NA,"LUW","all_tokens",TRUE
"test-s71","ttr",23,19,0.826086956521739,"ok",NA,FALSE,NA,NA,"LUW","all_tokens",TRUE
"test-s71","mattr",23,19,NA,"missing","too_short_for_requested_parameter",TRUE,NA,NA,"LUW","all_tokens",TRUE
"test-s71","mtld",23,19,37.03,"ok",NA,TRUE,TRUE,0,"LUW","all_tokens",TRUE
"test-s72","ttr",3,3,1,"ok",NA,FALSE,NA,NA,"LUW","all_tokens",TRUE
"test-s72","mattr",3,3,NA,"missing","too_short_for_requested_parameter",TRUE,NA,NA,"LUW","all_tokens",TRUE
"test-s72","mtld",3,3,NA,"missing","no_factor",TRUE,NA,NA,"LUW","all_tokens",TRUE
"test-s73","ttr",3,2,0.666666666666667,"ok",NA,FALSE,NA,NA,"LUW","all_tokens",TRUE
"test-s73","mattr",3,2,NA,"missing","too_short_for_requested_parameter",TRUE,NA,NA,"LUW","all_tokens",TRUE
"test-s73","mtld",3,2,3,"ok",NA,TRUE,FALSE,0,"LUW","all_tokens",TRUE
"test-s74","ttr",35,27,0.771428571428571,"ok",NA,FALSE,NA,NA,"LUW","all_tokens",TRUE
"test-s74","mattr",35,27,NA,"missing","too_short_for_requested_parameter",TRUE,NA,NA,"LUW","all_tokens",TRUE
"test-s74","mtld",35,27,42.875,"ok",NA,TRUE,TRUE,0,"LUW","all_tokens",TRUE
"test-s75","ttr",9,9,1,"ok",NA,FALSE,NA,NA,"LUW","all_tokens",TRUE
"test-s75","mattr",9,9,NA,"missing","too_short_for_requested_parameter",TRUE,NA,NA,"LUW","all_tokens",TRUE
"test-s75","mtld",9,9,NA,"missing","no_factor",TRUE,NA,NA,"LUW","all_tokens",TRUE
"test-s76","ttr",18,16,0.888888888888889,"ok",NA,FALSE,NA,NA,"LUW","all_tokens",TRUE
"test-s76","mattr",18,16,NA,"missing","too_short_for_requested_parameter",TRUE,NA,NA,"LUW","all_tokens",TRUE
"test-s76","mtld",18,16,45.36,"ok",NA,TRUE,TRUE,0,"LUW","all_tokens",TRUE
"test-s77","ttr",26,24,0.923076923076923,"ok",NA,FALSE,NA,NA,"LUW","all_tokens",TRUE
"test-s77","mattr",26,24,NA,"missing","too_short_for_requested_parameter",TRUE,NA,NA,"LUW","all_tokens",TRUE
"test-s77","mtld",26,24,94.6400000000001,"ok",NA,TRUE,TRUE,0,"LUW","all_tokens",TRUE
"test-s78","ttr",24,23,0.958333333333333,"ok",NA,FALSE,NA,NA,"LUW","all_tokens",TRUE
"test-s78","mattr",24,23,NA,"missing","too_short_for_requested_parameter",TRUE,NA,NA,"LUW","all_tokens",TRUE
"test-s78","mtld",24,23,161.28,"ok",NA,TRUE,TRUE,0,"LUW","all_tokens",TRUE
"test-s79","ttr",15,15,1,"ok",NA,FALSE,NA,NA,"LUW","all_tokens",TRUE
"test-s79","mattr",15,15,NA,"missing","too_short_for_requested_parameter",TRUE,NA,NA,"LUW","all_tokens",TRUE
"test-s79","mtld",15,15,NA,"missing","no_factor",TRUE,NA,NA,"LUW","all_tokens",TRUE
"test-s80","ttr",16,15,0.9375,"ok",NA,FALSE,NA,NA,"LUW","all_tokens",TRUE
"test-s80","mattr",16,15,NA,"missing","too_short_for_requested_parameter",TRUE,NA,NA,"LUW","all_tokens",TRUE
"test-s80","mtld",16,15,71.68,"ok",NA,TRUE,TRUE,0,"LUW","all_tokens",TRUE
"test-s81","ttr",23,21,0.91304347826087,"ok",NA,FALSE,NA,NA,"LUW","all_tokens",TRUE
"test-s81","mattr",23,21,NA,"missing","too_short_for_requested_parameter",TRUE,NA,NA,"LUW","all_tokens",TRUE
"test-s81","mtld",23,21,74.06,"ok",NA,TRUE,TRUE,0,"LUW","all_tokens",TRUE
"test-s82","ttr",5,5,1,"ok",NA,FALSE,NA,NA,"LUW","all_tokens",TRUE
"test-s82","mattr",5,5,NA,"missing","too_short_for_requested_parameter",TRUE,NA,NA,"LUW","all_tokens",TRUE
"test-s82","mtld",5,5,NA,"missing","no_factor",TRUE,NA,NA,"LUW","all_tokens",TRUE
"test-s83","ttr",10,10,1,"ok",NA,FALSE,NA,NA,"LUW","all_tokens",TRUE
"test-s83","mattr",10,10,NA,"missing","too_short_for_requested_parameter",TRUE,NA,NA,"LUW","all_tokens",TRUE
"test-s83","mtld",10,10,NA,"missing","no_factor",TRUE,NA,NA,"LUW","all_tokens",TRUE
"test-s84","ttr",36,31,0.861111111111111,"ok",NA,FALSE,NA,NA,"LUW","all_tokens",TRUE
"test-s84","mattr",36,31,NA,"missing","too_short_for_requested_parameter",TRUE,NA,NA,"LUW","all_tokens",TRUE
"test-s84","mtld",36,31,72.576,"ok",NA,TRUE,TRUE,0,"LUW","all_tokens",TRUE
"test-s85","ttr",24,23,0.958333333333333,"ok",NA,FALSE,NA,NA,"LUW","all_tokens",TRUE
"test-s85","mattr",24,23,NA,"missing","too_short_for_requested_parameter",TRUE,NA,NA,"LUW","all_tokens",TRUE
"test-s85","mtld",24,23,161.28,"ok",NA,TRUE,TRUE,0,"LUW","all_tokens",TRUE
"test-s86","ttr",8,8,1,"ok",NA,FALSE,NA,NA,"LUW","all_tokens",TRUE
"test-s86","mattr",8,8,NA,"missing","too_short_for_requested_parameter",TRUE,NA,NA,"LUW","all_tokens",TRUE
"test-s86","mtld",8,8,NA,"missing","no_factor",TRUE,NA,NA,"LUW","all_tokens",TRUE
"test-s87","ttr",9,9,1,"ok",NA,FALSE,NA,NA,"LUW","all_tokens",TRUE
"test-s87","mattr",9,9,NA,"missing","too_short_for_requested_parameter",TRUE,NA,NA,"LUW","all_tokens",TRUE
"test-s87","mtld",9,9,NA,"missing","no_factor",TRUE,NA,NA,"LUW","all_tokens",TRUE
"test-s88","ttr",32,28,0.875,"ok",NA,FALSE,NA,NA,"LUW","all_tokens",TRUE
"test-s88","mattr",32,28,NA,"missing","too_short_for_requested_parameter",TRUE,NA,NA,"LUW","all_tokens",TRUE
"test-s88","mtld",32,28,71.68,"ok",NA,TRUE,TRUE,0,"LUW","all_tokens",TRUE
"test-s89","ttr",39,29,0.743589743589744,"ok",NA,FALSE,NA,NA,"LUW","all_tokens",TRUE
"test-s89","mattr",39,29,NA,"missing","too_short_for_requested_parameter",TRUE,NA,NA,"LUW","all_tokens",TRUE
"test-s89","mtld",39,29,42.588,"ok",NA,TRUE,TRUE,0,"LUW","all_tokens",TRUE
"test-s90","ttr",15,14,0.933333333333333,"ok",NA,FALSE,NA,NA,"LUW","all_tokens",TRUE
"test-s90","mattr",15,14,NA,"missing","too_short_for_requested_parameter",TRUE,NA,NA,"LUW","all_tokens",TRUE
"test-s90","mtld",15,14,63,"ok",NA,TRUE,TRUE,0,"LUW","all_tokens",TRUE
"test-s91","ttr",14,14,1,"ok",NA,FALSE,NA,NA,"LUW","all_tokens",TRUE
"test-s91","mattr",14,14,NA,"missing","too_short_for_requested_parameter",TRUE,NA,NA,"LUW","all_tokens",TRUE
"test-s91","mtld",14,14,NA,"missing","no_factor",TRUE,NA,NA,"LUW","all_tokens",TRUE
"test-s92","ttr",10,10,1,"ok",NA,FALSE,NA,NA,"LUW","all_tokens",TRUE
"test-s92","mattr",10,10,NA,"missing","too_short_for_requested_parameter",TRUE,NA,NA,"LUW","all_tokens",TRUE
"test-s92","mtld",10,10,NA,"missing","no_factor",TRUE,NA,NA,"LUW","all_tokens",TRUE
"test-s93","ttr",9,9,1,"ok",NA,FALSE,NA,NA,"LUW","all_tokens",TRUE
"test-s93","mattr",9,9,NA,"missing","too_short_for_requested_parameter",TRUE,NA,NA,"LUW","all_tokens",TRUE
"test-s93","mtld",9,9,NA,"missing","no_factor",TRUE,NA,NA,"LUW","all_tokens",TRUE
"test-s94","ttr",27,24,0.888888888888889,"ok",NA,FALSE,NA,NA,"LUW","all_tokens",TRUE
"test-s94","mattr",27,24,NA,"missing","too_short_for_requested_parameter",TRUE,NA,NA,"LUW","all_tokens",TRUE
"test-s94","mtld",27,24,68.04,"ok",NA,TRUE,TRUE,0,"LUW","all_tokens",TRUE
"test-s95","ttr",32,23,0.71875,"ok",NA,FALSE,NA,NA,"LUW","all_tokens",TRUE
"test-s95","mattr",32,23,NA,"missing","too_short_for_requested_parameter",TRUE,NA,NA,"LUW","all_tokens",TRUE
"test-s95","mtld",32,23,28.3302752293578,"ok",NA,TRUE,FALSE,25.9067357512953,"LUW","all_tokens",TRUE
"test-s96","ttr",4,4,1,"ok",NA,FALSE,NA,NA,"LUW","all_tokens",TRUE
"test-s96","mattr",4,4,NA,"missing","too_short_for_requested_parameter",TRUE,NA,NA,"LUW","all_tokens",TRUE
"test-s96","mtld",4,4,NA,"missing","no_factor",TRUE,NA,NA,"LUW","all_tokens",TRUE
"test-s97","ttr",9,9,1,"ok",NA,FALSE,NA,NA,"LUW","all_tokens",TRUE
"test-s97","mattr",9,9,NA,"missing","too_short_for_requested_parameter",TRUE,NA,NA,"LUW","all_tokens",TRUE
"test-s97","mtld",9,9,NA,"missing","no_factor",TRUE,NA,NA,"LUW","all_tokens",TRUE
"test-s98","ttr",11,9,0.818181818181818,"ok",NA,FALSE,NA,NA,"LUW","all_tokens",TRUE
"test-s98","mattr",11,9,NA,"missing","too_short_for_requested_parameter",TRUE,NA,NA,"LUW","all_tokens",TRUE
"test-s98","mtld",11,9,13.97,"ok",NA,TRUE,TRUE,42.5196850393701,"LUW","all_tokens",TRUE
"test-s99","ttr",13,13,1,"ok",NA,FALSE,NA,NA,"LUW","all_tokens",TRUE
"test-s99","mattr",13,13,NA,"missing","too_short_for_requested_parameter",TRUE,NA,NA,"LUW","all_tokens",TRUE
"test-s99","mtld",13,13,NA,"missing","no_factor",TRUE,NA,NA,"LUW","all_tokens",TRUE
"test-s100","ttr",36,27,0.75,"ok",NA,FALSE,NA,NA,"LUW","all_tokens",TRUE
"test-s100","mattr",36,27,NA,"missing","too_short_for_requested_parameter",TRUE,NA,NA,"LUW","all_tokens",TRUE
"test-s100","mtld",36,27,40.32,"ok",NA,TRUE,TRUE,0,"LUW","all_tokens",TRUE
"test-s101","ttr",20,19,0.95,"ok",NA,FALSE,NA,NA,"LUW","all_tokens",TRUE
"test-s101","mattr",20,19,NA,"missing","too_short_for_requested_parameter",TRUE,NA,NA,"LUW","all_tokens",TRUE
"test-s101","mtld",20,19,112,"ok",NA,TRUE,TRUE,0,"LUW","all_tokens",TRUE
"test-s102","ttr",16,14,0.875,"ok",NA,FALSE,NA,NA,"LUW","all_tokens",TRUE
"test-s102","mattr",16,14,NA,"missing","too_short_for_requested_parameter",TRUE,NA,NA,"LUW","all_tokens",TRUE
"test-s102","mtld",16,14,25.92,"ok",NA,TRUE,TRUE,76.5432098765432,"LUW","all_tokens",TRUE
"test-s103","ttr",39,32,0.82051282051282,"ok",NA,FALSE,NA,NA,"LUW","all_tokens",TRUE
"test-s103","mattr",39,32,NA,"missing","too_short_for_requested_parameter",TRUE,NA,NA,"LUW","all_tokens",TRUE
"test-s103","mtld",39,32,60.84,"ok",NA,TRUE,TRUE,0,"LUW","all_tokens",TRUE
"test-s104","ttr",14,13,0.928571428571429,"ok",NA,FALSE,NA,NA,"LUW","all_tokens",TRUE
"test-s104","mattr",14,13,NA,"missing","too_short_for_requested_parameter",TRUE,NA,NA,"LUW","all_tokens",TRUE
"test-s104","mtld",14,13,54.88,"ok",NA,TRUE,TRUE,0,"LUW","all_tokens",TRUE
"test-s105","ttr",43,31,0.72093023255814,"ok",NA,FALSE,NA,NA,"LUW","all_tokens",TRUE
"test-s105","mattr",43,31,NA,"missing","too_short_for_requested_parameter",TRUE,NA,NA,"LUW","all_tokens",TRUE
"test-s105","mtld",43,31,43,"ok",NA,TRUE,FALSE,0,"LUW","all_tokens",TRUE
"test-s106","ttr",20,18,0.9,"ok",NA,FALSE,NA,NA,"LUW","all_tokens",TRUE
"test-s106","mattr",20,18,NA,"missing","too_short_for_requested_parameter",TRUE,NA,NA,"LUW","all_tokens",TRUE
"test-s106","mtld",20,18,56,"ok",NA,TRUE,TRUE,0,"LUW","all_tokens",TRUE
"test-s107","ttr",48,31,0.645833333333333,"ok",NA,FALSE,NA,NA,"LUW","all_tokens",TRUE
"test-s107","mattr",48,31,NA,"missing","too_short_for_requested_parameter",TRUE,NA,NA,"LUW","all_tokens",TRUE
"test-s107","mtld",48,31,37.5454545454545,"ok",NA,TRUE,FALSE,16.9491525423729,"LUW","all_tokens",TRUE
"test-s108","ttr",36,28,0.777777777777778,"ok",NA,FALSE,NA,NA,"LUW","all_tokens",TRUE
"test-s108","mattr",36,28,NA,"missing","too_short_for_requested_parameter",TRUE,NA,NA,"LUW","all_tokens",TRUE
"test-s108","mtld",36,28,45.36,"ok",NA,TRUE,TRUE,0,"LUW","all_tokens",TRUE
"test-s109","ttr",14,14,1,"ok",NA,FALSE,NA,NA,"LUW","all_tokens",TRUE
"test-s109","mattr",14,14,NA,"missing","too_short_for_requested_parameter",TRUE,NA,NA,"LUW","all_tokens",TRUE
"test-s109","mtld",14,14,NA,"missing","no_factor",TRUE,NA,NA,"LUW","all_tokens",TRUE
"test-s110","ttr",17,15,0.88235294117647,"ok",NA,FALSE,NA,NA,"LUW","all_tokens",TRUE
"test-s110","mattr",17,15,NA,"missing","too_short_for_requested_parameter",TRUE,NA,NA,"LUW","all_tokens",TRUE
"test-s110","mtld",17,15,40.46,"ok",NA,TRUE,TRUE,0,"LUW","all_tokens",TRUE
"test-s111","ttr",18,16,0.888888888888889,"ok",NA,FALSE,NA,NA,"LUW","all_tokens",TRUE
"test-s111","mattr",18,16,NA,"missing","too_short_for_requested_parameter",TRUE,NA,NA,"LUW","all_tokens",TRUE
"test-s111","mtld",18,16,45.36,"ok",NA,TRUE,TRUE,0,"LUW","all_tokens",TRUE
"test-s112","ttr",28,22,0.785714285714286,"ok",NA,FALSE,NA,NA,"LUW","all_tokens",TRUE
"test-s112","mattr",28,22,NA,"missing","too_short_for_requested_parameter",TRUE,NA,NA,"LUW","all_tokens",TRUE
"test-s112","mtld",28,22,36.5866666666667,"ok",NA,TRUE,TRUE,0,"LUW","all_tokens",TRUE
"test-s113","ttr",29,24,0.827586206896552,"ok",NA,FALSE,NA,NA,"LUW","all_tokens",TRUE
"test-s113","mattr",29,24,NA,"missing","too_short_for_requested_parameter",TRUE,NA,NA,"LUW","all_tokens",TRUE
"test-s113","mtld",29,24,47.096,"ok",NA,TRUE,TRUE,0,"LUW","all_tokens",TRUE
"test-s114","ttr",37,28,0.756756756756757,"ok",NA,FALSE,NA,NA,"LUW","all_tokens",TRUE
"test-s114","mattr",37,28,NA,"missing","too_short_for_requested_parameter",TRUE,NA,NA,"LUW","all_tokens",TRUE
"test-s114","mtld",37,28,42.5911111111111,"ok",NA,TRUE,TRUE,0,"LUW","all_tokens",TRUE
"test-s115","ttr",34,27,0.794117647058823,"ok",NA,FALSE,NA,NA,"LUW","all_tokens",TRUE
"test-s115","mattr",34,27,NA,"missing","too_short_for_requested_parameter",TRUE,NA,NA,"LUW","all_tokens",TRUE
"test-s115","mtld",34,27,46.24,"ok",NA,TRUE,TRUE,0,"LUW","all_tokens",TRUE
"test-s116","ttr",13,13,1,"ok",NA,FALSE,NA,NA,"LUW","all_tokens",TRUE
"test-s116","mattr",13,13,NA,"missing","too_short_for_requested_parameter",TRUE,NA,NA,"LUW","all_tokens",TRUE
"test-s116","mtld",13,13,NA,"missing","no_factor",TRUE,NA,NA,"LUW","all_tokens",TRUE
"test-s117","ttr",22,19,0.863636363636364,"ok",NA,FALSE,NA,NA,"LUW","all_tokens",TRUE
"test-s117","mattr",22,19,NA,"missing","too_short_for_requested_parameter",TRUE,NA,NA,"LUW","all_tokens",TRUE
"test-s117","mtld",22,19,45.1733333333333,"ok",NA,TRUE,TRUE,0,"LUW","all_tokens",TRUE
"test-s118","ttr",32,21,0.65625,"ok",NA,FALSE,NA,NA,"LUW","all_tokens",TRUE
"test-s118","mattr",32,21,NA,"missing","too_short_for_requested_parameter",TRUE,NA,NA,"LUW","all_tokens",TRUE
"test-s118","mtld",32,21,12,"ok",NA,TRUE,FALSE,66.6666666666667,"LUW","all_tokens",TRUE
"test-s119","ttr",54,40,0.740740740740741,"ok",NA,FALSE,NA,NA,"LUW","all_tokens",TRUE
"test-s119","mattr",54,40,0.756,"ok",NA,FALSE,NA,NA,"LUW","all_tokens",TRUE
"test-s119","mtld",54,40,58.32,"ok",NA,FALSE,TRUE,0,"LUW","all_tokens",TRUE
"test-s120","ttr",10,9,0.9,"ok",NA,FALSE,NA,NA,"LUW","all_tokens",TRUE
"test-s120","mattr",10,9,NA,"missing","too_short_for_requested_parameter",TRUE,NA,NA,"LUW","all_tokens",TRUE
"test-s120","mtld",10,9,28,"ok",NA,TRUE,TRUE,0,"LUW","all_tokens",TRUE
"test-s121","ttr",12,12,1,"ok",NA,FALSE,NA,NA,"LUW","all_tokens",TRUE
"test-s121","mattr",12,12,NA,"missing","too_short_for_requested_parameter",TRUE,NA,NA,"LUW","all_tokens",TRUE
"test-s121","mtld",12,12,NA,"missing","no_factor",TRUE,NA,NA,"LUW","all_tokens",TRUE
"test-s122","ttr",16,14,0.875,"ok",NA,FALSE,NA,NA,"LUW","all_tokens",TRUE
"test-s122","mattr",16,14,NA,"missing","too_short_for_requested_parameter",TRUE,NA,NA,"LUW","all_tokens",TRUE
"test-s122","mtld",16,14,35.84,"ok",NA,TRUE,TRUE,0,"LUW","all_tokens",TRUE
"test-s123","ttr",16,15,0.9375,"ok",NA,FALSE,NA,NA,"LUW","all_tokens",TRUE
"test-s123","mattr",16,15,NA,"missing","too_short_for_requested_parameter",TRUE,NA,NA,"LUW","all_tokens",TRUE
"test-s123","mtld",16,15,71.68,"ok",NA,TRUE,TRUE,0,"LUW","all_tokens",TRUE
"test-s124","ttr",37,33,0.891891891891892,"ok",NA,FALSE,NA,NA,"LUW","all_tokens",TRUE
"test-s124","mattr",37,33,NA,"missing","too_short_for_requested_parameter",TRUE,NA,NA,"LUW","all_tokens",TRUE
"test-s124","mtld",37,33,95.83,"ok",NA,TRUE,TRUE,0,"LUW","all_tokens",TRUE
"test-s125","ttr",27,25,0.925925925925926,"ok",NA,FALSE,NA,NA,"LUW","all_tokens",TRUE
"test-s125","mattr",27,25,NA,"missing","too_short_for_requested_parameter",TRUE,NA,NA,"LUW","all_tokens",TRUE
"test-s125","mtld",27,25,102.06,"ok",NA,TRUE,TRUE,0,"LUW","all_tokens",TRUE
"test-s126","ttr",21,21,1,"ok",NA,FALSE,NA,NA,"LUW","all_tokens",TRUE
"test-s126","mattr",21,21,NA,"missing","too_short_for_requested_parameter",TRUE,NA,NA,"LUW","all_tokens",TRUE
"test-s126","mtld",21,21,NA,"missing","no_factor",TRUE,NA,NA,"LUW","all_tokens",TRUE
"test-s127","ttr",19,18,0.947368421052632,"ok",NA,FALSE,NA,NA,"LUW","all_tokens",TRUE
"test-s127","mattr",19,18,NA,"missing","too_short_for_requested_parameter",TRUE,NA,NA,"LUW","all_tokens",TRUE
"test-s127","mtld",19,18,101.08,"ok",NA,TRUE,TRUE,0,"LUW","all_tokens",TRUE
"test-s128","ttr",4,4,1,"ok",NA,FALSE,NA,NA,"LUW","all_tokens",TRUE
"test-s128","mattr",4,4,NA,"missing","too_short_for_requested_parameter",TRUE,NA,NA,"LUW","all_tokens",TRUE
"test-s128","mtld",4,4,NA,"missing","no_factor",TRUE,NA,NA,"LUW","all_tokens",TRUE
"test-s129","ttr",18,17,0.944444444444444,"ok",NA,FALSE,NA,NA,"LUW","all_tokens",TRUE
"test-s129","mattr",18,17,NA,"missing","too_short_for_requested_parameter",TRUE,NA,NA,"LUW","all_tokens",TRUE
"test-s129","mtld",18,17,90.72,"ok",NA,TRUE,TRUE,0,"LUW","all_tokens",TRUE
"test-s130","ttr",36,28,0.777777777777778,"ok",NA,FALSE,NA,NA,"LUW","all_tokens",TRUE
"test-s130","mattr",36,28,NA,"missing","too_short_for_requested_parameter",TRUE,NA,NA,"LUW","all_tokens",TRUE
"test-s130","mtld",36,28,45.36,"ok",NA,TRUE,TRUE,0,"LUW","all_tokens",TRUE
"test-s131","ttr",20,18,0.9,"ok",NA,FALSE,NA,NA,"LUW","all_tokens",TRUE
"test-s131","mattr",20,18,NA,"missing","too_short_for_requested_parameter",TRUE,NA,NA,"LUW","all_tokens",TRUE
"test-s131","mtld",20,18,56,"ok",NA,TRUE,TRUE,0,"LUW","all_tokens",TRUE
"test-s132","ttr",40,33,0.825,"ok",NA,FALSE,NA,NA,"LUW","all_tokens",TRUE
"test-s132","mattr",40,33,NA,"missing","too_short_for_requested_parameter",TRUE,NA,NA,"LUW","all_tokens",TRUE
"test-s132","mtld",40,33,64,"ok",NA,TRUE,TRUE,0,"LUW","all_tokens",TRUE
"test-s133","ttr",10,10,1,"ok",NA,FALSE,NA,NA,"LUW","all_tokens",TRUE
"test-s133","mattr",10,10,NA,"missing","too_short_for_requested_parameter",TRUE,NA,NA,"LUW","all_tokens",TRUE
"test-s133","mtld",10,10,NA,"missing","no_factor",TRUE,NA,NA,"LUW","all_tokens",TRUE
"test-s134","ttr",17,16,0.941176470588235,"ok",NA,FALSE,NA,NA,"LUW","all_tokens",TRUE
"test-s134","mattr",17,16,NA,"missing","too_short_for_requested_parameter",TRUE,NA,NA,"LUW","all_tokens",TRUE
"test-s134","mtld",17,16,80.92,"ok",NA,TRUE,TRUE,0,"LUW","all_tokens",TRUE
"test-s135","ttr",13,12,0.923076923076923,"ok",NA,FALSE,NA,NA,"LUW","all_tokens",TRUE
"test-s135","mattr",13,12,NA,"missing","too_short_for_requested_parameter",TRUE,NA,NA,"LUW","all_tokens",TRUE
"test-s135","mtld",13,12,47.32,"ok",NA,TRUE,TRUE,0,"LUW","all_tokens",TRUE
"test-s136","ttr",4,4,1,"ok",NA,FALSE,NA,NA,"LUW","all_tokens",TRUE
"test-s136","mattr",4,4,NA,"missing","too_short_for_requested_parameter",TRUE,NA,NA,"LUW","all_tokens",TRUE
"test-s136","mtld",4,4,NA,"missing","no_factor",TRUE,NA,NA,"LUW","all_tokens",TRUE
"test-s137","ttr",7,7,1,"ok",NA,FALSE,NA,NA,"LUW","all_tokens",TRUE
"test-s137","mattr",7,7,NA,"missing","too_short_for_requested_parameter",TRUE,NA,NA,"LUW","all_tokens",TRUE
"test-s137","mtld",7,7,NA,"missing","no_factor",TRUE,NA,NA,"LUW","all_tokens",TRUE
"test-s138","ttr",17,15,0.88235294117647,"ok",NA,FALSE,NA,NA,"LUW","all_tokens",TRUE
"test-s138","mattr",17,15,NA,"missing","too_short_for_requested_parameter",TRUE,NA,NA,"LUW","all_tokens",TRUE
"test-s138","mtld",17,15,40.46,"ok",NA,TRUE,TRUE,0,"LUW","all_tokens",TRUE
"test-s139","ttr",31,25,0.806451612903226,"ok",NA,FALSE,NA,NA,"LUW","all_tokens",TRUE
"test-s139","mattr",31,25,NA,"missing","too_short_for_requested_parameter",TRUE,NA,NA,"LUW","all_tokens",TRUE
"test-s139","mtld",31,25,44.8466666666667,"ok",NA,TRUE,TRUE,0,"LUW","all_tokens",TRUE
"test-s140","ttr",22,18,0.818181818181818,"ok",NA,FALSE,NA,NA,"LUW","all_tokens",TRUE
"test-s140","mattr",22,18,NA,"missing","too_short_for_requested_parameter",TRUE,NA,NA,"LUW","all_tokens",TRUE
"test-s140","mtld",22,18,33.88,"ok",NA,TRUE,TRUE,0,"LUW","all_tokens",TRUE
"test-s141","ttr",10,9,0.9,"ok",NA,FALSE,NA,NA,"LUW","all_tokens",TRUE
"test-s141","mattr",10,9,NA,"missing","too_short_for_requested_parameter",TRUE,NA,NA,"LUW","all_tokens",TRUE
"test-s141","mtld",10,9,28,"ok",NA,TRUE,TRUE,0,"LUW","all_tokens",TRUE
"test-s142","ttr",47,37,0.787234042553192,"ok",NA,FALSE,NA,NA,"LUW","all_tokens",TRUE
"test-s142","mattr",47,37,NA,"missing","too_short_for_requested_parameter",TRUE,NA,NA,"LUW","all_tokens",TRUE
"test-s142","mtld",47,37,61.852,"ok",NA,TRUE,TRUE,0,"LUW","all_tokens",TRUE
"test-s143","ttr",11,10,0.909090909090909,"ok",NA,FALSE,NA,NA,"LUW","all_tokens",TRUE
"test-s143","mattr",11,10,NA,"missing","too_short_for_requested_parameter",TRUE,NA,NA,"LUW","all_tokens",TRUE
"test-s143","mtld",11,10,33.88,"ok",NA,TRUE,TRUE,0,"LUW","all_tokens",TRUE
"test-s144","ttr",10,10,1,"ok",NA,FALSE,NA,NA,"LUW","all_tokens",TRUE
"test-s144","mattr",10,10,NA,"missing","too_short_for_requested_parameter",TRUE,NA,NA,"LUW","all_tokens",TRUE
"test-s144","mtld",10,10,NA,"missing","no_factor",TRUE,NA,NA,"LUW","all_tokens",TRUE
"test-s145","ttr",16,15,0.9375,"ok",NA,FALSE,NA,NA,"LUW","all_tokens",TRUE
"test-s145","mattr",16,15,NA,"missing","too_short_for_requested_parameter",TRUE,NA,NA,"LUW","all_tokens",TRUE
"test-s145","mtld",16,15,71.68,"ok",NA,TRUE,TRUE,0,"LUW","all_tokens",TRUE
"test-s146","ttr",18,17,0.944444444444444,"ok",NA,FALSE,NA,NA,"LUW","all_tokens",TRUE
"test-s146","mattr",18,17,NA,"missing","too_short_for_requested_parameter",TRUE,NA,NA,"LUW","all_tokens",TRUE
"test-s146","mtld",18,17,90.72,"ok",NA,TRUE,TRUE,0,"LUW","all_tokens",TRUE
"test-s149","ttr",35,28,0.8,"ok",NA,FALSE,NA,NA,"LUW","all_tokens",TRUE
"test-s149","mattr",35,28,NA,"missing","too_short_for_requested_parameter",TRUE,NA,NA,"LUW","all_tokens",TRUE
"test-s149","mtld",35,28,49,"ok",NA,TRUE,TRUE,0,"LUW","all_tokens",TRUE
"test-s150","ttr",8,8,1,"ok",NA,FALSE,NA,NA,"LUW","all_tokens",TRUE
"test-s150","mattr",8,8,NA,"missing","too_short_for_requested_parameter",TRUE,NA,NA,"LUW","all_tokens",TRUE
"test-s150","mtld",8,8,NA,"missing","no_factor",TRUE,NA,NA,"LUW","all_tokens",TRUE
"test-s151","ttr",2,2,1,"ok",NA,FALSE,NA,NA,"LUW","all_tokens",TRUE
"test-s151","mattr",2,2,NA,"missing","too_short_for_requested_parameter",TRUE,NA,NA,"LUW","all_tokens",TRUE
"test-s151","mtld",2,2,NA,"missing","no_factor",TRUE,NA,NA,"LUW","all_tokens",TRUE
"test-s152","ttr",7,7,1,"ok",NA,FALSE,NA,NA,"LUW","all_tokens",TRUE
"test-s152","mattr",7,7,NA,"missing","too_short_for_requested_parameter",TRUE,NA,NA,"LUW","all_tokens",TRUE
"test-s152","mtld",7,7,NA,"missing","no_factor",TRUE,NA,NA,"LUW","all_tokens",TRUE
"test-s153","ttr",25,20,0.8,"ok",NA,FALSE,NA,NA,"LUW","all_tokens",TRUE
"test-s153","mattr",25,20,NA,"missing","too_short_for_requested_parameter",TRUE,NA,NA,"LUW","all_tokens",TRUE
"test-s153","mtld",25,20,35,"ok",NA,TRUE,TRUE,0,"LUW","all_tokens",TRUE
"test-s154","ttr",16,14,0.875,"ok",NA,FALSE,NA,NA,"LUW","all_tokens",TRUE
"test-s154","mattr",16,14,NA,"missing","too_short_for_requested_parameter",TRUE,NA,NA,"LUW","all_tokens",TRUE
"test-s154","mtld",16,14,35.84,"ok",NA,TRUE,TRUE,0,"LUW","all_tokens",TRUE
"test-s155","ttr",23,20,0.869565217391304,"ok",NA,FALSE,NA,NA,"LUW","all_tokens",TRUE
"test-s155","mattr",23,20,NA,"missing","too_short_for_requested_parameter",TRUE,NA,NA,"LUW","all_tokens",TRUE
"test-s155","mtld",23,20,49.3733333333333,"ok",NA,TRUE,TRUE,0,"LUW","all_tokens",TRUE
"test-s156","ttr",24,21,0.875,"ok",NA,FALSE,NA,NA,"LUW","all_tokens",TRUE
"test-s156","mattr",24,21,NA,"missing","too_short_for_requested_parameter",TRUE,NA,NA,"LUW","all_tokens",TRUE
"test-s156","mtld",24,21,53.76,"ok",NA,TRUE,TRUE,0,"LUW","all_tokens",TRUE
"test-s157","ttr",14,14,1,"ok",NA,FALSE,NA,NA,"LUW","all_tokens",TRUE
"test-s157","mattr",14,14,NA,"missing","too_short_for_requested_parameter",TRUE,NA,NA,"LUW","all_tokens",TRUE
"test-s157","mtld",14,14,NA,"missing","no_factor",TRUE,NA,NA,"LUW","all_tokens",TRUE
"test-s158","ttr",13,12,0.923076923076923,"ok",NA,FALSE,NA,NA,"LUW","all_tokens",TRUE
"test-s158","mattr",13,12,NA,"missing","too_short_for_requested_parameter",TRUE,NA,NA,"LUW","all_tokens",TRUE
"test-s158","mtld",13,12,47.32,"ok",NA,TRUE,TRUE,0,"LUW","all_tokens",TRUE
"test-s159","ttr",21,20,0.952380952380952,"ok",NA,FALSE,NA,NA,"LUW","all_tokens",TRUE
"test-s159","mattr",21,20,NA,"missing","too_short_for_requested_parameter",TRUE,NA,NA,"LUW","all_tokens",TRUE
"test-s159","mtld",21,20,123.48,"ok",NA,TRUE,TRUE,0,"LUW","all_tokens",TRUE
"test-s160","ttr",17,16,0.941176470588235,"ok",NA,FALSE,NA,NA,"LUW","all_tokens",TRUE
"test-s160","mattr",17,16,NA,"missing","too_short_for_requested_parameter",TRUE,NA,NA,"LUW","all_tokens",TRUE
"test-s160","mtld",17,16,80.92,"ok",NA,TRUE,TRUE,0,"LUW","all_tokens",TRUE
"test-s161","ttr",12,11,0.916666666666667,"ok",NA,FALSE,NA,NA,"LUW","all_tokens",TRUE
"test-s161","mattr",12,11,NA,"missing","too_short_for_requested_parameter",TRUE,NA,NA,"LUW","all_tokens",TRUE
"test-s161","mtld",12,11,40.32,"ok",NA,TRUE,TRUE,0,"LUW","all_tokens",TRUE
"test-s162","ttr",8,8,1,"ok",NA,FALSE,NA,NA,"LUW","all_tokens",TRUE
"test-s162","mattr",8,8,NA,"missing","too_short_for_requested_parameter",TRUE,NA,NA,"LUW","all_tokens",TRUE
"test-s162","mtld",8,8,NA,"missing","no_factor",TRUE,NA,NA,"LUW","all_tokens",TRUE
"test-s163","ttr",46,34,0.739130434782609,"ok",NA,FALSE,NA,NA,"LUW","all_tokens",TRUE
"test-s163","mattr",46,34,NA,"missing","too_short_for_requested_parameter",TRUE,NA,NA,"LUW","all_tokens",TRUE
"test-s163","mtld",46,34,49.3733333333333,"ok",NA,TRUE,TRUE,0,"LUW","all_tokens",TRUE
"test-s164","ttr",54,41,0.759259259259259,"ok",NA,FALSE,NA,NA,"LUW","all_tokens",TRUE
"test-s164","mattr",54,41,0.764,"ok",NA,FALSE,NA,NA,"LUW","all_tokens",TRUE
"test-s164","mtld",54,41,62.8061538461539,"ok",NA,FALSE,TRUE,0,"LUW","all_tokens",TRUE
"test-s165","ttr",12,11,0.916666666666667,"ok",NA,FALSE,NA,NA,"LUW","all_tokens",TRUE
"test-s165","mattr",12,11,NA,"missing","too_short_for_requested_parameter",TRUE,NA,NA,"LUW","all_tokens",TRUE
"test-s165","mtld",12,11,40.32,"ok",NA,TRUE,TRUE,0,"LUW","all_tokens",TRUE
"test-s166","ttr",30,24,0.8,"ok",NA,FALSE,NA,NA,"LUW","all_tokens",TRUE
"test-s166","mattr",30,24,NA,"missing","too_short_for_requested_parameter",TRUE,NA,NA,"LUW","all_tokens",TRUE
"test-s166","mtld",30,24,42,"ok",NA,TRUE,TRUE,0,"LUW","all_tokens",TRUE
"test-s167","ttr",17,17,1,"ok",NA,FALSE,NA,NA,"LUW","all_tokens",TRUE
"test-s167","mattr",17,17,NA,"missing","too_short_for_requested_parameter",TRUE,NA,NA,"LUW","all_tokens",TRUE
"test-s167","mtld",17,17,NA,"missing","no_factor",TRUE,NA,NA,"LUW","all_tokens",TRUE
"test-s168","ttr",11,11,1,"ok",NA,FALSE,NA,NA,"LUW","all_tokens",TRUE
"test-s168","mattr",11,11,NA,"missing","too_short_for_requested_parameter",TRUE,NA,NA,"LUW","all_tokens",TRUE
"test-s168","mtld",11,11,NA,"missing","no_factor",TRUE,NA,NA,"LUW","all_tokens",TRUE
"test-s169","ttr",8,8,1,"ok",NA,FALSE,NA,NA,"LUW","all_tokens",TRUE
"test-s169","mattr",8,8,NA,"missing","too_short_for_requested_parameter",TRUE,NA,NA,"LUW","all_tokens",TRUE
"test-s169","mtld",8,8,NA,"missing","no_factor",TRUE,NA,NA,"LUW","all_tokens",TRUE
"test-s170","ttr",27,25,0.925925925925926,"ok",NA,FALSE,NA,NA,"LUW","all_tokens",TRUE
"test-s170","mattr",27,25,NA,"missing","too_short_for_requested_parameter",TRUE,NA,NA,"LUW","all_tokens",TRUE
"test-s170","mtld",27,25,102.06,"ok",NA,TRUE,TRUE,0,"LUW","all_tokens",TRUE
"test-s171","ttr",38,30,0.789473684210526,"ok",NA,FALSE,NA,NA,"LUW","all_tokens",TRUE
"test-s171","mattr",38,30,NA,"missing","too_short_for_requested_parameter",TRUE,NA,NA,"LUW","all_tokens",TRUE
"test-s171","mtld",38,30,50.54,"ok",NA,TRUE,TRUE,0,"LUW","all_tokens",TRUE
"test-s172","ttr",28,22,0.785714285714286,"ok",NA,FALSE,NA,NA,"LUW","all_tokens",TRUE
"test-s172","mattr",28,22,NA,"missing","too_short_for_requested_parameter",TRUE,NA,NA,"LUW","all_tokens",TRUE
"test-s172","mtld",28,22,36.5866666666667,"ok",NA,TRUE,TRUE,0,"LUW","all_tokens",TRUE
"test-s173","ttr",23,21,0.91304347826087,"ok",NA,FALSE,NA,NA,"LUW","all_tokens",TRUE
"test-s173","mattr",23,21,NA,"missing","too_short_for_requested_parameter",TRUE,NA,NA,"LUW","all_tokens",TRUE
"test-s173","mtld",23,21,74.06,"ok",NA,TRUE,TRUE,0,"LUW","all_tokens",TRUE
"test-s174","ttr",28,22,0.785714285714286,"ok",NA,FALSE,NA,NA,"LUW","all_tokens",TRUE
"test-s174","mattr",28,22,NA,"missing","too_short_for_requested_parameter",TRUE,NA,NA,"LUW","all_tokens",TRUE
"test-s174","mtld",28,22,36.5866666666667,"ok",NA,TRUE,TRUE,0,"LUW","all_tokens",TRUE
"test-s175","ttr",15,15,1,"ok",NA,FALSE,NA,NA,"LUW","all_tokens",TRUE
"test-s175","mattr",15,15,NA,"missing","too_short_for_requested_parameter",TRUE,NA,NA,"LUW","all_tokens",TRUE
"test-s175","mtld",15,15,NA,"missing","no_factor",TRUE,NA,NA,"LUW","all_tokens",TRUE
"test-s176","ttr",9,9,1,"ok",NA,FALSE,NA,NA,"LUW","all_tokens",TRUE
"test-s176","mattr",9,9,NA,"missing","too_short_for_requested_parameter",TRUE,NA,NA,"LUW","all_tokens",TRUE
"test-s176","mtld",9,9,NA,"missing","no_factor",TRUE,NA,NA,"LUW","all_tokens",TRUE
"test-s177","ttr",11,11,1,"ok",NA,FALSE,NA,NA,"LUW","all_tokens",TRUE
"test-s177","mattr",11,11,NA,"missing","too_short_for_requested_parameter",TRUE,NA,NA,"LUW","all_tokens",TRUE
"test-s177","mtld",11,11,NA,"missing","no_factor",TRUE,NA,NA,"LUW","all_tokens",TRUE
"test-s178","ttr",16,15,0.9375,"ok",NA,FALSE,NA,NA,"LUW","all_tokens",TRUE
"test-s178","mattr",16,15,NA,"missing","too_short_for_requested_parameter",TRUE,NA,NA,"LUW","all_tokens",TRUE
"test-s178","mtld",16,15,71.68,"ok",NA,TRUE,TRUE,0,"LUW","all_tokens",TRUE
"test-s179","ttr",11,11,1,"ok",NA,FALSE,NA,NA,"LUW","all_tokens",TRUE
"test-s179","mattr",11,11,NA,"missing","too_short_for_requested_parameter",TRUE,NA,NA,"LUW","all_tokens",TRUE
"test-s179","mtld",11,11,NA,"missing","no_factor",TRUE,NA,NA,"LUW","all_tokens",TRUE
"test-s180","ttr",12,12,1,"ok",NA,FALSE,NA,NA,"LUW","all_tokens",TRUE
"test-s180","mattr",12,12,NA,"missing","too_short_for_requested_parameter",TRUE,NA,NA,"LUW","all_tokens",TRUE
"test-s180","mtld",12,12,NA,"missing","no_factor",TRUE,NA,NA,"LUW","all_tokens",TRUE
"test-s181","ttr",23,19,0.826086956521739,"ok",NA,FALSE,NA,NA,"LUW","all_tokens",TRUE
"test-s181","mattr",23,19,NA,"missing","too_short_for_requested_parameter",TRUE,NA,NA,"LUW","all_tokens",TRUE
"test-s181","mtld",23,19,37.03,"ok",NA,TRUE,TRUE,0,"LUW","all_tokens",TRUE
"test-s182","ttr",14,13,0.928571428571429,"ok",NA,FALSE,NA,NA,"LUW","all_tokens",TRUE
"test-s182","mattr",14,13,NA,"missing","too_short_for_requested_parameter",TRUE,NA,NA,"LUW","all_tokens",TRUE
"test-s182","mtld",14,13,54.88,"ok",NA,TRUE,TRUE,0,"LUW","all_tokens",TRUE
"test-s183","ttr",44,34,0.772727272727273,"ok",NA,FALSE,NA,NA,"LUW","all_tokens",TRUE
"test-s183","mattr",44,34,NA,"missing","too_short_for_requested_parameter",TRUE,NA,NA,"LUW","all_tokens",TRUE
"test-s183","mtld",44,34,54.208,"ok",NA,TRUE,TRUE,0,"LUW","all_tokens",TRUE
"test-s184","ttr",25,25,1,"ok",NA,FALSE,NA,NA,"LUW","all_tokens",TRUE
"test-s184","mattr",25,25,NA,"missing","too_short_for_requested_parameter",TRUE,NA,NA,"LUW","all_tokens",TRUE
"test-s184","mtld",25,25,NA,"missing","no_factor",TRUE,NA,NA,"LUW","all_tokens",TRUE
"test-s185","ttr",17,15,0.88235294117647,"ok",NA,FALSE,NA,NA,"LUW","all_tokens",TRUE
"test-s185","mattr",17,15,NA,"missing","too_short_for_requested_parameter",TRUE,NA,NA,"LUW","all_tokens",TRUE
"test-s185","mtld",17,15,40.46,"ok",NA,TRUE,TRUE,0,"LUW","all_tokens",TRUE
"test-s186","ttr",8,8,1,"ok",NA,FALSE,NA,NA,"LUW","all_tokens",TRUE
"test-s186","mattr",8,8,NA,"missing","too_short_for_requested_parameter",TRUE,NA,NA,"LUW","all_tokens",TRUE
"test-s186","mtld",8,8,NA,"missing","no_factor",TRUE,NA,NA,"LUW","all_tokens",TRUE
"test-s187","ttr",5,5,1,"ok",NA,FALSE,NA,NA,"LUW","all_tokens",TRUE
"test-s187","mattr",5,5,NA,"missing","too_short_for_requested_parameter",TRUE,NA,NA,"LUW","all_tokens",TRUE
"test-s187","mtld",5,5,NA,"missing","no_factor",TRUE,NA,NA,"LUW","all_tokens",TRUE
"test-s188","ttr",13,13,1,"ok",NA,FALSE,NA,NA,"LUW","all_tokens",TRUE
"test-s188","mattr",13,13,NA,"missing","too_short_for_requested_parameter",TRUE,NA,NA,"LUW","all_tokens",TRUE
"test-s188","mtld",13,13,NA,"missing","no_factor",TRUE,NA,NA,"LUW","all_tokens",TRUE
"test-s189","ttr",35,27,0.771428571428571,"ok",NA,FALSE,NA,NA,"LUW","all_tokens",TRUE
"test-s189","mattr",35,27,NA,"missing","too_short_for_requested_parameter",TRUE,NA,NA,"LUW","all_tokens",TRUE
"test-s189","mtld",35,27,42.875,"ok",NA,TRUE,TRUE,0,"LUW","all_tokens",TRUE
"test-s190","ttr",8,8,1,"ok",NA,FALSE,NA,NA,"LUW","all_tokens",TRUE
"test-s190","mattr",8,8,NA,"missing","too_short_for_requested_parameter",TRUE,NA,NA,"LUW","all_tokens",TRUE
"test-s190","mtld",8,8,NA,"missing","no_factor",TRUE,NA,NA,"LUW","all_tokens",TRUE
"test-s191","ttr",11,10,0.909090909090909,"ok",NA,FALSE,NA,NA,"LUW","all_tokens",TRUE
"test-s191","mattr",11,10,NA,"missing","too_short_for_requested_parameter",TRUE,NA,NA,"LUW","all_tokens",TRUE
"test-s191","mtld",11,10,33.88,"ok",NA,TRUE,TRUE,0,"LUW","all_tokens",TRUE
"test-s192","ttr",8,8,1,"ok",NA,FALSE,NA,NA,"LUW","all_tokens",TRUE
"test-s192","mattr",8,8,NA,"missing","too_short_for_requested_parameter",TRUE,NA,NA,"LUW","all_tokens",TRUE
"test-s192","mtld",8,8,NA,"missing","no_factor",TRUE,NA,NA,"LUW","all_tokens",TRUE
"test-s193","ttr",30,23,0.766666666666667,"ok",NA,FALSE,NA,NA,"LUW","all_tokens",TRUE
"test-s193","mattr",30,23,NA,"missing","too_short_for_requested_parameter",TRUE,NA,NA,"LUW","all_tokens",TRUE
"test-s193","mtld",30,23,36,"ok",NA,TRUE,TRUE,0,"LUW","all_tokens",TRUE
"test-s194","ttr",22,19,0.863636363636364,"ok",NA,FALSE,NA,NA,"LUW","all_tokens",TRUE
"test-s194","mattr",22,19,NA,"missing","too_short_for_requested_parameter",TRUE,NA,NA,"LUW","all_tokens",TRUE
"test-s194","mtld",22,19,45.1733333333333,"ok",NA,TRUE,TRUE,0,"LUW","all_tokens",TRUE
"test-s195","ttr",10,9,0.9,"ok",NA,FALSE,NA,NA,"LUW","all_tokens",TRUE
"test-s195","mattr",10,9,NA,"missing","too_short_for_requested_parameter",TRUE,NA,NA,"LUW","all_tokens",TRUE
"test-s195","mtld",10,9,28,"ok",NA,TRUE,TRUE,0,"LUW","all_tokens",TRUE
"test-s196","ttr",4,4,1,"ok",NA,FALSE,NA,NA,"LUW","all_tokens",TRUE
"test-s196","mattr",4,4,NA,"missing","too_short_for_requested_parameter",TRUE,NA,NA,"LUW","all_tokens",TRUE
"test-s196","mtld",4,4,NA,"missing","no_factor",TRUE,NA,NA,"LUW","all_tokens",TRUE
"test-s197","ttr",31,23,0.741935483870968,"ok",NA,FALSE,NA,NA,"LUW","all_tokens",TRUE
"test-s197","mattr",31,23,NA,"missing","too_short_for_requested_parameter",TRUE,NA,NA,"LUW","all_tokens",TRUE
"test-s197","mtld",31,23,33.635,"ok",NA,TRUE,TRUE,0,"LUW","all_tokens",TRUE
"test-s198","ttr",22,21,0.954545454545455,"ok",NA,FALSE,NA,NA,"LUW","all_tokens",TRUE
"test-s198","mattr",22,21,NA,"missing","too_short_for_requested_parameter",TRUE,NA,NA,"LUW","all_tokens",TRUE
"test-s198","mtld",22,21,135.52,"ok",NA,TRUE,TRUE,0,"LUW","all_tokens",TRUE
"test-s199","ttr",15,13,0.866666666666667,"ok",NA,FALSE,NA,NA,"LUW","all_tokens",TRUE
"test-s199","mattr",15,13,NA,"missing","too_short_for_requested_parameter",TRUE,NA,NA,"LUW","all_tokens",TRUE
"test-s199","mtld",15,13,31.5,"ok",NA,TRUE,TRUE,0,"LUW","all_tokens",TRUE
"test-s200","ttr",27,21,0.777777777777778,"ok",NA,FALSE,NA,NA,"LUW","all_tokens",TRUE
"test-s200","mattr",27,21,NA,"missing","too_short_for_requested_parameter",TRUE,NA,NA,"LUW","all_tokens",TRUE
"test-s200","mtld",27,21,34.02,"ok",NA,TRUE,TRUE,0,"LUW","all_tokens",TRUE
"test-s201","ttr",13,12,0.923076923076923,"ok",NA,FALSE,NA,NA,"LUW","all_tokens",TRUE
"test-s201","mattr",13,12,NA,"missing","too_short_for_requested_parameter",TRUE,NA,NA,"LUW","all_tokens",TRUE
"test-s201","mtld",13,12,47.32,"ok",NA,TRUE,TRUE,0,"LUW","all_tokens",TRUE
"test-s202","ttr",7,7,1,"ok",NA,FALSE,NA,NA,"LUW","all_tokens",TRUE
"test-s202","mattr",7,7,NA,"missing","too_short_for_requested_parameter",TRUE,NA,NA,"LUW","all_tokens",TRUE
"test-s202","mtld",7,7,NA,"missing","no_factor",TRUE,NA,NA,"LUW","all_tokens",TRUE
"test-s203","ttr",6,6,1,"ok",NA,FALSE,NA,NA,"LUW","all_tokens",TRUE
"test-s203","mattr",6,6,NA,"missing","too_short_for_requested_parameter",TRUE,NA,NA,"LUW","all_tokens",TRUE
"test-s203","mtld",6,6,NA,"missing","no_factor",TRUE,NA,NA,"LUW","all_tokens",TRUE
"test-s204","ttr",37,27,0.72972972972973,"ok",NA,FALSE,NA,NA,"LUW","all_tokens",TRUE
"test-s204","mattr",37,27,NA,"missing","too_short_for_requested_parameter",TRUE,NA,NA,"LUW","all_tokens",TRUE
"test-s204","mtld",37,27,32.4103181818182,"ok",NA,TRUE,TRUE,36.5419542317472,"LUW","all_tokens",TRUE
"test-s205","ttr",10,10,1,"ok",NA,FALSE,NA,NA,"LUW","all_tokens",TRUE
"test-s205","mattr",10,10,NA,"missing","too_short_for_requested_parameter",TRUE,NA,NA,"LUW","all_tokens",TRUE
"test-s205","mtld",10,10,NA,"missing","no_factor",TRUE,NA,NA,"LUW","all_tokens",TRUE
"test-s206","ttr",21,20,0.952380952380952,"ok",NA,FALSE,NA,NA,"LUW","all_tokens",TRUE
"test-s206","mattr",21,20,NA,"missing","too_short_for_requested_parameter",TRUE,NA,NA,"LUW","all_tokens",TRUE
"test-s206","mtld",21,20,123.48,"ok",NA,TRUE,TRUE,0,"LUW","all_tokens",TRUE
"test-s207","ttr",14,14,1,"ok",NA,FALSE,NA,NA,"LUW","all_tokens",TRUE
"test-s207","mattr",14,14,NA,"missing","too_short_for_requested_parameter",TRUE,NA,NA,"LUW","all_tokens",TRUE
"test-s207","mtld",14,14,NA,"missing","no_factor",TRUE,NA,NA,"LUW","all_tokens",TRUE
"test-s211","ttr",13,13,1,"ok",NA,FALSE,NA,NA,"LUW","all_tokens",TRUE
"test-s211","mattr",13,13,NA,"missing","too_short_for_requested_parameter",TRUE,NA,NA,"LUW","all_tokens",TRUE
"test-s211","mtld",13,13,NA,"missing","no_factor",TRUE,NA,NA,"LUW","all_tokens",TRUE
"test-s212","ttr",22,20,0.909090909090909,"ok",NA,FALSE,NA,NA,"LUW","all_tokens",TRUE
"test-s212","mattr",22,20,NA,"missing","too_short_for_requested_parameter",TRUE,NA,NA,"LUW","all_tokens",TRUE
"test-s212","mtld",22,20,67.76,"ok",NA,TRUE,TRUE,0,"LUW","all_tokens",TRUE
"test-s213","ttr",22,20,0.909090909090909,"ok",NA,FALSE,NA,NA,"LUW","all_tokens",TRUE
"test-s213","mattr",22,20,NA,"missing","too_short_for_requested_parameter",TRUE,NA,NA,"LUW","all_tokens",TRUE
"test-s213","mtld",22,20,67.76,"ok",NA,TRUE,TRUE,0,"LUW","all_tokens",TRUE
"test-s214","ttr",15,14,0.933333333333333,"ok",NA,FALSE,NA,NA,"LUW","all_tokens",TRUE
"test-s214","mattr",15,14,NA,"missing","too_short_for_requested_parameter",TRUE,NA,NA,"LUW","all_tokens",TRUE
"test-s214","mtld",15,14,63,"ok",NA,TRUE,TRUE,0,"LUW","all_tokens",TRUE
"test-s215","ttr",13,11,0.846153846153846,"ok",NA,FALSE,NA,NA,"LUW","all_tokens",TRUE
"test-s215","mattr",13,11,NA,"missing","too_short_for_requested_parameter",TRUE,NA,NA,"LUW","all_tokens",TRUE
"test-s215","mtld",13,11,23.66,"ok",NA,TRUE,TRUE,0,"LUW","all_tokens",TRUE
"test-s216","ttr",29,26,0.896551724137931,"ok",NA,FALSE,NA,NA,"LUW","all_tokens",TRUE
"test-s216","mattr",29,26,NA,"missing","too_short_for_requested_parameter",TRUE,NA,NA,"LUW","all_tokens",TRUE
"test-s216","mtld",29,26,78.4933333333334,"ok",NA,TRUE,TRUE,0,"LUW","all_tokens",TRUE
"test-s217","ttr",30,26,0.866666666666667,"ok",NA,FALSE,NA,NA,"LUW","all_tokens",TRUE
"test-s217","mattr",30,26,NA,"missing","too_short_for_requested_parameter",TRUE,NA,NA,"LUW","all_tokens",TRUE
"test-s217","mtld",30,26,63,"ok",NA,TRUE,TRUE,0,"LUW","all_tokens",TRUE
"test-s218","ttr",23,19,0.826086956521739,"ok",NA,FALSE,NA,NA,"LUW","all_tokens",TRUE
"test-s218","mattr",23,19,NA,"missing","too_short_for_requested_parameter",TRUE,NA,NA,"LUW","all_tokens",TRUE
"test-s218","mtld",23,19,37.03,"ok",NA,TRUE,TRUE,0,"LUW","all_tokens",TRUE
"test-s219","ttr",16,13,0.8125,"ok",NA,FALSE,NA,NA,"LUW","all_tokens",TRUE
"test-s219","mattr",16,13,NA,"missing","too_short_for_requested_parameter",TRUE,NA,NA,"LUW","all_tokens",TRUE
"test-s219","mtld",16,13,23.8933333333333,"ok",NA,TRUE,TRUE,0,"LUW","all_tokens",TRUE
"test-s220","ttr",8,8,1,"ok",NA,FALSE,NA,NA,"LUW","all_tokens",TRUE
"test-s220","mattr",8,8,NA,"missing","too_short_for_requested_parameter",TRUE,NA,NA,"LUW","all_tokens",TRUE
"test-s220","mtld",8,8,NA,"missing","no_factor",TRUE,NA,NA,"LUW","all_tokens",TRUE
"test-s221","ttr",24,21,0.875,"ok",NA,FALSE,NA,NA,"LUW","all_tokens",TRUE
"test-s221","mattr",24,21,NA,"missing","too_short_for_requested_parameter",TRUE,NA,NA,"LUW","all_tokens",TRUE
"test-s221","mtld",24,21,53.76,"ok",NA,TRUE,TRUE,0,"LUW","all_tokens",TRUE
"test-s222","ttr",6,5,0.833333333333333,"ok",NA,FALSE,NA,NA,"LUW","all_tokens",TRUE
"test-s222","mattr",6,5,NA,"missing","too_short_for_requested_parameter",TRUE,NA,NA,"LUW","all_tokens",TRUE
"test-s222","mtld",6,5,10.08,"ok",NA,TRUE,TRUE,0,"LUW","all_tokens",TRUE
"test-s223","ttr",13,13,1,"ok",NA,FALSE,NA,NA,"LUW","all_tokens",TRUE
"test-s223","mattr",13,13,NA,"missing","too_short_for_requested_parameter",TRUE,NA,NA,"LUW","all_tokens",TRUE
"test-s223","mtld",13,13,NA,"missing","no_factor",TRUE,NA,NA,"LUW","all_tokens",TRUE
"test-s224","ttr",17,15,0.88235294117647,"ok",NA,FALSE,NA,NA,"LUW","all_tokens",TRUE
"test-s224","mattr",17,15,NA,"missing","too_short_for_requested_parameter",TRUE,NA,NA,"LUW","all_tokens",TRUE
"test-s224","mtld",17,15,40.46,"ok",NA,TRUE,TRUE,0,"LUW","all_tokens",TRUE
"test-s226","ttr",24,23,0.958333333333333,"ok",NA,FALSE,NA,NA,"LUW","all_tokens",TRUE
"test-s226","mattr",24,23,NA,"missing","too_short_for_requested_parameter",TRUE,NA,NA,"LUW","all_tokens",TRUE
"test-s226","mtld",24,23,161.28,"ok",NA,TRUE,TRUE,0,"LUW","all_tokens",TRUE
"test-s227","ttr",6,6,1,"ok",NA,FALSE,NA,NA,"LUW","all_tokens",TRUE
"test-s227","mattr",6,6,NA,"missing","too_short_for_requested_parameter",TRUE,NA,NA,"LUW","all_tokens",TRUE
"test-s227","mtld",6,6,NA,"missing","no_factor",TRUE,NA,NA,"LUW","all_tokens",TRUE
"test-s228","ttr",30,21,0.7,"ok",NA,FALSE,NA,NA,"LUW","all_tokens",TRUE
"test-s228","mattr",30,21,NA,"missing","too_short_for_requested_parameter",TRUE,NA,NA,"LUW","all_tokens",TRUE
"test-s228","mtld",30,21,30,"ok",NA,TRUE,FALSE,0,"LUW","all_tokens",TRUE
"test-s229","ttr",30,27,0.9,"ok",NA,FALSE,NA,NA,"LUW","all_tokens",TRUE
"test-s229","mattr",30,27,NA,"missing","too_short_for_requested_parameter",TRUE,NA,NA,"LUW","all_tokens",TRUE
"test-s229","mtld",30,27,84,"ok",NA,TRUE,TRUE,0,"LUW","all_tokens",TRUE
"test-s230","ttr",6,6,1,"ok",NA,FALSE,NA,NA,"LUW","all_tokens",TRUE
"test-s230","mattr",6,6,NA,"missing","too_short_for_requested_parameter",TRUE,NA,NA,"LUW","all_tokens",TRUE
"test-s230","mtld",6,6,NA,"missing","no_factor",TRUE,NA,NA,"LUW","all_tokens",TRUE
"test-s231","ttr",18,18,1,"ok",NA,FALSE,NA,NA,"LUW","all_tokens",TRUE
"test-s231","mattr",18,18,NA,"missing","too_short_for_requested_parameter",TRUE,NA,NA,"LUW","all_tokens",TRUE
"test-s231","mtld",18,18,NA,"missing","no_factor",TRUE,NA,NA,"LUW","all_tokens",TRUE
"test-s232","ttr",19,18,0.947368421052632,"ok",NA,FALSE,NA,NA,"LUW","all_tokens",TRUE
"test-s232","mattr",19,18,NA,"missing","too_short_for_requested_parameter",TRUE,NA,NA,"LUW","all_tokens",TRUE
"test-s232","mtld",19,18,101.08,"ok",NA,TRUE,TRUE,0,"LUW","all_tokens",TRUE
"test-s233","ttr",17,16,0.941176470588235,"ok",NA,FALSE,NA,NA,"LUW","all_tokens",TRUE
"test-s233","mattr",17,16,NA,"missing","too_short_for_requested_parameter",TRUE,NA,NA,"LUW","all_tokens",TRUE
"test-s233","mtld",17,16,80.92,"ok",NA,TRUE,TRUE,0,"LUW","all_tokens",TRUE
"test-s234","ttr",7,7,1,"ok",NA,FALSE,NA,NA,"LUW","all_tokens",TRUE
"test-s234","mattr",7,7,NA,"missing","too_short_for_requested_parameter",TRUE,NA,NA,"LUW","all_tokens",TRUE
"test-s234","mtld",7,7,NA,"missing","no_factor",TRUE,NA,NA,"LUW","all_tokens",TRUE
"test-s235","ttr",6,6,1,"ok",NA,FALSE,NA,NA,"LUW","all_tokens",TRUE
"test-s235","mattr",6,6,NA,"missing","too_short_for_requested_parameter",TRUE,NA,NA,"LUW","all_tokens",TRUE
"test-s235","mtld",6,6,NA,"missing","no_factor",TRUE,NA,NA,"LUW","all_tokens",TRUE
"test-s236","ttr",24,22,0.916666666666667,"ok",NA,FALSE,NA,NA,"LUW","all_tokens",TRUE
"test-s236","mattr",24,22,NA,"missing","too_short_for_requested_parameter",TRUE,NA,NA,"LUW","all_tokens",TRUE
"test-s236","mtld",24,22,80.64,"ok",NA,TRUE,TRUE,0,"LUW","all_tokens",TRUE
"test-s237","ttr",17,16,0.941176470588235,"ok",NA,FALSE,NA,NA,"LUW","all_tokens",TRUE
"test-s237","mattr",17,16,NA,"missing","too_short_for_requested_parameter",TRUE,NA,NA,"LUW","all_tokens",TRUE
"test-s237","mtld",17,16,80.92,"ok",NA,TRUE,TRUE,0,"LUW","all_tokens",TRUE
"test-s238","ttr",18,17,0.944444444444444,"ok",NA,FALSE,NA,NA,"LUW","all_tokens",TRUE
"test-s238","mattr",18,17,NA,"missing","too_short_for_requested_parameter",TRUE,NA,NA,"LUW","all_tokens",TRUE
"test-s238","mtld",18,17,90.72,"ok",NA,TRUE,TRUE,0,"LUW","all_tokens",TRUE
"test-s239","ttr",17,17,1,"ok",NA,FALSE,NA,NA,"LUW","all_tokens",TRUE
"test-s239","mattr",17,17,NA,"missing","too_short_for_requested_parameter",TRUE,NA,NA,"LUW","all_tokens",TRUE
"test-s239","mtld",17,17,NA,"missing","no_factor",TRUE,NA,NA,"LUW","all_tokens",TRUE
"test-s240","ttr",8,8,1,"ok",NA,FALSE,NA,NA,"LUW","all_tokens",TRUE
"test-s240","mattr",8,8,NA,"missing","too_short_for_requested_parameter",TRUE,NA,NA,"LUW","all_tokens",TRUE
"test-s240","mtld",8,8,NA,"missing","no_factor",TRUE,NA,NA,"LUW","all_tokens",TRUE
"test-s241","ttr",12,12,1,"ok",NA,FALSE,NA,NA,"LUW","all_tokens",TRUE
"test-s241","mattr",12,12,NA,"missing","too_short_for_requested_parameter",TRUE,NA,NA,"LUW","all_tokens",TRUE
"test-s241","mtld",12,12,NA,"missing","no_factor",TRUE,NA,NA,"LUW","all_tokens",TRUE
"test-s243","ttr",12,11,0.916666666666667,"ok",NA,FALSE,NA,NA,"LUW","all_tokens",TRUE
"test-s243","mattr",12,11,NA,"missing","too_short_for_requested_parameter",TRUE,NA,NA,"LUW","all_tokens",TRUE
"test-s243","mtld",12,11,40.32,"ok",NA,TRUE,TRUE,0,"LUW","all_tokens",TRUE
"test-s244","ttr",6,6,1,"ok",NA,FALSE,NA,NA,"LUW","all_tokens",TRUE
"test-s244","mattr",6,6,NA,"missing","too_short_for_requested_parameter",TRUE,NA,NA,"LUW","all_tokens",TRUE
"test-s244","mtld",6,6,NA,"missing","no_factor",TRUE,NA,NA,"LUW","all_tokens",TRUE
"test-s245","ttr",41,34,0.829268292682927,"ok",NA,FALSE,NA,NA,"LUW","all_tokens",TRUE
"test-s245","mattr",41,34,NA,"missing","too_short_for_requested_parameter",TRUE,NA,NA,"LUW","all_tokens",TRUE
"test-s245","mtld",41,34,67.24,"ok",NA,TRUE,TRUE,0,"LUW","all_tokens",TRUE
"test-s246","ttr",15,15,1,"ok",NA,FALSE,NA,NA,"LUW","all_tokens",TRUE
"test-s246","mattr",15,15,NA,"missing","too_short_for_requested_parameter",TRUE,NA,NA,"LUW","all_tokens",TRUE
"test-s246","mtld",15,15,NA,"missing","no_factor",TRUE,NA,NA,"LUW","all_tokens",TRUE
"test-s247","ttr",21,19,0.904761904761905,"ok",NA,FALSE,NA,NA,"LUW","all_tokens",TRUE
"test-s247","mattr",21,19,NA,"missing","too_short_for_requested_parameter",TRUE,NA,NA,"LUW","all_tokens",TRUE
"test-s247","mtld",21,19,61.74,"ok",NA,TRUE,TRUE,0,"LUW","all_tokens",TRUE
"test-s249","ttr",26,23,0.884615384615385,"ok",NA,FALSE,NA,NA,"LUW","all_tokens",TRUE
"test-s249","mattr",26,23,NA,"missing","too_short_for_requested_parameter",TRUE,NA,NA,"LUW","all_tokens",TRUE
"test-s249","mtld",26,23,63.0933333333333,"ok",NA,TRUE,TRUE,0,"LUW","all_tokens",TRUE
"test-s250","ttr",23,20,0.869565217391304,"ok",NA,FALSE,NA,NA,"LUW","all_tokens",TRUE
"test-s250","mattr",23,20,NA,"missing","too_short_for_requested_parameter",TRUE,NA,NA,"LUW","all_tokens",TRUE
"test-s250","mtld",23,20,49.3733333333333,"ok",NA,TRUE,TRUE,0,"LUW","all_tokens",TRUE
"test-s251","ttr",36,29,0.805555555555556,"ok",NA,FALSE,NA,NA,"LUW","all_tokens",TRUE
"test-s251","mattr",36,29,NA,"missing","too_short_for_requested_parameter",TRUE,NA,NA,"LUW","all_tokens",TRUE
"test-s251","mtld",36,29,51.84,"ok",NA,TRUE,TRUE,0,"LUW","all_tokens",TRUE
"test-s252","ttr",13,10,0.769230769230769,"ok",NA,FALSE,NA,NA,"LUW","all_tokens",TRUE
"test-s252","mattr",13,10,NA,"missing","too_short_for_requested_parameter",TRUE,NA,NA,"LUW","all_tokens",TRUE
"test-s252","mtld",13,10,15.7733333333333,"ok",NA,TRUE,TRUE,0,"LUW","all_tokens",TRUE
"test-s253","ttr",32,27,0.84375,"ok",NA,FALSE,NA,NA,"LUW","all_tokens",TRUE
"test-s253","mattr",32,27,NA,"missing","too_short_for_requested_parameter",TRUE,NA,NA,"LUW","all_tokens",TRUE
"test-s253","mtld",32,27,57.344,"ok",NA,TRUE,TRUE,0,"LUW","all_tokens",TRUE
"test-s254","ttr",17,17,1,"ok",NA,FALSE,NA,NA,"LUW","all_tokens",TRUE
"test-s254","mattr",17,17,NA,"missing","too_short_for_requested_parameter",TRUE,NA,NA,"LUW","all_tokens",TRUE
"test-s254","mtld",17,17,NA,"missing","no_factor",TRUE,NA,NA,"LUW","all_tokens",TRUE
"test-s256","ttr",21,20,0.952380952380952,"ok",NA,FALSE,NA,NA,"LUW","all_tokens",TRUE
"test-s256","mattr",21,20,NA,"missing","too_short_for_requested_parameter",TRUE,NA,NA,"LUW","all_tokens",TRUE
"test-s256","mtld",21,20,123.48,"ok",NA,TRUE,TRUE,0,"LUW","all_tokens",TRUE
"test-s257","ttr",16,15,0.9375,"ok",NA,FALSE,NA,NA,"LUW","all_tokens",TRUE
"test-s257","mattr",16,15,NA,"missing","too_short_for_requested_parameter",TRUE,NA,NA,"LUW","all_tokens",TRUE
"test-s257","mtld",16,15,71.68,"ok",NA,TRUE,TRUE,0,"LUW","all_tokens",TRUE
"test-s258","ttr",14,14,1,"ok",NA,FALSE,NA,NA,"LUW","all_tokens",TRUE
"test-s258","mattr",14,14,NA,"missing","too_short_for_requested_parameter",TRUE,NA,NA,"LUW","all_tokens",TRUE
"test-s258","mtld",14,14,NA,"missing","no_factor",TRUE,NA,NA,"LUW","all_tokens",TRUE
"test-s259","ttr",30,23,0.766666666666667,"ok",NA,FALSE,NA,NA,"LUW","all_tokens",TRUE
"test-s259","mattr",30,23,NA,"missing","too_short_for_requested_parameter",TRUE,NA,NA,"LUW","all_tokens",TRUE
"test-s259","mtld",30,23,29.0526315789474,"ok",NA,TRUE,TRUE,47.8260869565218,"LUW","all_tokens",TRUE
"test-s260","ttr",14,13,0.928571428571429,"ok",NA,FALSE,NA,NA,"LUW","all_tokens",TRUE
"test-s260","mattr",14,13,NA,"missing","too_short_for_requested_parameter",TRUE,NA,NA,"LUW","all_tokens",TRUE
"test-s260","mtld",14,13,54.88,"ok",NA,TRUE,TRUE,0,"LUW","all_tokens",TRUE
"test-s261","ttr",36,30,0.833333333333333,"ok",NA,FALSE,NA,NA,"LUW","all_tokens",TRUE
"test-s261","mattr",36,30,NA,"missing","too_short_for_requested_parameter",TRUE,NA,NA,"LUW","all_tokens",TRUE
"test-s261","mtld",36,30,60.48,"ok",NA,TRUE,TRUE,0,"LUW","all_tokens",TRUE
"test-s262","ttr",17,15,0.88235294117647,"ok",NA,FALSE,NA,NA,"LUW","all_tokens",TRUE
"test-s262","mattr",17,15,NA,"missing","too_short_for_requested_parameter",TRUE,NA,NA,"LUW","all_tokens",TRUE
"test-s262","mtld",17,15,40.46,"ok",NA,TRUE,TRUE,0,"LUW","all_tokens",TRUE
"test-s263","ttr",23,21,0.91304347826087,"ok",NA,FALSE,NA,NA,"LUW","all_tokens",TRUE
"test-s263","mattr",23,21,NA,"missing","too_short_for_requested_parameter",TRUE,NA,NA,"LUW","all_tokens",TRUE
"test-s263","mtld",23,21,74.06,"ok",NA,TRUE,TRUE,0,"LUW","all_tokens",TRUE
"test-s264","ttr",33,29,0.878787878787879,"ok",NA,FALSE,NA,NA,"LUW","all_tokens",TRUE
"test-s264","mattr",33,29,NA,"missing","too_short_for_requested_parameter",TRUE,NA,NA,"LUW","all_tokens",TRUE
"test-s264","mtld",33,29,76.23,"ok",NA,TRUE,TRUE,0,"LUW","all_tokens",TRUE
"test-s265","ttr",21,19,0.904761904761905,"ok",NA,FALSE,NA,NA,"LUW","all_tokens",TRUE
"test-s265","mattr",21,19,NA,"missing","too_short_for_requested_parameter",TRUE,NA,NA,"LUW","all_tokens",TRUE
"test-s265","mtld",21,19,61.74,"ok",NA,TRUE,TRUE,0,"LUW","all_tokens",TRUE
"test-s266","ttr",39,28,0.717948717948718,"ok",NA,FALSE,NA,NA,"LUW","all_tokens",TRUE
"test-s266","mattr",39,28,NA,"missing","too_short_for_requested_parameter",TRUE,NA,NA,"LUW","all_tokens",TRUE
"test-s266","mtld",39,28,32.4121621621622,"ok",NA,TRUE,FALSE,40.650406504065,"LUW","all_tokens",TRUE
"test-s267","ttr",19,18,0.947368421052632,"ok",NA,FALSE,NA,NA,"LUW","all_tokens",TRUE
"test-s267","mattr",19,18,NA,"missing","too_short_for_requested_parameter",TRUE,NA,NA,"LUW","all_tokens",TRUE
"test-s267","mtld",19,18,101.08,"ok",NA,TRUE,TRUE,0,"LUW","all_tokens",TRUE
"test-s269","ttr",19,16,0.842105263157895,"ok",NA,FALSE,NA,NA,"LUW","all_tokens",TRUE
"test-s269","mattr",19,16,NA,"missing","too_short_for_requested_parameter",TRUE,NA,NA,"LUW","all_tokens",TRUE
"test-s269","mtld",19,16,33.6933333333333,"ok",NA,TRUE,TRUE,0,"LUW","all_tokens",TRUE
"test-s270","ttr",19,16,0.842105263157895,"ok",NA,FALSE,NA,NA,"LUW","all_tokens",TRUE
"test-s270","mattr",19,16,NA,"missing","too_short_for_requested_parameter",TRUE,NA,NA,"LUW","all_tokens",TRUE
"test-s270","mtld",19,16,33.6933333333333,"ok",NA,TRUE,TRUE,0,"LUW","all_tokens",TRUE
"test-s271","ttr",21,19,0.904761904761905,"ok",NA,FALSE,NA,NA,"LUW","all_tokens",TRUE
"test-s271","mattr",21,19,NA,"missing","too_short_for_requested_parameter",TRUE,NA,NA,"LUW","all_tokens",TRUE
"test-s271","mtld",21,19,61.74,"ok",NA,TRUE,TRUE,0,"LUW","all_tokens",TRUE
"test-s272","ttr",8,8,1,"ok",NA,FALSE,NA,NA,"LUW","all_tokens",TRUE
"test-s272","mattr",8,8,NA,"missing","too_short_for_requested_parameter",TRUE,NA,NA,"LUW","all_tokens",TRUE
"test-s272","mtld",8,8,NA,"missing","no_factor",TRUE,NA,NA,"LUW","all_tokens",TRUE
"test-s273","ttr",11,11,1,"ok",NA,FALSE,NA,NA,"LUW","all_tokens",TRUE
"test-s273","mattr",11,11,NA,"missing","too_short_for_requested_parameter",TRUE,NA,NA,"LUW","all_tokens",TRUE
"test-s273","mtld",11,11,NA,"missing","no_factor",TRUE,NA,NA,"LUW","all_tokens",TRUE
"test-s274","ttr",40,33,0.825,"ok",NA,FALSE,NA,NA,"LUW","all_tokens",TRUE
"test-s274","mattr",40,33,NA,"missing","too_short_for_requested_parameter",TRUE,NA,NA,"LUW","all_tokens",TRUE
"test-s274","mtld",40,33,64,"ok",NA,TRUE,TRUE,0,"LUW","all_tokens",TRUE
"test-s275","ttr",25,23,0.92,"ok",NA,FALSE,NA,NA,"LUW","all_tokens",TRUE
"test-s275","mattr",25,23,NA,"missing","too_short_for_requested_parameter",TRUE,NA,NA,"LUW","all_tokens",TRUE
"test-s275","mtld",25,23,87.5000000000001,"ok",NA,TRUE,TRUE,0,"LUW","all_tokens",TRUE
"test-s276","ttr",14,13,0.928571428571429,"ok",NA,FALSE,NA,NA,"LUW","all_tokens",TRUE
"test-s276","mattr",14,13,NA,"missing","too_short_for_requested_parameter",TRUE,NA,NA,"LUW","all_tokens",TRUE
"test-s276","mtld",14,13,54.88,"ok",NA,TRUE,TRUE,0,"LUW","all_tokens",TRUE
"test-s277","ttr",19,19,1,"ok",NA,FALSE,NA,NA,"LUW","all_tokens",TRUE
"test-s277","mattr",19,19,NA,"missing","too_short_for_requested_parameter",TRUE,NA,NA,"LUW","all_tokens",TRUE
"test-s277","mtld",19,19,NA,"missing","no_factor",TRUE,NA,NA,"LUW","all_tokens",TRUE
"test-s278","ttr",7,7,1,"ok",NA,FALSE,NA,NA,"LUW","all_tokens",TRUE
"test-s278","mattr",7,7,NA,"missing","too_short_for_requested_parameter",TRUE,NA,NA,"LUW","all_tokens",TRUE
"test-s278","mtld",7,7,NA,"missing","no_factor",TRUE,NA,NA,"LUW","all_tokens",TRUE
"test-s279","ttr",12,12,1,"ok",NA,FALSE,NA,NA,"LUW","all_tokens",TRUE
"test-s279","mattr",12,12,NA,"missing","too_short_for_requested_parameter",TRUE,NA,NA,"LUW","all_tokens",TRUE
"test-s279","mtld",12,12,NA,"missing","no_factor",TRUE,NA,NA,"LUW","all_tokens",TRUE
"test-s280","ttr",7,7,1,"ok",NA,FALSE,NA,NA,"LUW","all_tokens",TRUE
"test-s280","mattr",7,7,NA,"missing","too_short_for_requested_parameter",TRUE,NA,NA,"LUW","all_tokens",TRUE
"test-s280","mtld",7,7,NA,"missing","no_factor",TRUE,NA,NA,"LUW","all_tokens",TRUE
"test-s281","ttr",14,14,1,"ok",NA,FALSE,NA,NA,"LUW","all_tokens",TRUE
"test-s281","mattr",14,14,NA,"missing","too_short_for_requested_parameter",TRUE,NA,NA,"LUW","all_tokens",TRUE
"test-s281","mtld",14,14,NA,"missing","no_factor",TRUE,NA,NA,"LUW","all_tokens",TRUE
"test-s282","ttr",13,12,0.923076923076923,"ok",NA,FALSE,NA,NA,"LUW","all_tokens",TRUE
"test-s282","mattr",13,12,NA,"missing","too_short_for_requested_parameter",TRUE,NA,NA,"LUW","all_tokens",TRUE
"test-s282","mtld",13,12,47.32,"ok",NA,TRUE,TRUE,0,"LUW","all_tokens",TRUE
"test-s284","ttr",13,13,1,"ok",NA,FALSE,NA,NA,"LUW","all_tokens",TRUE
"test-s284","mattr",13,13,NA,"missing","too_short_for_requested_parameter",TRUE,NA,NA,"LUW","all_tokens",TRUE
"test-s284","mtld",13,13,NA,"missing","no_factor",TRUE,NA,NA,"LUW","all_tokens",TRUE
"test-s285","ttr",16,13,0.8125,"ok",NA,FALSE,NA,NA,"LUW","all_tokens",TRUE
"test-s285","mattr",16,13,NA,"missing","too_short_for_requested_parameter",TRUE,NA,NA,"LUW","all_tokens",TRUE
"test-s285","mtld",16,13,23.8933333333333,"ok",NA,TRUE,TRUE,0,"LUW","all_tokens",TRUE
"test-s286","ttr",4,4,1,"ok",NA,FALSE,NA,NA,"LUW","all_tokens",TRUE
"test-s286","mattr",4,4,NA,"missing","too_short_for_requested_parameter",TRUE,NA,NA,"LUW","all_tokens",TRUE
"test-s286","mtld",4,4,NA,"missing","no_factor",TRUE,NA,NA,"LUW","all_tokens",TRUE
"test-s287","ttr",4,4,1,"ok",NA,FALSE,NA,NA,"LUW","all_tokens",TRUE
"test-s287","mattr",4,4,NA,"missing","too_short_for_requested_parameter",TRUE,NA,NA,"LUW","all_tokens",TRUE
"test-s287","mtld",4,4,NA,"missing","no_factor",TRUE,NA,NA,"LUW","all_tokens",TRUE
"test-s288","ttr",14,13,0.928571428571429,"ok",NA,FALSE,NA,NA,"LUW","all_tokens",TRUE
"test-s288","mattr",14,13,NA,"missing","too_short_for_requested_parameter",TRUE,NA,NA,"LUW","all_tokens",TRUE
"test-s288","mtld",14,13,54.88,"ok",NA,TRUE,TRUE,0,"LUW","all_tokens",TRUE
"test-s289","ttr",21,17,0.80952380952381,"ok",NA,FALSE,NA,NA,"LUW","all_tokens",TRUE
"test-s289","mattr",21,17,NA,"missing","too_short_for_requested_parameter",TRUE,NA,NA,"LUW","all_tokens",TRUE
"test-s289","mtld",21,17,30.87,"ok",NA,TRUE,TRUE,0,"LUW","all_tokens",TRUE
"test-s290","ttr",4,4,1,"ok",NA,FALSE,NA,NA,"LUW","all_tokens",TRUE
"test-s290","mattr",4,4,NA,"missing","too_short_for_requested_parameter",TRUE,NA,NA,"LUW","all_tokens",TRUE
"test-s290","mtld",4,4,NA,"missing","no_factor",TRUE,NA,NA,"LUW","all_tokens",TRUE
"test-s291","ttr",19,16,0.842105263157895,"ok",NA,FALSE,NA,NA,"LUW","all_tokens",TRUE
"test-s291","mattr",19,16,NA,"missing","too_short_for_requested_parameter",TRUE,NA,NA,"LUW","all_tokens",TRUE
"test-s291","mtld",19,16,33.6933333333333,"ok",NA,TRUE,TRUE,0,"LUW","all_tokens",TRUE
"test-s292","ttr",22,20,0.909090909090909,"ok",NA,FALSE,NA,NA,"LUW","all_tokens",TRUE
"test-s292","mattr",22,20,NA,"missing","too_short_for_requested_parameter",TRUE,NA,NA,"LUW","all_tokens",TRUE
"test-s292","mtld",22,20,67.76,"ok",NA,TRUE,TRUE,0,"LUW","all_tokens",TRUE
"test-s293","ttr",4,4,1,"ok",NA,FALSE,NA,NA,"LUW","all_tokens",TRUE
"test-s293","mattr",4,4,NA,"missing","too_short_for_requested_parameter",TRUE,NA,NA,"LUW","all_tokens",TRUE
"test-s293","mtld",4,4,NA,"missing","no_factor",TRUE,NA,NA,"LUW","all_tokens",TRUE
"test-s295","ttr",9,9,1,"ok",NA,FALSE,NA,NA,"LUW","all_tokens",TRUE
"test-s295","mattr",9,9,NA,"missing","too_short_for_requested_parameter",TRUE,NA,NA,"LUW","all_tokens",TRUE
"test-s295","mtld",9,9,NA,"missing","no_factor",TRUE,NA,NA,"LUW","all_tokens",TRUE
"test-s296","ttr",17,15,0.88235294117647,"ok",NA,FALSE,NA,NA,"LUW","all_tokens",TRUE
"test-s296","mattr",17,15,NA,"missing","too_short_for_requested_parameter",TRUE,NA,NA,"LUW","all_tokens",TRUE
"test-s296","mtld",17,15,40.46,"ok",NA,TRUE,TRUE,0,"LUW","all_tokens",TRUE
"test-s297","ttr",7,7,1,"ok",NA,FALSE,NA,NA,"LUW","all_tokens",TRUE
"test-s297","mattr",7,7,NA,"missing","too_short_for_requested_parameter",TRUE,NA,NA,"LUW","all_tokens",TRUE
"test-s297","mtld",7,7,NA,"missing","no_factor",TRUE,NA,NA,"LUW","all_tokens",TRUE
"test-s298","ttr",46,34,0.739130434782609,"ok",NA,FALSE,NA,NA,"LUW","all_tokens",TRUE
"test-s298","mattr",46,34,NA,"missing","too_short_for_requested_parameter",TRUE,NA,NA,"LUW","all_tokens",TRUE
"test-s298","mtld",46,34,47.6866666666667,"ok",NA,TRUE,TRUE,7.07395498392282,"LUW","all_tokens",TRUE
"test-s299","ttr",17,15,0.88235294117647,"ok",NA,FALSE,NA,NA,"LUW","all_tokens",TRUE
"test-s299","mattr",17,15,NA,"missing","too_short_for_requested_parameter",TRUE,NA,NA,"LUW","all_tokens",TRUE
"test-s299","mtld",17,15,40.46,"ok",NA,TRUE,TRUE,0,"LUW","all_tokens",TRUE
"test-s300","ttr",3,3,1,"ok",NA,FALSE,NA,NA,"LUW","all_tokens",TRUE
"test-s300","mattr",3,3,NA,"missing","too_short_for_requested_parameter",TRUE,NA,NA,"LUW","all_tokens",TRUE
"test-s300","mtld",3,3,NA,"missing","no_factor",TRUE,NA,NA,"LUW","all_tokens",TRUE
"test-s301","ttr",21,15,0.714285714285714,"ok",NA,FALSE,NA,NA,"LUW","all_tokens",TRUE
"test-s301","mattr",21,15,NA,"missing","too_short_for_requested_parameter",TRUE,NA,NA,"LUW","all_tokens",TRUE
"test-s301","mtld",21,15,21,"ok",NA,TRUE,FALSE,0,"LUW","all_tokens",TRUE
"test-s302","ttr",25,23,0.92,"ok",NA,FALSE,NA,NA,"LUW","all_tokens",TRUE
"test-s302","mattr",25,23,NA,"missing","too_short_for_requested_parameter",TRUE,NA,NA,"LUW","all_tokens",TRUE
"test-s302","mtld",25,23,87.5000000000001,"ok",NA,TRUE,TRUE,0,"LUW","all_tokens",TRUE
"test-s303","ttr",4,4,1,"ok",NA,FALSE,NA,NA,"LUW","all_tokens",TRUE
"test-s303","mattr",4,4,NA,"missing","too_short_for_requested_parameter",TRUE,NA,NA,"LUW","all_tokens",TRUE
"test-s303","mtld",4,4,NA,"missing","no_factor",TRUE,NA,NA,"LUW","all_tokens",TRUE
"test-s304","ttr",8,8,1,"ok",NA,FALSE,NA,NA,"LUW","all_tokens",TRUE
"test-s304","mattr",8,8,NA,"missing","too_short_for_requested_parameter",TRUE,NA,NA,"LUW","all_tokens",TRUE
"test-s304","mtld",8,8,NA,"missing","no_factor",TRUE,NA,NA,"LUW","all_tokens",TRUE
"test-s305","ttr",36,28,0.777777777777778,"ok",NA,FALSE,NA,NA,"LUW","all_tokens",TRUE
"test-s305","mattr",36,28,NA,"missing","too_short_for_requested_parameter",TRUE,NA,NA,"LUW","all_tokens",TRUE
"test-s305","mtld",36,28,45.36,"ok",NA,TRUE,TRUE,0,"LUW","all_tokens",TRUE
"test-s306","ttr",15,14,0.933333333333333,"ok",NA,FALSE,NA,NA,"LUW","all_tokens",TRUE
"test-s306","mattr",15,14,NA,"missing","too_short_for_requested_parameter",TRUE,NA,NA,"LUW","all_tokens",TRUE
"test-s306","mtld",15,14,63,"ok",NA,TRUE,TRUE,0,"LUW","all_tokens",TRUE
"test-s307","ttr",18,18,1,"ok",NA,FALSE,NA,NA,"LUW","all_tokens",TRUE
"test-s307","mattr",18,18,NA,"missing","too_short_for_requested_parameter",TRUE,NA,NA,"LUW","all_tokens",TRUE
"test-s307","mtld",18,18,NA,"missing","no_factor",TRUE,NA,NA,"LUW","all_tokens",TRUE
"test-s308","ttr",17,16,0.941176470588235,"ok",NA,FALSE,NA,NA,"LUW","all_tokens",TRUE
"test-s308","mattr",17,16,NA,"missing","too_short_for_requested_parameter",TRUE,NA,NA,"LUW","all_tokens",TRUE
"test-s308","mtld",17,16,80.92,"ok",NA,TRUE,TRUE,0,"LUW","all_tokens",TRUE
"test-s309","ttr",2,2,1,"ok",NA,FALSE,NA,NA,"LUW","all_tokens",TRUE
"test-s309","mattr",2,2,NA,"missing","too_short_for_requested_parameter",TRUE,NA,NA,"LUW","all_tokens",TRUE
"test-s309","mtld",2,2,NA,"missing","no_factor",TRUE,NA,NA,"LUW","all_tokens",TRUE
"test-s310","ttr",19,15,0.789473684210526,"ok",NA,FALSE,NA,NA,"LUW","all_tokens",TRUE
"test-s310","mattr",19,15,NA,"missing","too_short_for_requested_parameter",TRUE,NA,NA,"LUW","all_tokens",TRUE
"test-s310","mtld",19,15,25.27,"ok",NA,TRUE,TRUE,0,"LUW","all_tokens",TRUE
"test-s311","ttr",45,35,0.777777777777778,"ok",NA,FALSE,NA,NA,"LUW","all_tokens",TRUE
"test-s311","mattr",45,35,NA,"missing","too_short_for_requested_parameter",TRUE,NA,NA,"LUW","all_tokens",TRUE
"test-s311","mtld",45,35,56.7,"ok",NA,TRUE,TRUE,0,"LUW","all_tokens",TRUE
"test-s312","ttr",28,25,0.892857142857143,"ok",NA,FALSE,NA,NA,"LUW","all_tokens",TRUE
"test-s312","mattr",28,25,NA,"missing","too_short_for_requested_parameter",TRUE,NA,NA,"LUW","all_tokens",TRUE
"test-s312","mtld",28,25,73.1733333333334,"ok",NA,TRUE,TRUE,0,"LUW","all_tokens",TRUE
"test-s313","ttr",25,23,0.92,"ok",NA,FALSE,NA,NA,"LUW","all_tokens",TRUE
"test-s313","mattr",25,23,NA,"missing","too_short_for_requested_parameter",TRUE,NA,NA,"LUW","all_tokens",TRUE
"test-s313","mtld",25,23,87.5000000000001,"ok",NA,TRUE,TRUE,0,"LUW","all_tokens",TRUE
"test-s314","ttr",15,15,1,"ok",NA,FALSE,NA,NA,"LUW","all_tokens",TRUE
"test-s314","mattr",15,15,NA,"missing","too_short_for_requested_parameter",TRUE,NA,NA,"LUW","all_tokens",TRUE
"test-s314","mtld",15,15,NA,"missing","no_factor",TRUE,NA,NA,"LUW","all_tokens",TRUE
"test-s315","ttr",14,13,0.928571428571429,"ok",NA,FALSE,NA,NA,"LUW","all_tokens",TRUE
"test-s315","mattr",14,13,NA,"missing","too_short_for_requested_parameter",TRUE,NA,NA,"LUW","all_tokens",TRUE
"test-s315","mtld",14,13,54.88,"ok",NA,TRUE,TRUE,0,"LUW","all_tokens",TRUE
"test-s316","ttr",11,11,1,"ok",NA,FALSE,NA,NA,"LUW","all_tokens",TRUE
"test-s316","mattr",11,11,NA,"missing","too_short_for_requested_parameter",TRUE,NA,NA,"LUW","all_tokens",TRUE
"test-s316","mtld",11,11,NA,"missing","no_factor",TRUE,NA,NA,"LUW","all_tokens",TRUE
"test-s317","ttr",6,6,1,"ok",NA,FALSE,NA,NA,"LUW","all_tokens",TRUE
"test-s317","mattr",6,6,NA,"missing","too_short_for_requested_parameter",TRUE,NA,NA,"LUW","all_tokens",TRUE
"test-s317","mtld",6,6,NA,"missing","no_factor",TRUE,NA,NA,"LUW","all_tokens",TRUE
"test-s318","ttr",11,11,1,"ok",NA,FALSE,NA,NA,"LUW","all_tokens",TRUE
"test-s318","mattr",11,11,NA,"missing","too_short_for_requested_parameter",TRUE,NA,NA,"LUW","all_tokens",TRUE
"test-s318","mtld",11,11,NA,"missing","no_factor",TRUE,NA,NA,"LUW","all_tokens",TRUE
"test-s319","ttr",17,14,0.823529411764706,"ok",NA,FALSE,NA,NA,"LUW","all_tokens",TRUE
"test-s319","mattr",17,14,NA,"missing","too_short_for_requested_parameter",TRUE,NA,NA,"LUW","all_tokens",TRUE
"test-s319","mtld",17,14,26.9733333333333,"ok",NA,TRUE,TRUE,0,"LUW","all_tokens",TRUE
"test-s320","ttr",20,20,1,"ok",NA,FALSE,NA,NA,"LUW","all_tokens",TRUE
"test-s320","mattr",20,20,NA,"missing","too_short_for_requested_parameter",TRUE,NA,NA,"LUW","all_tokens",TRUE
"test-s320","mtld",20,20,NA,"missing","no_factor",TRUE,NA,NA,"LUW","all_tokens",TRUE
"test-s321","ttr",18,17,0.944444444444444,"ok",NA,FALSE,NA,NA,"LUW","all_tokens",TRUE
"test-s321","mattr",18,17,NA,"missing","too_short_for_requested_parameter",TRUE,NA,NA,"LUW","all_tokens",TRUE
"test-s321","mtld",18,17,90.72,"ok",NA,TRUE,TRUE,0,"LUW","all_tokens",TRUE
"test-s322","ttr",14,14,1,"ok",NA,FALSE,NA,NA,"LUW","all_tokens",TRUE
"test-s322","mattr",14,14,NA,"missing","too_short_for_requested_parameter",TRUE,NA,NA,"LUW","all_tokens",TRUE
"test-s322","mtld",14,14,NA,"missing","no_factor",TRUE,NA,NA,"LUW","all_tokens",TRUE
"test-s323","ttr",21,17,0.80952380952381,"ok",NA,FALSE,NA,NA,"LUW","all_tokens",TRUE
"test-s323","mattr",21,17,NA,"missing","too_short_for_requested_parameter",TRUE,NA,NA,"LUW","all_tokens",TRUE
"test-s323","mtld",21,17,30.87,"ok",NA,TRUE,TRUE,0,"LUW","all_tokens",TRUE
"test-s324","ttr",22,20,0.909090909090909,"ok",NA,FALSE,NA,NA,"LUW","all_tokens",TRUE
"test-s324","mattr",22,20,NA,"missing","too_short_for_requested_parameter",TRUE,NA,NA,"LUW","all_tokens",TRUE
"test-s324","mtld",22,20,67.76,"ok",NA,TRUE,TRUE,0,"LUW","all_tokens",TRUE
"test-s325","ttr",32,27,0.84375,"ok",NA,FALSE,NA,NA,"LUW","all_tokens",TRUE
"test-s325","mattr",32,27,NA,"missing","too_short_for_requested_parameter",TRUE,NA,NA,"LUW","all_tokens",TRUE
"test-s325","mtld",32,27,57.344,"ok",NA,TRUE,TRUE,0,"LUW","all_tokens",TRUE
"test-s326","ttr",14,13,0.928571428571429,"ok",NA,FALSE,NA,NA,"LUW","all_tokens",TRUE
"test-s326","mattr",14,13,NA,"missing","too_short_for_requested_parameter",TRUE,NA,NA,"LUW","all_tokens",TRUE
"test-s326","mtld",14,13,54.88,"ok",NA,TRUE,TRUE,0,"LUW","all_tokens",TRUE
"test-s327","ttr",19,18,0.947368421052632,"ok",NA,FALSE,NA,NA,"LUW","all_tokens",TRUE
"test-s327","mattr",19,18,NA,"missing","too_short_for_requested_parameter",TRUE,NA,NA,"LUW","all_tokens",TRUE
"test-s327","mtld",19,18,101.08,"ok",NA,TRUE,TRUE,0,"LUW","all_tokens",TRUE
"test-s328","ttr",33,25,0.757575757575758,"ok",NA,FALSE,NA,NA,"LUW","all_tokens",TRUE
"test-s328","mattr",33,25,NA,"missing","too_short_for_requested_parameter",TRUE,NA,NA,"LUW","all_tokens",TRUE
"test-s328","mtld",33,25,35.5575,"ok",NA,TRUE,TRUE,14.385150812065,"LUW","all_tokens",TRUE
"test-s329","ttr",21,19,0.904761904761905,"ok",NA,FALSE,NA,NA,"LUW","all_tokens",TRUE
"test-s329","mattr",21,19,NA,"missing","too_short_for_requested_parameter",TRUE,NA,NA,"LUW","all_tokens",TRUE
"test-s329","mtld",21,19,61.74,"ok",NA,TRUE,TRUE,0,"LUW","all_tokens",TRUE
"test-s330","ttr",28,24,0.857142857142857,"ok",NA,FALSE,NA,NA,"LUW","all_tokens",TRUE
"test-s330","mattr",28,24,NA,"missing","too_short_for_requested_parameter",TRUE,NA,NA,"LUW","all_tokens",TRUE
"test-s330","mtld",28,24,54.88,"ok",NA,TRUE,TRUE,0,"LUW","all_tokens",TRUE
"test-s331","ttr",19,17,0.894736842105263,"ok",NA,FALSE,NA,NA,"LUW","all_tokens",TRUE
"test-s331","mattr",19,17,NA,"missing","too_short_for_requested_parameter",TRUE,NA,NA,"LUW","all_tokens",TRUE
"test-s331","mtld",19,17,50.54,"ok",NA,TRUE,TRUE,0,"LUW","all_tokens",TRUE
"test-s332","ttr",67,50,0.746268656716418,"ok",NA,FALSE,NA,NA,"LUW","all_tokens",TRUE
"test-s332","mattr",67,50,0.798888888888889,"ok",NA,FALSE,NA,NA,"LUW","all_tokens",TRUE
"test-s332","mtld",67,50,70.4682352941176,"ok",NA,FALSE,TRUE,9.84340044742731,"LUW","all_tokens",TRUE
"test-s333","ttr",21,18,0.857142857142857,"ok",NA,FALSE,NA,NA,"LUW","all_tokens",TRUE
"test-s333","mattr",21,18,NA,"missing","too_short_for_requested_parameter",TRUE,NA,NA,"LUW","all_tokens",TRUE
"test-s333","mtld",21,18,41.16,"ok",NA,TRUE,TRUE,0,"LUW","all_tokens",TRUE
"test-s334","ttr",81,60,0.740740740740741,"ok",NA,FALSE,NA,NA,"LUW","all_tokens",TRUE
"test-s334","mattr",81,60,0.76625,"ok",NA,FALSE,NA,NA,"LUW","all_tokens",TRUE
"test-s334","mtld",81,60,73.0315129151292,"ok",NA,FALSE,TRUE,39.5678153392813,"LUW","all_tokens",TRUE
"test-s335","ttr",13,13,1,"ok",NA,FALSE,NA,NA,"LUW","all_tokens",TRUE
"test-s335","mattr",13,13,NA,"missing","too_short_for_requested_parameter",TRUE,NA,NA,"LUW","all_tokens",TRUE
"test-s335","mtld",13,13,NA,"missing","no_factor",TRUE,NA,NA,"LUW","all_tokens",TRUE
"test-s336","ttr",12,11,0.916666666666667,"ok",NA,FALSE,NA,NA,"LUW","all_tokens",TRUE
"test-s336","mattr",12,11,NA,"missing","too_short_for_requested_parameter",TRUE,NA,NA,"LUW","all_tokens",TRUE
"test-s336","mtld",12,11,40.32,"ok",NA,TRUE,TRUE,0,"LUW","all_tokens",TRUE
"test-s337","ttr",3,3,1,"ok",NA,FALSE,NA,NA,"LUW","all_tokens",TRUE
"test-s337","mattr",3,3,NA,"missing","too_short_for_requested_parameter",TRUE,NA,NA,"LUW","all_tokens",TRUE
"test-s337","mtld",3,3,NA,"missing","no_factor",TRUE,NA,NA,"LUW","all_tokens",TRUE
"test-s338","ttr",19,18,0.947368421052632,"ok",NA,FALSE,NA,NA,"LUW","all_tokens",TRUE
"test-s338","mattr",19,18,NA,"missing","too_short_for_requested_parameter",TRUE,NA,NA,"LUW","all_tokens",TRUE
"test-s338","mtld",19,18,101.08,"ok",NA,TRUE,TRUE,0,"LUW","all_tokens",TRUE
"test-s339","ttr",7,7,1,"ok",NA,FALSE,NA,NA,"LUW","all_tokens",TRUE
"test-s339","mattr",7,7,NA,"missing","too_short_for_requested_parameter",TRUE,NA,NA,"LUW","all_tokens",TRUE
"test-s339","mtld",7,7,NA,"missing","no_factor",TRUE,NA,NA,"LUW","all_tokens",TRUE
"test-s340","ttr",26,22,0.846153846153846,"ok",NA,FALSE,NA,NA,"LUW","all_tokens",TRUE
"test-s340","mattr",26,22,NA,"missing","too_short_for_requested_parameter",TRUE,NA,NA,"LUW","all_tokens",TRUE
"test-s340","mtld",26,22,47.32,"ok",NA,TRUE,TRUE,0,"LUW","all_tokens",TRUE
"test-s341","ttr",24,18,0.75,"ok",NA,FALSE,NA,NA,"LUW","all_tokens",TRUE
"test-s341","mattr",24,18,NA,"missing","too_short_for_requested_parameter",TRUE,NA,NA,"LUW","all_tokens",TRUE
"test-s341","mtld",24,18,26.88,"ok",NA,TRUE,TRUE,0,"LUW","all_tokens",TRUE
"test-s342","ttr",12,12,1,"ok",NA,FALSE,NA,NA,"LUW","all_tokens",TRUE
"test-s342","mattr",12,12,NA,"missing","too_short_for_requested_parameter",TRUE,NA,NA,"LUW","all_tokens",TRUE
"test-s342","mtld",12,12,NA,"missing","no_factor",TRUE,NA,NA,"LUW","all_tokens",TRUE
"test-s343","ttr",17,16,0.941176470588235,"ok",NA,FALSE,NA,NA,"LUW","all_tokens",TRUE
"test-s343","mattr",17,16,NA,"missing","too_short_for_requested_parameter",TRUE,NA,NA,"LUW","all_tokens",TRUE
"test-s343","mtld",17,16,80.92,"ok",NA,TRUE,TRUE,0,"LUW","all_tokens",TRUE
"test-s344","ttr",24,23,0.958333333333333,"ok",NA,FALSE,NA,NA,"LUW","all_tokens",TRUE
"test-s344","mattr",24,23,NA,"missing","too_short_for_requested_parameter",TRUE,NA,NA,"LUW","all_tokens",TRUE
"test-s344","mtld",24,23,161.28,"ok",NA,TRUE,TRUE,0,"LUW","all_tokens",TRUE
"test-s345","ttr",20,17,0.85,"ok",NA,FALSE,NA,NA,"LUW","all_tokens",TRUE
"test-s345","mattr",20,17,NA,"missing","too_short_for_requested_parameter",TRUE,NA,NA,"LUW","all_tokens",TRUE
"test-s345","mtld",20,17,37.3333333333333,"ok",NA,TRUE,TRUE,0,"LUW","all_tokens",TRUE
"test-s346","ttr",14,11,0.785714285714286,"ok",NA,FALSE,NA,NA,"LUW","all_tokens",TRUE
"test-s346","mattr",14,11,NA,"missing","too_short_for_requested_parameter",TRUE,NA,NA,"LUW","all_tokens",TRUE
"test-s346","mtld",14,11,18.2933333333333,"ok",NA,TRUE,TRUE,0,"LUW","all_tokens",TRUE
"test-s347","ttr",21,20,0.952380952380952,"ok",NA,FALSE,NA,NA,"LUW","all_tokens",TRUE
"test-s347","mattr",21,20,NA,"missing","too_short_for_requested_parameter",TRUE,NA,NA,"LUW","all_tokens",TRUE
"test-s347","mtld",21,20,123.48,"ok",NA,TRUE,TRUE,0,"LUW","all_tokens",TRUE
"test-s348","ttr",19,17,0.894736842105263,"ok",NA,FALSE,NA,NA,"LUW","all_tokens",TRUE
"test-s348","mattr",19,17,NA,"missing","too_short_for_requested_parameter",TRUE,NA,NA,"LUW","all_tokens",TRUE
"test-s348","mtld",19,17,50.54,"ok",NA,TRUE,TRUE,0,"LUW","all_tokens",TRUE
"test-s349","ttr",4,4,1,"ok",NA,FALSE,NA,NA,"LUW","all_tokens",TRUE
"test-s349","mattr",4,4,NA,"missing","too_short_for_requested_parameter",TRUE,NA,NA,"LUW","all_tokens",TRUE
"test-s349","mtld",4,4,NA,"missing","no_factor",TRUE,NA,NA,"LUW","all_tokens",TRUE
"test-s350","ttr",31,25,0.806451612903226,"ok",NA,FALSE,NA,NA,"LUW","all_tokens",TRUE
"test-s350","mattr",31,25,NA,"missing","too_short_for_requested_parameter",TRUE,NA,NA,"LUW","all_tokens",TRUE
"test-s350","mtld",31,25,44.8466666666667,"ok",NA,TRUE,TRUE,0,"LUW","all_tokens",TRUE
"test-s351","ttr",15,15,1,"ok",NA,FALSE,NA,NA,"LUW","all_tokens",TRUE
"test-s351","mattr",15,15,NA,"missing","too_short_for_requested_parameter",TRUE,NA,NA,"LUW","all_tokens",TRUE
"test-s351","mtld",15,15,NA,"missing","no_factor",TRUE,NA,NA,"LUW","all_tokens",TRUE
"test-s352","ttr",22,20,0.909090909090909,"ok",NA,FALSE,NA,NA,"LUW","all_tokens",TRUE
"test-s352","mattr",22,20,NA,"missing","too_short_for_requested_parameter",TRUE,NA,NA,"LUW","all_tokens",TRUE
"test-s352","mtld",22,20,67.76,"ok",NA,TRUE,TRUE,0,"LUW","all_tokens",TRUE
"test-s353","ttr",10,10,1,"ok",NA,FALSE,NA,NA,"LUW","all_tokens",TRUE
"test-s353","mattr",10,10,NA,"missing","too_short_for_requested_parameter",TRUE,NA,NA,"LUW","all_tokens",TRUE
"test-s353","mtld",10,10,NA,"missing","no_factor",TRUE,NA,NA,"LUW","all_tokens",TRUE
"test-s354","ttr",9,9,1,"ok",NA,FALSE,NA,NA,"LUW","all_tokens",TRUE
"test-s354","mattr",9,9,NA,"missing","too_short_for_requested_parameter",TRUE,NA,NA,"LUW","all_tokens",TRUE
"test-s354","mtld",9,9,NA,"missing","no_factor",TRUE,NA,NA,"LUW","all_tokens",TRUE
"test-s355","ttr",23,19,0.826086956521739,"ok",NA,FALSE,NA,NA,"LUW","all_tokens",TRUE
"test-s355","mattr",23,19,NA,"missing","too_short_for_requested_parameter",TRUE,NA,NA,"LUW","all_tokens",TRUE
"test-s355","mtld",23,19,37.03,"ok",NA,TRUE,TRUE,0,"LUW","all_tokens",TRUE
"test-s356","ttr",12,11,0.916666666666667,"ok",NA,FALSE,NA,NA,"LUW","all_tokens",TRUE
"test-s356","mattr",12,11,NA,"missing","too_short_for_requested_parameter",TRUE,NA,NA,"LUW","all_tokens",TRUE
"test-s356","mtld",12,11,40.32,"ok",NA,TRUE,TRUE,0,"LUW","all_tokens",TRUE
"test-s357","ttr",23,22,0.956521739130435,"ok",NA,FALSE,NA,NA,"LUW","all_tokens",TRUE
"test-s357","mattr",23,22,NA,"missing","too_short_for_requested_parameter",TRUE,NA,NA,"LUW","all_tokens",TRUE
"test-s357","mtld",23,22,148.12,"ok",NA,TRUE,TRUE,0,"LUW","all_tokens",TRUE
"test-s358","ttr",30,27,0.9,"ok",NA,FALSE,NA,NA,"LUW","all_tokens",TRUE
"test-s358","mattr",30,27,NA,"missing","too_short_for_requested_parameter",TRUE,NA,NA,"LUW","all_tokens",TRUE
"test-s358","mtld",30,27,84,"ok",NA,TRUE,TRUE,0,"LUW","all_tokens",TRUE
"test-s359","ttr",17,17,1,"ok",NA,FALSE,NA,NA,"LUW","all_tokens",TRUE
"test-s359","mattr",17,17,NA,"missing","too_short_for_requested_parameter",TRUE,NA,NA,"LUW","all_tokens",TRUE
"test-s359","mtld",17,17,NA,"missing","no_factor",TRUE,NA,NA,"LUW","all_tokens",TRUE
"test-s360","ttr",7,7,1,"ok",NA,FALSE,NA,NA,"LUW","all_tokens",TRUE
"test-s360","mattr",7,7,NA,"missing","too_short_for_requested_parameter",TRUE,NA,NA,"LUW","all_tokens",TRUE
"test-s360","mtld",7,7,NA,"missing","no_factor",TRUE,NA,NA,"LUW","all_tokens",TRUE
"test-s361","ttr",16,14,0.875,"ok",NA,FALSE,NA,NA,"LUW","all_tokens",TRUE
"test-s361","mattr",16,14,NA,"missing","too_short_for_requested_parameter",TRUE,NA,NA,"LUW","all_tokens",TRUE
"test-s361","mtld",16,14,35.84,"ok",NA,TRUE,TRUE,0,"LUW","all_tokens",TRUE
"test-s362","ttr",9,8,0.888888888888889,"ok",NA,FALSE,NA,NA,"LUW","all_tokens",TRUE
"test-s362","mattr",9,8,NA,"missing","too_short_for_requested_parameter",TRUE,NA,NA,"LUW","all_tokens",TRUE
"test-s362","mtld",9,8,22.68,"ok",NA,TRUE,TRUE,0,"LUW","all_tokens",TRUE
"test-s363","ttr",38,31,0.81578947368421,"ok",NA,FALSE,NA,NA,"LUW","all_tokens",TRUE
"test-s363","mattr",38,31,NA,"missing","too_short_for_requested_parameter",TRUE,NA,NA,"LUW","all_tokens",TRUE
"test-s363","mtld",38,31,57.76,"ok",NA,TRUE,TRUE,0,"LUW","all_tokens",TRUE
"test-s364","ttr",6,6,1,"ok",NA,FALSE,NA,NA,"LUW","all_tokens",TRUE
"test-s364","mattr",6,6,NA,"missing","too_short_for_requested_parameter",TRUE,NA,NA,"LUW","all_tokens",TRUE
"test-s364","mtld",6,6,NA,"missing","no_factor",TRUE,NA,NA,"LUW","all_tokens",TRUE
"test-s365","ttr",16,14,0.875,"ok",NA,FALSE,NA,NA,"LUW","all_tokens",TRUE
"test-s365","mattr",16,14,NA,"missing","too_short_for_requested_parameter",TRUE,NA,NA,"LUW","all_tokens",TRUE
"test-s365","mtld",16,14,35.84,"ok",NA,TRUE,TRUE,0,"LUW","all_tokens",TRUE
"test-s366","ttr",51,39,0.764705882352941,"ok",NA,FALSE,NA,NA,"LUW","all_tokens",TRUE
"test-s366","mattr",51,39,0.77,"ok",NA,FALSE,NA,NA,"LUW","all_tokens",TRUE
"test-s366","mtld",51,39,60.69,"ok",NA,FALSE,TRUE,0,"LUW","all_tokens",TRUE
"test-s367","ttr",16,15,0.9375,"ok",NA,FALSE,NA,NA,"LUW","all_tokens",TRUE
"test-s367","mattr",16,15,NA,"missing","too_short_for_requested_parameter",TRUE,NA,NA,"LUW","all_tokens",TRUE
"test-s367","mtld",16,15,71.68,"ok",NA,TRUE,TRUE,0,"LUW","all_tokens",TRUE
"test-s368","ttr",22,19,0.863636363636364,"ok",NA,FALSE,NA,NA,"LUW","all_tokens",TRUE
"test-s368","mattr",22,19,NA,"missing","too_short_for_requested_parameter",TRUE,NA,NA,"LUW","all_tokens",TRUE
"test-s368","mtld",22,19,45.1733333333333,"ok",NA,TRUE,TRUE,0,"LUW","all_tokens",TRUE
"test-s369","ttr",4,4,1,"ok",NA,FALSE,NA,NA,"LUW","all_tokens",TRUE
"test-s369","mattr",4,4,NA,"missing","too_short_for_requested_parameter",TRUE,NA,NA,"LUW","all_tokens",TRUE
"test-s369","mtld",4,4,NA,"missing","no_factor",TRUE,NA,NA,"LUW","all_tokens",TRUE
"test-s370","ttr",21,18,0.857142857142857,"ok",NA,FALSE,NA,NA,"LUW","all_tokens",TRUE
"test-s370","mattr",21,18,NA,"missing","too_short_for_requested_parameter",TRUE,NA,NA,"LUW","all_tokens",TRUE
"test-s370","mtld",21,18,41.16,"ok",NA,TRUE,TRUE,0,"LUW","all_tokens",TRUE
"test-s371","ttr",44,30,0.681818181818182,"ok",NA,FALSE,NA,NA,"LUW","all_tokens",TRUE
"test-s371","mattr",44,30,NA,"missing","too_short_for_requested_parameter",TRUE,NA,NA,"LUW","all_tokens",TRUE
"test-s371","mtld",44,30,44,"ok",NA,TRUE,FALSE,0,"LUW","all_tokens",TRUE
"test-s372","ttr",4,4,1,"ok",NA,FALSE,NA,NA,"LUW","all_tokens",TRUE
"test-s372","mattr",4,4,NA,"missing","too_short_for_requested_parameter",TRUE,NA,NA,"LUW","all_tokens",TRUE
"test-s372","mtld",4,4,NA,"missing","no_factor",TRUE,NA,NA,"LUW","all_tokens",TRUE
"test-s373","ttr",4,4,1,"ok",NA,FALSE,NA,NA,"LUW","all_tokens",TRUE
"test-s373","mattr",4,4,NA,"missing","too_short_for_requested_parameter",TRUE,NA,NA,"LUW","all_tokens",TRUE
"test-s373","mtld",4,4,NA,"missing","no_factor",TRUE,NA,NA,"LUW","all_tokens",TRUE
"test-s374","ttr",17,16,0.941176470588235,"ok",NA,FALSE,NA,NA,"LUW","all_tokens",TRUE
"test-s374","mattr",17,16,NA,"missing","too_short_for_requested_parameter",TRUE,NA,NA,"LUW","all_tokens",TRUE
"test-s374","mtld",17,16,80.92,"ok",NA,TRUE,TRUE,0,"LUW","all_tokens",TRUE
"test-s375","ttr",22,19,0.863636363636364,"ok",NA,FALSE,NA,NA,"LUW","all_tokens",TRUE
"test-s375","mattr",22,19,NA,"missing","too_short_for_requested_parameter",TRUE,NA,NA,"LUW","all_tokens",TRUE
"test-s375","mtld",22,19,45.1733333333333,"ok",NA,TRUE,TRUE,0,"LUW","all_tokens",TRUE
"test-s376","ttr",17,15,0.88235294117647,"ok",NA,FALSE,NA,NA,"LUW","all_tokens",TRUE
"test-s376","mattr",17,15,NA,"missing","too_short_for_requested_parameter",TRUE,NA,NA,"LUW","all_tokens",TRUE
"test-s376","mtld",17,15,40.46,"ok",NA,TRUE,TRUE,0,"LUW","all_tokens",TRUE
"test-s377","ttr",25,21,0.84,"ok",NA,FALSE,NA,NA,"LUW","all_tokens",TRUE
"test-s377","mattr",25,21,NA,"missing","too_short_for_requested_parameter",TRUE,NA,NA,"LUW","all_tokens",TRUE
"test-s377","mtld",25,21,43.75,"ok",NA,TRUE,TRUE,0,"LUW","all_tokens",TRUE
"test-s378","ttr",11,10,0.909090909090909,"ok",NA,FALSE,NA,NA,"LUW","all_tokens",TRUE
"test-s378","mattr",11,10,NA,"missing","too_short_for_requested_parameter",TRUE,NA,NA,"LUW","all_tokens",TRUE
"test-s378","mtld",11,10,33.88,"ok",NA,TRUE,TRUE,0,"LUW","all_tokens",TRUE
"test-s379","ttr",6,6,1,"ok",NA,FALSE,NA,NA,"LUW","all_tokens",TRUE
"test-s379","mattr",6,6,NA,"missing","too_short_for_requested_parameter",TRUE,NA,NA,"LUW","all_tokens",TRUE
"test-s379","mtld",6,6,NA,"missing","no_factor",TRUE,NA,NA,"LUW","all_tokens",TRUE
"test-s380","ttr",25,21,0.84,"ok",NA,FALSE,NA,NA,"LUW","all_tokens",TRUE
"test-s380","mattr",25,21,NA,"missing","too_short_for_requested_parameter",TRUE,NA,NA,"LUW","all_tokens",TRUE
"test-s380","mtld",25,21,43.75,"ok",NA,TRUE,TRUE,0,"LUW","all_tokens",TRUE
"test-s381","ttr",48,34,0.708333333333333,"ok",NA,FALSE,NA,NA,"LUW","all_tokens",TRUE
"test-s381","mattr",48,34,NA,"missing","too_short_for_requested_parameter",TRUE,NA,NA,"LUW","all_tokens",TRUE
"test-s381","mtld",48,34,37.3805309734513,"ok",NA,TRUE,FALSE,56.8181818181818,"LUW","all_tokens",TRUE
"test-s382","ttr",8,7,0.875,"ok",NA,FALSE,NA,NA,"LUW","all_tokens",TRUE
"test-s382","mattr",8,7,NA,"missing","too_short_for_requested_parameter",TRUE,NA,NA,"LUW","all_tokens",TRUE
"test-s382","mtld",8,7,17.92,"ok",NA,TRUE,TRUE,0,"LUW","all_tokens",TRUE
"test-s383","ttr",23,21,0.91304347826087,"ok",NA,FALSE,NA,NA,"LUW","all_tokens",TRUE
"test-s383","mattr",23,21,NA,"missing","too_short_for_requested_parameter",TRUE,NA,NA,"LUW","all_tokens",TRUE
"test-s383","mtld",23,21,74.06,"ok",NA,TRUE,TRUE,0,"LUW","all_tokens",TRUE
"test-s384","ttr",24,20,0.833333333333333,"ok",NA,FALSE,NA,NA,"LUW","all_tokens",TRUE
"test-s384","mattr",24,20,NA,"missing","too_short_for_requested_parameter",TRUE,NA,NA,"LUW","all_tokens",TRUE
"test-s384","mtld",24,20,40.32,"ok",NA,TRUE,TRUE,0,"LUW","all_tokens",TRUE
"test-s385","ttr",13,12,0.923076923076923,"ok",NA,FALSE,NA,NA,"LUW","all_tokens",TRUE
"test-s385","mattr",13,12,NA,"missing","too_short_for_requested_parameter",TRUE,NA,NA,"LUW","all_tokens",TRUE
"test-s385","mtld",13,12,47.32,"ok",NA,TRUE,TRUE,0,"LUW","all_tokens",TRUE
"test-s386","ttr",38,30,0.789473684210526,"ok",NA,FALSE,NA,NA,"LUW","all_tokens",TRUE
"test-s386","mattr",38,30,NA,"missing","too_short_for_requested_parameter",TRUE,NA,NA,"LUW","all_tokens",TRUE
"test-s386","mtld",38,30,50.54,"ok",NA,TRUE,TRUE,0,"LUW","all_tokens",TRUE
"test-s387","ttr",5,5,1,"ok",NA,FALSE,NA,NA,"LUW","all_tokens",TRUE
"test-s387","mattr",5,5,NA,"missing","too_short_for_requested_parameter",TRUE,NA,NA,"LUW","all_tokens",TRUE
"test-s387","mtld",5,5,NA,"missing","no_factor",TRUE,NA,NA,"LUW","all_tokens",TRUE
"test-s388","ttr",32,26,0.8125,"ok",NA,FALSE,NA,NA,"LUW","all_tokens",TRUE
"test-s388","mattr",32,26,NA,"missing","too_short_for_requested_parameter",TRUE,NA,NA,"LUW","all_tokens",TRUE
"test-s388","mtld",32,26,47.7866666666667,"ok",NA,TRUE,TRUE,0,"LUW","all_tokens",TRUE
"test-s389","ttr",19,18,0.947368421052632,"ok",NA,FALSE,NA,NA,"LUW","all_tokens",TRUE
"test-s389","mattr",19,18,NA,"missing","too_short_for_requested_parameter",TRUE,NA,NA,"LUW","all_tokens",TRUE
"test-s389","mtld",19,18,101.08,"ok",NA,TRUE,TRUE,0,"LUW","all_tokens",TRUE
"test-s390","ttr",21,21,1,"ok",NA,FALSE,NA,NA,"LUW","all_tokens",TRUE
"test-s390","mattr",21,21,NA,"missing","too_short_for_requested_parameter",TRUE,NA,NA,"LUW","all_tokens",TRUE
"test-s390","mtld",21,21,NA,"missing","no_factor",TRUE,NA,NA,"LUW","all_tokens",TRUE
"test-s392","ttr",23,20,0.869565217391304,"ok",NA,FALSE,NA,NA,"LUW","all_tokens",TRUE
"test-s392","mattr",23,20,NA,"missing","too_short_for_requested_parameter",TRUE,NA,NA,"LUW","all_tokens",TRUE
"test-s392","mtld",23,20,49.3733333333333,"ok",NA,TRUE,TRUE,0,"LUW","all_tokens",TRUE
"test-s393","ttr",36,32,0.888888888888889,"ok",NA,FALSE,NA,NA,"LUW","all_tokens",TRUE
"test-s393","mattr",36,32,NA,"missing","too_short_for_requested_parameter",TRUE,NA,NA,"LUW","all_tokens",TRUE
"test-s393","mtld",36,32,90.72,"ok",NA,TRUE,TRUE,0,"LUW","all_tokens",TRUE
"test-s394","ttr",27,24,0.888888888888889,"ok",NA,FALSE,NA,NA,"LUW","all_tokens",TRUE
"test-s394","mattr",27,24,NA,"missing","too_short_for_requested_parameter",TRUE,NA,NA,"LUW","all_tokens",TRUE
"test-s394","mtld",27,24,68.04,"ok",NA,TRUE,TRUE,0,"LUW","all_tokens",TRUE
"test-s395","ttr",17,16,0.941176470588235,"ok",NA,FALSE,NA,NA,"LUW","all_tokens",TRUE
"test-s395","mattr",17,16,NA,"missing","too_short_for_requested_parameter",TRUE,NA,NA,"LUW","all_tokens",TRUE
"test-s395","mtld",17,16,80.92,"ok",NA,TRUE,TRUE,0,"LUW","all_tokens",TRUE
"test-s396","ttr",21,19,0.904761904761905,"ok",NA,FALSE,NA,NA,"LUW","all_tokens",TRUE
"test-s396","mattr",21,19,NA,"missing","too_short_for_requested_parameter",TRUE,NA,NA,"LUW","all_tokens",TRUE
"test-s396","mtld",21,19,61.74,"ok",NA,TRUE,TRUE,0,"LUW","all_tokens",TRUE
"test-s397","ttr",9,9,1,"ok",NA,FALSE,NA,NA,"LUW","all_tokens",TRUE
"test-s397","mattr",9,9,NA,"missing","too_short_for_requested_parameter",TRUE,NA,NA,"LUW","all_tokens",TRUE
"test-s397","mtld",9,9,NA,"missing","no_factor",TRUE,NA,NA,"LUW","all_tokens",TRUE
"test-s398","ttr",36,29,0.805555555555556,"ok",NA,FALSE,NA,NA,"LUW","all_tokens",TRUE
"test-s398","mattr",36,29,NA,"missing","too_short_for_requested_parameter",TRUE,NA,NA,"LUW","all_tokens",TRUE
"test-s398","mtld",36,29,51.84,"ok",NA,TRUE,TRUE,0,"LUW","all_tokens",TRUE
"test-s399","ttr",38,29,0.763157894736842,"ok",NA,FALSE,NA,NA,"LUW","all_tokens",TRUE
"test-s399","mattr",38,29,NA,"missing","too_short_for_requested_parameter",TRUE,NA,NA,"LUW","all_tokens",TRUE
"test-s399","mtld",38,29,44.9244444444445,"ok",NA,TRUE,TRUE,0,"LUW","all_tokens",TRUE
"test-s400","ttr",27,23,0.851851851851852,"ok",NA,FALSE,NA,NA,"LUW","all_tokens",TRUE
"test-s400","mattr",27,23,NA,"missing","too_short_for_requested_parameter",TRUE,NA,NA,"LUW","all_tokens",TRUE
"test-s400","mtld",27,23,51.03,"ok",NA,TRUE,TRUE,0,"LUW","all_tokens",TRUE
"test-s401","ttr",9,9,1,"ok",NA,FALSE,NA,NA,"LUW","all_tokens",TRUE
"test-s401","mattr",9,9,NA,"missing","too_short_for_requested_parameter",TRUE,NA,NA,"LUW","all_tokens",TRUE
"test-s401","mtld",9,9,NA,"missing","no_factor",TRUE,NA,NA,"LUW","all_tokens",TRUE
"test-s402","ttr",18,18,1,"ok",NA,FALSE,NA,NA,"LUW","all_tokens",TRUE
"test-s402","mattr",18,18,NA,"missing","too_short_for_requested_parameter",TRUE,NA,NA,"LUW","all_tokens",TRUE
"test-s402","mtld",18,18,NA,"missing","no_factor",TRUE,NA,NA,"LUW","all_tokens",TRUE
"test-s403","ttr",20,19,0.95,"ok",NA,FALSE,NA,NA,"LUW","all_tokens",TRUE
"test-s403","mattr",20,19,NA,"missing","too_short_for_requested_parameter",TRUE,NA,NA,"LUW","all_tokens",TRUE
"test-s403","mtld",20,19,112,"ok",NA,TRUE,TRUE,0,"LUW","all_tokens",TRUE
"test-s404","ttr",19,18,0.947368421052632,"ok",NA,FALSE,NA,NA,"LUW","all_tokens",TRUE
"test-s404","mattr",19,18,NA,"missing","too_short_for_requested_parameter",TRUE,NA,NA,"LUW","all_tokens",TRUE
"test-s404","mtld",19,18,101.08,"ok",NA,TRUE,TRUE,0,"LUW","all_tokens",TRUE
"test-s405","ttr",51,33,0.647058823529412,"ok",NA,FALSE,NA,NA,"LUW","all_tokens",TRUE
"test-s405","mattr",51,33,0.65,"ok",NA,FALSE,NA,NA,"LUW","all_tokens",TRUE
"test-s405","mtld",51,33,41.4850746268657,"ok",NA,FALSE,FALSE,45.8715596330275,"LUW","all_tokens",TRUE
"test-s406","ttr",41,32,0.780487804878049,"ok",NA,FALSE,NA,NA,"LUW","all_tokens",TRUE
"test-s406","mattr",41,32,NA,"missing","too_short_for_requested_parameter",TRUE,NA,NA,"LUW","all_tokens",TRUE
"test-s406","mtld",41,32,52.2977777777778,"ok",NA,TRUE,TRUE,0,"LUW","all_tokens",TRUE
"test-s407","ttr",13,13,1,"ok",NA,FALSE,NA,NA,"LUW","all_tokens",TRUE
"test-s407","mattr",13,13,NA,"missing","too_short_for_requested_parameter",TRUE,NA,NA,"LUW","all_tokens",TRUE
"test-s407","mtld",13,13,NA,"missing","no_factor",TRUE,NA,NA,"LUW","all_tokens",TRUE
"test-s408","ttr",19,18,0.947368421052632,"ok",NA,FALSE,NA,NA,"LUW","all_tokens",TRUE
"test-s408","mattr",19,18,NA,"missing","too_short_for_requested_parameter",TRUE,NA,NA,"LUW","all_tokens",TRUE
"test-s408","mtld",19,18,101.08,"ok",NA,TRUE,TRUE,0,"LUW","all_tokens",TRUE
"test-s409","ttr",22,21,0.954545454545455,"ok",NA,FALSE,NA,NA,"LUW","all_tokens",TRUE
"test-s409","mattr",22,21,NA,"missing","too_short_for_requested_parameter",TRUE,NA,NA,"LUW","all_tokens",TRUE
"test-s409","mtld",22,21,135.52,"ok",NA,TRUE,TRUE,0,"LUW","all_tokens",TRUE
"test-s410","ttr",11,11,1,"ok",NA,FALSE,NA,NA,"LUW","all_tokens",TRUE
"test-s410","mattr",11,11,NA,"missing","too_short_for_requested_parameter",TRUE,NA,NA,"LUW","all_tokens",TRUE
"test-s410","mtld",11,11,NA,"missing","no_factor",TRUE,NA,NA,"LUW","all_tokens",TRUE
"test-s411","ttr",46,34,0.739130434782609,"ok",NA,FALSE,NA,NA,"LUW","all_tokens",TRUE
"test-s411","mattr",46,34,NA,"missing","too_short_for_requested_parameter",TRUE,NA,NA,"LUW","all_tokens",TRUE
"test-s411","mtld",46,34,49.3733333333333,"ok",NA,TRUE,TRUE,0,"LUW","all_tokens",TRUE
"test-s412","ttr",38,29,0.763157894736842,"ok",NA,FALSE,NA,NA,"LUW","all_tokens",TRUE
"test-s412","mattr",38,29,NA,"missing","too_short_for_requested_parameter",TRUE,NA,NA,"LUW","all_tokens",TRUE
"test-s412","mtld",38,29,44.9244444444445,"ok",NA,TRUE,TRUE,0,"LUW","all_tokens",TRUE
"test-s413","ttr",10,10,1,"ok",NA,FALSE,NA,NA,"LUW","all_tokens",TRUE
"test-s413","mattr",10,10,NA,"missing","too_short_for_requested_parameter",TRUE,NA,NA,"LUW","all_tokens",TRUE
"test-s413","mtld",10,10,NA,"missing","no_factor",TRUE,NA,NA,"LUW","all_tokens",TRUE
"test-s414","ttr",6,6,1,"ok",NA,FALSE,NA,NA,"LUW","all_tokens",TRUE
"test-s414","mattr",6,6,NA,"missing","too_short_for_requested_parameter",TRUE,NA,NA,"LUW","all_tokens",TRUE
"test-s414","mtld",6,6,NA,"missing","no_factor",TRUE,NA,NA,"LUW","all_tokens",TRUE
"test-s415","ttr",19,19,1,"ok",NA,FALSE,NA,NA,"LUW","all_tokens",TRUE
"test-s415","mattr",19,19,NA,"missing","too_short_for_requested_parameter",TRUE,NA,NA,"LUW","all_tokens",TRUE
"test-s415","mtld",19,19,NA,"missing","no_factor",TRUE,NA,NA,"LUW","all_tokens",TRUE
"test-s416","ttr",17,17,1,"ok",NA,FALSE,NA,NA,"LUW","all_tokens",TRUE
"test-s416","mattr",17,17,NA,"missing","too_short_for_requested_parameter",TRUE,NA,NA,"LUW","all_tokens",TRUE
"test-s416","mtld",17,17,NA,"missing","no_factor",TRUE,NA,NA,"LUW","all_tokens",TRUE
"test-s418","ttr",7,7,1,"ok",NA,FALSE,NA,NA,"LUW","all_tokens",TRUE
"test-s418","mattr",7,7,NA,"missing","too_short_for_requested_parameter",TRUE,NA,NA,"LUW","all_tokens",TRUE
"test-s418","mtld",7,7,NA,"missing","no_factor",TRUE,NA,NA,"LUW","all_tokens",TRUE
"test-s419","ttr",16,16,1,"ok",NA,FALSE,NA,NA,"LUW","all_tokens",TRUE
"test-s419","mattr",16,16,NA,"missing","too_short_for_requested_parameter",TRUE,NA,NA,"LUW","all_tokens",TRUE
"test-s419","mtld",16,16,NA,"missing","no_factor",TRUE,NA,NA,"LUW","all_tokens",TRUE
"test-s420","ttr",17,15,0.88235294117647,"ok",NA,FALSE,NA,NA,"LUW","all_tokens",TRUE
"test-s420","mattr",17,15,NA,"missing","too_short_for_requested_parameter",TRUE,NA,NA,"LUW","all_tokens",TRUE
"test-s420","mtld",17,15,40.46,"ok",NA,TRUE,TRUE,0,"LUW","all_tokens",TRUE
"test-s421","ttr",2,2,1,"ok",NA,FALSE,NA,NA,"LUW","all_tokens",TRUE
"test-s421","mattr",2,2,NA,"missing","too_short_for_requested_parameter",TRUE,NA,NA,"LUW","all_tokens",TRUE
"test-s421","mtld",2,2,NA,"missing","no_factor",TRUE,NA,NA,"LUW","all_tokens",TRUE
"test-s422","ttr",30,23,0.766666666666667,"ok",NA,FALSE,NA,NA,"LUW","all_tokens",TRUE
"test-s422","mattr",30,23,NA,"missing","too_short_for_requested_parameter",TRUE,NA,NA,"LUW","all_tokens",TRUE
"test-s422","mtld",30,23,36,"ok",NA,TRUE,TRUE,0,"LUW","all_tokens",TRUE
"test-s423","ttr",10,9,0.9,"ok",NA,FALSE,NA,NA,"LUW","all_tokens",TRUE
"test-s423","mattr",10,9,NA,"missing","too_short_for_requested_parameter",TRUE,NA,NA,"LUW","all_tokens",TRUE
"test-s423","mtld",10,9,28,"ok",NA,TRUE,TRUE,0,"LUW","all_tokens",TRUE
"test-s424","ttr",10,10,1,"ok",NA,FALSE,NA,NA,"LUW","all_tokens",TRUE
"test-s424","mattr",10,10,NA,"missing","too_short_for_requested_parameter",TRUE,NA,NA,"LUW","all_tokens",TRUE
"test-s424","mtld",10,10,NA,"missing","no_factor",TRUE,NA,NA,"LUW","all_tokens",TRUE
"test-s425","ttr",21,18,0.857142857142857,"ok",NA,FALSE,NA,NA,"LUW","all_tokens",TRUE
"test-s425","mattr",21,18,NA,"missing","too_short_for_requested_parameter",TRUE,NA,NA,"LUW","all_tokens",TRUE
"test-s425","mtld",21,18,41.16,"ok",NA,TRUE,TRUE,0,"LUW","all_tokens",TRUE
"test-s426","ttr",15,13,0.866666666666667,"ok",NA,FALSE,NA,NA,"LUW","all_tokens",TRUE
"test-s426","mattr",15,13,NA,"missing","too_short_for_requested_parameter",TRUE,NA,NA,"LUW","all_tokens",TRUE
"test-s426","mtld",15,13,31.5,"ok",NA,TRUE,TRUE,0,"LUW","all_tokens",TRUE
"test-s427","ttr",22,19,0.863636363636364,"ok",NA,FALSE,NA,NA,"LUW","all_tokens",TRUE
"test-s427","mattr",22,19,NA,"missing","too_short_for_requested_parameter",TRUE,NA,NA,"LUW","all_tokens",TRUE
"test-s427","mtld",22,19,45.1733333333333,"ok",NA,TRUE,TRUE,0,"LUW","all_tokens",TRUE
"test-s428","ttr",2,2,1,"ok",NA,FALSE,NA,NA,"LUW","all_tokens",TRUE
"test-s428","mattr",2,2,NA,"missing","too_short_for_requested_parameter",TRUE,NA,NA,"LUW","all_tokens",TRUE
"test-s428","mtld",2,2,NA,"missing","no_factor",TRUE,NA,NA,"LUW","all_tokens",TRUE
"test-s429","ttr",16,16,1,"ok",NA,FALSE,NA,NA,"LUW","all_tokens",TRUE
"test-s429","mattr",16,16,NA,"missing","too_short_for_requested_parameter",TRUE,NA,NA,"LUW","all_tokens",TRUE
"test-s429","mtld",16,16,NA,"missing","no_factor",TRUE,NA,NA,"LUW","all_tokens",TRUE
"test-s430","ttr",17,17,1,"ok",NA,FALSE,NA,NA,"LUW","all_tokens",TRUE
"test-s430","mattr",17,17,NA,"missing","too_short_for_requested_parameter",TRUE,NA,NA,"LUW","all_tokens",TRUE
"test-s430","mtld",17,17,NA,"missing","no_factor",TRUE,NA,NA,"LUW","all_tokens",TRUE
"test-s431","ttr",36,28,0.777777777777778,"ok",NA,FALSE,NA,NA,"LUW","all_tokens",TRUE
"test-s431","mattr",36,28,NA,"missing","too_short_for_requested_parameter",TRUE,NA,NA,"LUW","all_tokens",TRUE
"test-s431","mtld",36,28,45.36,"ok",NA,TRUE,TRUE,0,"LUW","all_tokens",TRUE
"test-s432","ttr",13,12,0.923076923076923,"ok",NA,FALSE,NA,NA,"LUW","all_tokens",TRUE
"test-s432","mattr",13,12,NA,"missing","too_short_for_requested_parameter",TRUE,NA,NA,"LUW","all_tokens",TRUE
"test-s432","mtld",13,12,47.32,"ok",NA,TRUE,TRUE,0,"LUW","all_tokens",TRUE
"test-s433","ttr",23,21,0.91304347826087,"ok",NA,FALSE,NA,NA,"LUW","all_tokens",TRUE
"test-s433","mattr",23,21,NA,"missing","too_short_for_requested_parameter",TRUE,NA,NA,"LUW","all_tokens",TRUE
"test-s433","mtld",23,21,74.06,"ok",NA,TRUE,TRUE,0,"LUW","all_tokens",TRUE
"test-s434","ttr",10,10,1,"ok",NA,FALSE,NA,NA,"LUW","all_tokens",TRUE
"test-s434","mattr",10,10,NA,"missing","too_short_for_requested_parameter",TRUE,NA,NA,"LUW","all_tokens",TRUE
"test-s434","mtld",10,10,NA,"missing","no_factor",TRUE,NA,NA,"LUW","all_tokens",TRUE
"test-s435","ttr",10,10,1,"ok",NA,FALSE,NA,NA,"LUW","all_tokens",TRUE
"test-s435","mattr",10,10,NA,"missing","too_short_for_requested_parameter",TRUE,NA,NA,"LUW","all_tokens",TRUE
"test-s435","mtld",10,10,NA,"missing","no_factor",TRUE,NA,NA,"LUW","all_tokens",TRUE
"test-s436","ttr",32,25,0.78125,"ok",NA,FALSE,NA,NA,"LUW","all_tokens",TRUE
"test-s436","mattr",32,25,NA,"missing","too_short_for_requested_parameter",TRUE,NA,NA,"LUW","all_tokens",TRUE
"test-s436","mtld",32,25,40.96,"ok",NA,TRUE,TRUE,0,"LUW","all_tokens",TRUE
"test-s437","ttr",24,21,0.875,"ok",NA,FALSE,NA,NA,"LUW","all_tokens",TRUE
"test-s437","mattr",24,21,NA,"missing","too_short_for_requested_parameter",TRUE,NA,NA,"LUW","all_tokens",TRUE
"test-s437","mtld",24,21,53.76,"ok",NA,TRUE,TRUE,0,"LUW","all_tokens",TRUE
"test-s438","ttr",3,3,1,"ok",NA,FALSE,NA,NA,"LUW","all_tokens",TRUE
"test-s438","mattr",3,3,NA,"missing","too_short_for_requested_parameter",TRUE,NA,NA,"LUW","all_tokens",TRUE
"test-s438","mtld",3,3,NA,"missing","no_factor",TRUE,NA,NA,"LUW","all_tokens",TRUE
"test-s439","ttr",10,9,0.9,"ok",NA,FALSE,NA,NA,"LUW","all_tokens",TRUE
"test-s439","mattr",10,9,NA,"missing","too_short_for_requested_parameter",TRUE,NA,NA,"LUW","all_tokens",TRUE
"test-s439","mtld",10,9,28,"ok",NA,TRUE,TRUE,0,"LUW","all_tokens",TRUE
"test-s440","ttr",26,21,0.807692307692308,"ok",NA,FALSE,NA,NA,"LUW","all_tokens",TRUE
"test-s440","mattr",26,21,NA,"missing","too_short_for_requested_parameter",TRUE,NA,NA,"LUW","all_tokens",TRUE
"test-s440","mtld",26,21,37.856,"ok",NA,TRUE,TRUE,0,"LUW","all_tokens",TRUE
"test-s441","ttr",28,27,0.964285714285714,"ok",NA,FALSE,NA,NA,"LUW","all_tokens",TRUE
"test-s441","mattr",28,27,NA,"missing","too_short_for_requested_parameter",TRUE,NA,NA,"LUW","all_tokens",TRUE
"test-s441","mtld",28,27,219.52,"ok",NA,TRUE,TRUE,0,"LUW","all_tokens",TRUE
"test-s442","ttr",22,19,0.863636363636364,"ok",NA,FALSE,NA,NA,"LUW","all_tokens",TRUE
"test-s442","mattr",22,19,NA,"missing","too_short_for_requested_parameter",TRUE,NA,NA,"LUW","all_tokens",TRUE
"test-s442","mtld",22,19,45.1733333333333,"ok",NA,TRUE,TRUE,0,"LUW","all_tokens",TRUE
"test-s443","ttr",18,16,0.888888888888889,"ok",NA,FALSE,NA,NA,"LUW","all_tokens",TRUE
"test-s443","mattr",18,16,NA,"missing","too_short_for_requested_parameter",TRUE,NA,NA,"LUW","all_tokens",TRUE
"test-s443","mtld",18,16,45.36,"ok",NA,TRUE,TRUE,0,"LUW","all_tokens",TRUE
"test-s444","ttr",39,32,0.82051282051282,"ok",NA,FALSE,NA,NA,"LUW","all_tokens",TRUE
"test-s444","mattr",39,32,NA,"missing","too_short_for_requested_parameter",TRUE,NA,NA,"LUW","all_tokens",TRUE
"test-s444","mtld",39,32,60.84,"ok",NA,TRUE,TRUE,0,"LUW","all_tokens",TRUE
"test-s445","ttr",4,4,1,"ok",NA,FALSE,NA,NA,"LUW","all_tokens",TRUE
"test-s445","mattr",4,4,NA,"missing","too_short_for_requested_parameter",TRUE,NA,NA,"LUW","all_tokens",TRUE
"test-s445","mtld",4,4,NA,"missing","no_factor",TRUE,NA,NA,"LUW","all_tokens",TRUE
"test-s446","ttr",9,9,1,"ok",NA,FALSE,NA,NA,"LUW","all_tokens",TRUE
"test-s446","mattr",9,9,NA,"missing","too_short_for_requested_parameter",TRUE,NA,NA,"LUW","all_tokens",TRUE
"test-s446","mtld",9,9,NA,"missing","no_factor",TRUE,NA,NA,"LUW","all_tokens",TRUE
"test-s447","ttr",11,9,0.818181818181818,"ok",NA,FALSE,NA,NA,"LUW","all_tokens",TRUE
"test-s447","mattr",11,9,NA,"missing","too_short_for_requested_parameter",TRUE,NA,NA,"LUW","all_tokens",TRUE
"test-s447","mtld",11,9,16.94,"ok",NA,TRUE,TRUE,0,"LUW","all_tokens",TRUE
"test-s448","ttr",5,5,1,"ok",NA,FALSE,NA,NA,"LUW","all_tokens",TRUE
"test-s448","mattr",5,5,NA,"missing","too_short_for_requested_parameter",TRUE,NA,NA,"LUW","all_tokens",TRUE
"test-s448","mtld",5,5,NA,"missing","no_factor",TRUE,NA,NA,"LUW","all_tokens",TRUE
"test-s449","ttr",29,26,0.896551724137931,"ok",NA,FALSE,NA,NA,"LUW","all_tokens",TRUE
"test-s449","mattr",29,26,NA,"missing","too_short_for_requested_parameter",TRUE,NA,NA,"LUW","all_tokens",TRUE
"test-s449","mtld",29,26,78.4933333333334,"ok",NA,TRUE,TRUE,0,"LUW","all_tokens",TRUE
"test-s450","ttr",6,6,1,"ok",NA,FALSE,NA,NA,"LUW","all_tokens",TRUE
"test-s450","mattr",6,6,NA,"missing","too_short_for_requested_parameter",TRUE,NA,NA,"LUW","all_tokens",TRUE
"test-s450","mtld",6,6,NA,"missing","no_factor",TRUE,NA,NA,"LUW","all_tokens",TRUE
"test-s451","ttr",6,5,0.833333333333333,"ok",NA,FALSE,NA,NA,"LUW","all_tokens",TRUE
"test-s451","mattr",6,5,NA,"missing","too_short_for_requested_parameter",TRUE,NA,NA,"LUW","all_tokens",TRUE
"test-s451","mtld",6,5,10.08,"ok",NA,TRUE,TRUE,0,"LUW","all_tokens",TRUE
"test-s452","ttr",10,9,0.9,"ok",NA,FALSE,NA,NA,"LUW","all_tokens",TRUE
"test-s452","mattr",10,9,NA,"missing","too_short_for_requested_parameter",TRUE,NA,NA,"LUW","all_tokens",TRUE
"test-s452","mtld",10,9,28,"ok",NA,TRUE,TRUE,0,"LUW","all_tokens",TRUE
"test-s453","ttr",22,19,0.863636363636364,"ok",NA,FALSE,NA,NA,"LUW","all_tokens",TRUE
"test-s453","mattr",22,19,NA,"missing","too_short_for_requested_parameter",TRUE,NA,NA,"LUW","all_tokens",TRUE
"test-s453","mtld",22,19,45.1733333333333,"ok",NA,TRUE,TRUE,0,"LUW","all_tokens",TRUE
"test-s454","ttr",8,8,1,"ok",NA,FALSE,NA,NA,"LUW","all_tokens",TRUE
"test-s454","mattr",8,8,NA,"missing","too_short_for_requested_parameter",TRUE,NA,NA,"LUW","all_tokens",TRUE
"test-s454","mtld",8,8,NA,"missing","no_factor",TRUE,NA,NA,"LUW","all_tokens",TRUE
"test-s455","ttr",10,10,1,"ok",NA,FALSE,NA,NA,"LUW","all_tokens",TRUE
"test-s455","mattr",10,10,NA,"missing","too_short_for_requested_parameter",TRUE,NA,NA,"LUW","all_tokens",TRUE
"test-s455","mtld",10,10,NA,"missing","no_factor",TRUE,NA,NA,"LUW","all_tokens",TRUE
"test-s456","ttr",15,15,1,"ok",NA,FALSE,NA,NA,"LUW","all_tokens",TRUE
"test-s456","mattr",15,15,NA,"missing","too_short_for_requested_parameter",TRUE,NA,NA,"LUW","all_tokens",TRUE
"test-s456","mtld",15,15,NA,"missing","no_factor",TRUE,NA,NA,"LUW","all_tokens",TRUE
"test-s457","ttr",34,28,0.823529411764706,"ok",NA,FALSE,NA,NA,"LUW","all_tokens",TRUE
"test-s457","mattr",34,28,NA,"missing","too_short_for_requested_parameter",TRUE,NA,NA,"LUW","all_tokens",TRUE
"test-s457","mtld",34,28,53.9466666666667,"ok",NA,TRUE,TRUE,0,"LUW","all_tokens",TRUE
"test-s458","ttr",5,5,1,"ok",NA,FALSE,NA,NA,"LUW","all_tokens",TRUE
"test-s458","mattr",5,5,NA,"missing","too_short_for_requested_parameter",TRUE,NA,NA,"LUW","all_tokens",TRUE
"test-s458","mtld",5,5,NA,"missing","no_factor",TRUE,NA,NA,"LUW","all_tokens",TRUE
"test-s459","ttr",16,15,0.9375,"ok",NA,FALSE,NA,NA,"LUW","all_tokens",TRUE
"test-s459","mattr",16,15,NA,"missing","too_short_for_requested_parameter",TRUE,NA,NA,"LUW","all_tokens",TRUE
"test-s459","mtld",16,15,71.68,"ok",NA,TRUE,TRUE,0,"LUW","all_tokens",TRUE
"test-s460","ttr",50,35,0.7,"ok",NA,FALSE,NA,NA,"LUW","all_tokens",TRUE
"test-s460","mattr",50,35,0.7,"ok",NA,FALSE,NA,NA,"LUW","all_tokens",TRUE
"test-s460","mtld",50,35,50,"ok",NA,FALSE,FALSE,0,"LUW","all_tokens",TRUE
"test-s461","ttr",41,32,0.780487804878049,"ok",NA,FALSE,NA,NA,"LUW","all_tokens",TRUE
"test-s461","mattr",41,32,NA,"missing","too_short_for_requested_parameter",TRUE,NA,NA,"LUW","all_tokens",TRUE
"test-s461","mtld",41,32,52.2977777777778,"ok",NA,TRUE,TRUE,0,"LUW","all_tokens",TRUE
"test-s462","ttr",106,69,0.650943396226415,"ok",NA,FALSE,NA,NA,"LUW","all_tokens",TRUE
"test-s462","mattr",106,69,0.754736842105263,"ok",NA,FALSE,NA,NA,"LUW","all_tokens",TRUE
"test-s462","mtld",106,69,62.0531930024179,"ok",NA,FALSE,FALSE,11.9047619047619,"LUW","all_tokens",TRUE
"test-s463","ttr",27,23,0.851851851851852,"ok",NA,FALSE,NA,NA,"LUW","all_tokens",TRUE
"test-s463","mattr",27,23,NA,"missing","too_short_for_requested_parameter",TRUE,NA,NA,"LUW","all_tokens",TRUE
"test-s463","mtld",27,23,51.03,"ok",NA,TRUE,TRUE,0,"LUW","all_tokens",TRUE
"test-s464","ttr",21,18,0.857142857142857,"ok",NA,FALSE,NA,NA,"LUW","all_tokens",TRUE
"test-s464","mattr",21,18,NA,"missing","too_short_for_requested_parameter",TRUE,NA,NA,"LUW","all_tokens",TRUE
"test-s464","mtld",21,18,41.16,"ok",NA,TRUE,TRUE,0,"LUW","all_tokens",TRUE
"test-s465","ttr",15,13,0.866666666666667,"ok",NA,FALSE,NA,NA,"LUW","all_tokens",TRUE
"test-s465","mattr",15,13,NA,"missing","too_short_for_requested_parameter",TRUE,NA,NA,"LUW","all_tokens",TRUE
"test-s465","mtld",15,13,31.5,"ok",NA,TRUE,TRUE,0,"LUW","all_tokens",TRUE
"test-s466","ttr",25,20,0.8,"ok",NA,FALSE,NA,NA,"LUW","all_tokens",TRUE
"test-s466","mattr",25,20,NA,"missing","too_short_for_requested_parameter",TRUE,NA,NA,"LUW","all_tokens",TRUE
"test-s466","mtld",25,20,35,"ok",NA,TRUE,TRUE,0,"LUW","all_tokens",TRUE
"test-s467","ttr",19,17,0.894736842105263,"ok",NA,FALSE,NA,NA,"LUW","all_tokens",TRUE
"test-s467","mattr",19,17,NA,"missing","too_short_for_requested_parameter",TRUE,NA,NA,"LUW","all_tokens",TRUE
"test-s467","mtld",19,17,50.54,"ok",NA,TRUE,TRUE,0,"LUW","all_tokens",TRUE
"test-s468","ttr",18,17,0.944444444444444,"ok",NA,FALSE,NA,NA,"LUW","all_tokens",TRUE
"test-s468","mattr",18,17,NA,"missing","too_short_for_requested_parameter",TRUE,NA,NA,"LUW","all_tokens",TRUE
"test-s468","mtld",18,17,90.72,"ok",NA,TRUE,TRUE,0,"LUW","all_tokens",TRUE
"test-s469","ttr",19,17,0.894736842105263,"ok",NA,FALSE,NA,NA,"LUW","all_tokens",TRUE
"test-s469","mattr",19,17,NA,"missing","too_short_for_requested_parameter",TRUE,NA,NA,"LUW","all_tokens",TRUE
"test-s469","mtld",19,17,50.54,"ok",NA,TRUE,TRUE,0,"LUW","all_tokens",TRUE
"test-s470","ttr",11,11,1,"ok",NA,FALSE,NA,NA,"LUW","all_tokens",TRUE
"test-s470","mattr",11,11,NA,"missing","too_short_for_requested_parameter",TRUE,NA,NA,"LUW","all_tokens",TRUE
"test-s470","mtld",11,11,NA,"missing","no_factor",TRUE,NA,NA,"LUW","all_tokens",TRUE
"test-s471","ttr",10,10,1,"ok",NA,FALSE,NA,NA,"LUW","all_tokens",TRUE
"test-s471","mattr",10,10,NA,"missing","too_short_for_requested_parameter",TRUE,NA,NA,"LUW","all_tokens",TRUE
"test-s471","mtld",10,10,NA,"missing","no_factor",TRUE,NA,NA,"LUW","all_tokens",TRUE
"test-s472","ttr",15,13,0.866666666666667,"ok",NA,FALSE,NA,NA,"LUW","all_tokens",TRUE
"test-s472","mattr",15,13,NA,"missing","too_short_for_requested_parameter",TRUE,NA,NA,"LUW","all_tokens",TRUE
"test-s472","mtld",15,13,31.5,"ok",NA,TRUE,TRUE,0,"LUW","all_tokens",TRUE
"test-s473","ttr",4,4,1,"ok",NA,FALSE,NA,NA,"LUW","all_tokens",TRUE
"test-s473","mattr",4,4,NA,"missing","too_short_for_requested_parameter",TRUE,NA,NA,"LUW","all_tokens",TRUE
"test-s473","mtld",4,4,NA,"missing","no_factor",TRUE,NA,NA,"LUW","all_tokens",TRUE
"test-s474","ttr",29,23,0.793103448275862,"ok",NA,FALSE,NA,NA,"LUW","all_tokens",TRUE
"test-s474","mattr",29,23,NA,"missing","too_short_for_requested_parameter",TRUE,NA,NA,"LUW","all_tokens",TRUE
"test-s474","mtld",29,23,39.2466666666667,"ok",NA,TRUE,TRUE,0,"LUW","all_tokens",TRUE
"test-s475","ttr",34,28,0.823529411764706,"ok",NA,FALSE,NA,NA,"LUW","all_tokens",TRUE
"test-s475","mattr",34,28,NA,"missing","too_short_for_requested_parameter",TRUE,NA,NA,"LUW","all_tokens",TRUE
"test-s475","mtld",34,28,53.9466666666667,"ok",NA,TRUE,TRUE,0,"LUW","all_tokens",TRUE
"test-s476","ttr",20,18,0.9,"ok",NA,FALSE,NA,NA,"LUW","all_tokens",TRUE
"test-s476","mattr",20,18,NA,"missing","too_short_for_requested_parameter",TRUE,NA,NA,"LUW","all_tokens",TRUE
"test-s476","mtld",20,18,56,"ok",NA,TRUE,TRUE,0,"LUW","all_tokens",TRUE
"test-s477","ttr",17,16,0.941176470588235,"ok",NA,FALSE,NA,NA,"LUW","all_tokens",TRUE
"test-s477","mattr",17,16,NA,"missing","too_short_for_requested_parameter",TRUE,NA,NA,"LUW","all_tokens",TRUE
"test-s477","mtld",17,16,80.92,"ok",NA,TRUE,TRUE,0,"LUW","all_tokens",TRUE
"test-s478","ttr",4,4,1,"ok",NA,FALSE,NA,NA,"LUW","all_tokens",TRUE
"test-s478","mattr",4,4,NA,"missing","too_short_for_requested_parameter",TRUE,NA,NA,"LUW","all_tokens",TRUE
"test-s478","mtld",4,4,NA,"missing","no_factor",TRUE,NA,NA,"LUW","all_tokens",TRUE
"test-s479","ttr",53,40,0.754716981132076,"ok",NA,FALSE,NA,NA,"LUW","all_tokens",TRUE
"test-s479","mattr",53,40,0.76,"ok",NA,FALSE,NA,NA,"LUW","all_tokens",TRUE
"test-s479","mtld",53,40,60.5015384615385,"ok",NA,FALSE,TRUE,0,"LUW","all_tokens",TRUE
"test-s480","ttr",6,6,1,"ok",NA,FALSE,NA,NA,"LUW","all_tokens",TRUE
"test-s480","mattr",6,6,NA,"missing","too_short_for_requested_parameter",TRUE,NA,NA,"LUW","all_tokens",TRUE
"test-s480","mtld",6,6,NA,"missing","no_factor",TRUE,NA,NA,"LUW","all_tokens",TRUE
"test-s481","ttr",35,29,0.828571428571429,"ok",NA,FALSE,NA,NA,"LUW","all_tokens",TRUE
"test-s481","mattr",35,29,NA,"missing","too_short_for_requested_parameter",TRUE,NA,NA,"LUW","all_tokens",TRUE
"test-s481","mtld",35,29,57.1666666666667,"ok",NA,TRUE,TRUE,0,"LUW","all_tokens",TRUE
"test-s482","ttr",22,19,0.863636363636364,"ok",NA,FALSE,NA,NA,"LUW","all_tokens",TRUE
"test-s482","mattr",22,19,NA,"missing","too_short_for_requested_parameter",TRUE,NA,NA,"LUW","all_tokens",TRUE
"test-s482","mtld",22,19,45.1733333333333,"ok",NA,TRUE,TRUE,0,"LUW","all_tokens",TRUE
"test-s483","ttr",17,16,0.941176470588235,"ok",NA,FALSE,NA,NA,"LUW","all_tokens",TRUE
"test-s483","mattr",17,16,NA,"missing","too_short_for_requested_parameter",TRUE,NA,NA,"LUW","all_tokens",TRUE
"test-s483","mtld",17,16,80.92,"ok",NA,TRUE,TRUE,0,"LUW","all_tokens",TRUE
"test-s484","ttr",20,20,1,"ok",NA,FALSE,NA,NA,"LUW","all_tokens",TRUE
"test-s484","mattr",20,20,NA,"missing","too_short_for_requested_parameter",TRUE,NA,NA,"LUW","all_tokens",TRUE
"test-s484","mtld",20,20,NA,"missing","no_factor",TRUE,NA,NA,"LUW","all_tokens",TRUE
"test-s485","ttr",35,29,0.828571428571429,"ok",NA,FALSE,NA,NA,"LUW","all_tokens",TRUE
"test-s485","mattr",35,29,NA,"missing","too_short_for_requested_parameter",TRUE,NA,NA,"LUW","all_tokens",TRUE
"test-s485","mtld",35,29,57.1666666666667,"ok",NA,TRUE,TRUE,0,"LUW","all_tokens",TRUE
"test-s486","ttr",25,22,0.88,"ok",NA,FALSE,NA,NA,"LUW","all_tokens",TRUE
"test-s486","mattr",25,22,NA,"missing","too_short_for_requested_parameter",TRUE,NA,NA,"LUW","all_tokens",TRUE
"test-s486","mtld",25,22,58.3333333333333,"ok",NA,TRUE,TRUE,0,"LUW","all_tokens",TRUE
"test-s487","ttr",24,21,0.875,"ok",NA,FALSE,NA,NA,"LUW","all_tokens",TRUE
"test-s487","mattr",24,21,NA,"missing","too_short_for_requested_parameter",TRUE,NA,NA,"LUW","all_tokens",TRUE
"test-s487","mtld",24,21,36.7966666666667,"ok",NA,TRUE,TRUE,92.2003804692454,"LUW","all_tokens",TRUE
"test-s488","ttr",22,18,0.818181818181818,"ok",NA,FALSE,NA,NA,"LUW","all_tokens",TRUE
"test-s488","mattr",22,18,NA,"missing","too_short_for_requested_parameter",TRUE,NA,NA,"LUW","all_tokens",TRUE
"test-s488","mtld",22,18,33.88,"ok",NA,TRUE,TRUE,0,"LUW","all_tokens",TRUE
"test-s489","ttr",19,16,0.842105263157895,"ok",NA,FALSE,NA,NA,"LUW","all_tokens",TRUE
"test-s489","mattr",19,16,NA,"missing","too_short_for_requested_parameter",TRUE,NA,NA,"LUW","all_tokens",TRUE
"test-s489","mtld",19,16,33.6933333333333,"ok",NA,TRUE,TRUE,0,"LUW","all_tokens",TRUE
"test-s490","ttr",22,21,0.954545454545455,"ok",NA,FALSE,NA,NA,"LUW","all_tokens",TRUE
"test-s490","mattr",22,21,NA,"missing","too_short_for_requested_parameter",TRUE,NA,NA,"LUW","all_tokens",TRUE
"test-s490","mtld",22,21,135.52,"ok",NA,TRUE,TRUE,0,"LUW","all_tokens",TRUE
"test-s491","ttr",7,7,1,"ok",NA,FALSE,NA,NA,"LUW","all_tokens",TRUE
"test-s491","mattr",7,7,NA,"missing","too_short_for_requested_parameter",TRUE,NA,NA,"LUW","all_tokens",TRUE
"test-s491","mtld",7,7,NA,"missing","no_factor",TRUE,NA,NA,"LUW","all_tokens",TRUE
"test-s492","ttr",13,13,1,"ok",NA,FALSE,NA,NA,"LUW","all_tokens",TRUE
"test-s492","mattr",13,13,NA,"missing","too_short_for_requested_parameter",TRUE,NA,NA,"LUW","all_tokens",TRUE
"test-s492","mtld",13,13,NA,"missing","no_factor",TRUE,NA,NA,"LUW","all_tokens",TRUE
"test-s493","ttr",46,35,0.760869565217391,"ok",NA,FALSE,NA,NA,"LUW","all_tokens",TRUE
"test-s493","mattr",46,35,NA,"missing","too_short_for_requested_parameter",TRUE,NA,NA,"LUW","all_tokens",TRUE
"test-s493","mtld",46,35,53.8618181818182,"ok",NA,TRUE,TRUE,0,"LUW","all_tokens",TRUE
"test-s494","ttr",23,20,0.869565217391304,"ok",NA,FALSE,NA,NA,"LUW","all_tokens",TRUE
"test-s494","mattr",23,20,NA,"missing","too_short_for_requested_parameter",TRUE,NA,NA,"LUW","all_tokens",TRUE
"test-s494","mtld",23,20,49.3733333333333,"ok",NA,TRUE,TRUE,0,"LUW","all_tokens",TRUE
"test-s495","ttr",12,11,0.916666666666667,"ok",NA,FALSE,NA,NA,"LUW","all_tokens",TRUE
"test-s495","mattr",12,11,NA,"missing","too_short_for_requested_parameter",TRUE,NA,NA,"LUW","all_tokens",TRUE
"test-s495","mtld",12,11,40.32,"ok",NA,TRUE,TRUE,0,"LUW","all_tokens",TRUE
"test-s496","ttr",17,17,1,"ok",NA,FALSE,NA,NA,"LUW","all_tokens",TRUE
"test-s496","mattr",17,17,NA,"missing","too_short_for_requested_parameter",TRUE,NA,NA,"LUW","all_tokens",TRUE
"test-s496","mtld",17,17,NA,"missing","no_factor",TRUE,NA,NA,"LUW","all_tokens",TRUE
"test-s497","ttr",25,22,0.88,"ok",NA,FALSE,NA,NA,"LUW","all_tokens",TRUE
"test-s497","mattr",25,22,NA,"missing","too_short_for_requested_parameter",TRUE,NA,NA,"LUW","all_tokens",TRUE
"test-s497","mtld",25,22,58.3333333333333,"ok",NA,TRUE,TRUE,0,"LUW","all_tokens",TRUE
"test-s498","ttr",7,7,1,"ok",NA,FALSE,NA,NA,"LUW","all_tokens",TRUE
"test-s498","mattr",7,7,NA,"missing","too_short_for_requested_parameter",TRUE,NA,NA,"LUW","all_tokens",TRUE
"test-s498","mtld",7,7,NA,"missing","no_factor",TRUE,NA,NA,"LUW","all_tokens",TRUE
"test-s499","ttr",9,9,1,"ok",NA,FALSE,NA,NA,"LUW","all_tokens",TRUE
"test-s499","mattr",9,9,NA,"missing","too_short_for_requested_parameter",TRUE,NA,NA,"LUW","all_tokens",TRUE
"test-s499","mtld",9,9,NA,"missing","no_factor",TRUE,NA,NA,"LUW","all_tokens",TRUE
"test-s500","ttr",14,12,0.857142857142857,"ok",NA,FALSE,NA,NA,"LUW","all_tokens",TRUE
"test-s500","mattr",14,12,NA,"missing","too_short_for_requested_parameter",TRUE,NA,NA,"LUW","all_tokens",TRUE
"test-s500","mtld",14,12,27.44,"ok",NA,TRUE,TRUE,0,"LUW","all_tokens",TRUE
"test-s501","ttr",12,11,0.916666666666667,"ok",NA,FALSE,NA,NA,"LUW","all_tokens",TRUE
"test-s501","mattr",12,11,NA,"missing","too_short_for_requested_parameter",TRUE,NA,NA,"LUW","all_tokens",TRUE
"test-s501","mtld",12,11,40.32,"ok",NA,TRUE,TRUE,0,"LUW","all_tokens",TRUE
"test-s502","ttr",17,16,0.941176470588235,"ok",NA,FALSE,NA,NA,"LUW","all_tokens",TRUE
"test-s502","mattr",17,16,NA,"missing","too_short_for_requested_parameter",TRUE,NA,NA,"LUW","all_tokens",TRUE
"test-s502","mtld",17,16,80.92,"ok",NA,TRUE,TRUE,0,"LUW","all_tokens",TRUE
"test-s503","ttr",15,12,0.8,"ok",NA,FALSE,NA,NA,"LUW","all_tokens",TRUE
"test-s503","mattr",15,12,NA,"missing","too_short_for_requested_parameter",TRUE,NA,NA,"LUW","all_tokens",TRUE
"test-s503","mtld",15,12,21,"ok",NA,TRUE,TRUE,0,"LUW","all_tokens",TRUE
"test-s504","ttr",24,23,0.958333333333333,"ok",NA,FALSE,NA,NA,"LUW","all_tokens",TRUE
"test-s504","mattr",24,23,NA,"missing","too_short_for_requested_parameter",TRUE,NA,NA,"LUW","all_tokens",TRUE
"test-s504","mtld",24,23,161.28,"ok",NA,TRUE,TRUE,0,"LUW","all_tokens",TRUE
"test-s505","ttr",16,14,0.875,"ok",NA,FALSE,NA,NA,"LUW","all_tokens",TRUE
"test-s505","mattr",16,14,NA,"missing","too_short_for_requested_parameter",TRUE,NA,NA,"LUW","all_tokens",TRUE
"test-s505","mtld",16,14,35.84,"ok",NA,TRUE,TRUE,0,"LUW","all_tokens",TRUE
"test-s506","ttr",4,4,1,"ok",NA,FALSE,NA,NA,"LUW","all_tokens",TRUE
"test-s506","mattr",4,4,NA,"missing","too_short_for_requested_parameter",TRUE,NA,NA,"LUW","all_tokens",TRUE
"test-s506","mtld",4,4,NA,"missing","no_factor",TRUE,NA,NA,"LUW","all_tokens",TRUE
"test-s507","ttr",27,22,0.814814814814815,"ok",NA,FALSE,NA,NA,"LUW","all_tokens",TRUE
"test-s507","mattr",27,22,NA,"missing","too_short_for_requested_parameter",TRUE,NA,NA,"LUW","all_tokens",TRUE
"test-s507","mtld",27,22,40.824,"ok",NA,TRUE,TRUE,0,"LUW","all_tokens",TRUE
"test-s508","ttr",40,32,0.8,"ok",NA,FALSE,NA,NA,"LUW","all_tokens",TRUE
"test-s508","mattr",40,32,NA,"missing","too_short_for_requested_parameter",TRUE,NA,NA,"LUW","all_tokens",TRUE
"test-s508","mtld",40,32,56,"ok",NA,TRUE,TRUE,0,"LUW","all_tokens",TRUE
"test-s509","ttr",37,30,0.810810810810811,"ok",NA,FALSE,NA,NA,"LUW","all_tokens",TRUE
"test-s509","mattr",37,30,NA,"missing","too_short_for_requested_parameter",TRUE,NA,NA,"LUW","all_tokens",TRUE
"test-s509","mtld",37,30,54.76,"ok",NA,TRUE,TRUE,0,"LUW","all_tokens",TRUE
"test-s510","ttr",108,67,0.62037037037037,"ok",NA,FALSE,NA,NA,"LUW","all_tokens",TRUE
"test-s510","mattr",108,67,0.731186440677966,"ok",NA,FALSE,NA,NA,"LUW","all_tokens",TRUE
"test-s510","mtld",108,67,49.5298013245033,"ok",NA,FALSE,FALSE,18.0505415162455,"LUW","all_tokens",TRUE
"test-s511","ttr",13,12,0.923076923076923,"ok",NA,FALSE,NA,NA,"LUW","all_tokens",TRUE
"test-s511","mattr",13,12,NA,"missing","too_short_for_requested_parameter",TRUE,NA,NA,"LUW","all_tokens",TRUE
"test-s511","mtld",13,12,47.32,"ok",NA,TRUE,TRUE,0,"LUW","all_tokens",TRUE
"test-s512","ttr",6,6,1,"ok",NA,FALSE,NA,NA,"LUW","all_tokens",TRUE
"test-s512","mattr",6,6,NA,"missing","too_short_for_requested_parameter",TRUE,NA,NA,"LUW","all_tokens",TRUE
"test-s512","mtld",6,6,NA,"missing","no_factor",TRUE,NA,NA,"LUW","all_tokens",TRUE
"test-s513","ttr",29,29,1,"ok",NA,FALSE,NA,NA,"LUW","all_tokens",TRUE
"test-s513","mattr",29,29,NA,"missing","too_short_for_requested_parameter",TRUE,NA,NA,"LUW","all_tokens",TRUE
"test-s513","mtld",29,29,NA,"missing","no_factor",TRUE,NA,NA,"LUW","all_tokens",TRUE
"test-s514","ttr",16,15,0.9375,"ok",NA,FALSE,NA,NA,"LUW","all_tokens",TRUE
"test-s514","mattr",16,15,NA,"missing","too_short_for_requested_parameter",TRUE,NA,NA,"LUW","all_tokens",TRUE
"test-s514","mtld",16,15,71.68,"ok",NA,TRUE,TRUE,0,"LUW","all_tokens",TRUE
"test-s515","ttr",21,19,0.904761904761905,"ok",NA,FALSE,NA,NA,"LUW","all_tokens",TRUE
"test-s515","mattr",21,19,NA,"missing","too_short_for_requested_parameter",TRUE,NA,NA,"LUW","all_tokens",TRUE
"test-s515","mtld",21,19,61.74,"ok",NA,TRUE,TRUE,0,"LUW","all_tokens",TRUE
"test-s516","ttr",5,5,1,"ok",NA,FALSE,NA,NA,"LUW","all_tokens",TRUE
"test-s516","mattr",5,5,NA,"missing","too_short_for_requested_parameter",TRUE,NA,NA,"LUW","all_tokens",TRUE
"test-s516","mtld",5,5,NA,"missing","no_factor",TRUE,NA,NA,"LUW","all_tokens",TRUE
"test-s517","ttr",11,11,1,"ok",NA,FALSE,NA,NA,"LUW","all_tokens",TRUE
"test-s517","mattr",11,11,NA,"missing","too_short_for_requested_parameter",TRUE,NA,NA,"LUW","all_tokens",TRUE
"test-s517","mtld",11,11,NA,"missing","no_factor",TRUE,NA,NA,"LUW","all_tokens",TRUE
"test-s518","ttr",25,24,0.96,"ok",NA,FALSE,NA,NA,"LUW","all_tokens",TRUE
"test-s518","mattr",25,24,NA,"missing","too_short_for_requested_parameter",TRUE,NA,NA,"LUW","all_tokens",TRUE
"test-s518","mtld",25,24,175,"ok",NA,TRUE,TRUE,0,"LUW","all_tokens",TRUE
"test-s519","ttr",4,4,1,"ok",NA,FALSE,NA,NA,"LUW","all_tokens",TRUE
"test-s519","mattr",4,4,NA,"missing","too_short_for_requested_parameter",TRUE,NA,NA,"LUW","all_tokens",TRUE
"test-s519","mtld",4,4,NA,"missing","no_factor",TRUE,NA,NA,"LUW","all_tokens",TRUE
"test-s520","ttr",21,21,1,"ok",NA,FALSE,NA,NA,"LUW","all_tokens",TRUE
"test-s520","mattr",21,21,NA,"missing","too_short_for_requested_parameter",TRUE,NA,NA,"LUW","all_tokens",TRUE
"test-s520","mtld",21,21,NA,"missing","no_factor",TRUE,NA,NA,"LUW","all_tokens",TRUE
"test-s521","ttr",20,18,0.9,"ok",NA,FALSE,NA,NA,"LUW","all_tokens",TRUE
"test-s521","mattr",20,18,NA,"missing","too_short_for_requested_parameter",TRUE,NA,NA,"LUW","all_tokens",TRUE
"test-s521","mtld",20,18,56,"ok",NA,TRUE,TRUE,0,"LUW","all_tokens",TRUE
"test-s522","ttr",13,13,1,"ok",NA,FALSE,NA,NA,"LUW","all_tokens",TRUE
"test-s522","mattr",13,13,NA,"missing","too_short_for_requested_parameter",TRUE,NA,NA,"LUW","all_tokens",TRUE
"test-s522","mtld",13,13,NA,"missing","no_factor",TRUE,NA,NA,"LUW","all_tokens",TRUE
"test-s523","ttr",28,23,0.821428571428571,"ok",NA,FALSE,NA,NA,"LUW","all_tokens",TRUE
"test-s523","mattr",28,23,NA,"missing","too_short_for_requested_parameter",TRUE,NA,NA,"LUW","all_tokens",TRUE
"test-s523","mtld",28,23,43.904,"ok",NA,TRUE,TRUE,0,"LUW","all_tokens",TRUE
"test-s524","ttr",13,12,0.923076923076923,"ok",NA,FALSE,NA,NA,"LUW","all_tokens",TRUE
"test-s524","mattr",13,12,NA,"missing","too_short_for_requested_parameter",TRUE,NA,NA,"LUW","all_tokens",TRUE
"test-s524","mtld",13,12,47.32,"ok",NA,TRUE,TRUE,0,"LUW","all_tokens",TRUE
"test-s525","ttr",31,27,0.870967741935484,"ok",NA,FALSE,NA,NA,"LUW","all_tokens",TRUE
"test-s525","mattr",31,27,NA,"missing","too_short_for_requested_parameter",TRUE,NA,NA,"LUW","all_tokens",TRUE
"test-s525","mtld",31,27,67.27,"ok",NA,TRUE,TRUE,0,"LUW","all_tokens",TRUE
"test-s526","ttr",26,21,0.807692307692308,"ok",NA,FALSE,NA,NA,"LUW","all_tokens",TRUE
"test-s526","mattr",26,21,NA,"missing","too_short_for_requested_parameter",TRUE,NA,NA,"LUW","all_tokens",TRUE
"test-s526","mtld",26,21,37.856,"ok",NA,TRUE,TRUE,0,"LUW","all_tokens",TRUE
"test-s527","ttr",39,30,0.769230769230769,"ok",NA,FALSE,NA,NA,"LUW","all_tokens",TRUE
"test-s527","mattr",39,30,NA,"missing","too_short_for_requested_parameter",TRUE,NA,NA,"LUW","all_tokens",TRUE
"test-s527","mtld",39,30,47.32,"ok",NA,TRUE,TRUE,0,"LUW","all_tokens",TRUE
"test-s528","ttr",35,25,0.714285714285714,"ok",NA,FALSE,NA,NA,"LUW","all_tokens",TRUE
"test-s528","mattr",35,25,NA,"missing","too_short_for_requested_parameter",TRUE,NA,NA,"LUW","all_tokens",TRUE
"test-s528","mtld",35,25,35,"ok",NA,TRUE,FALSE,0,"LUW","all_tokens",TRUE
"test-s529","ttr",8,8,1,"ok",NA,FALSE,NA,NA,"LUW","all_tokens",TRUE
"test-s529","mattr",8,8,NA,"missing","too_short_for_requested_parameter",TRUE,NA,NA,"LUW","all_tokens",TRUE
"test-s529","mtld",8,8,NA,"missing","no_factor",TRUE,NA,NA,"LUW","all_tokens",TRUE
"test-s530","ttr",11,11,1,"ok",NA,FALSE,NA,NA,"LUW","all_tokens",TRUE
"test-s530","mattr",11,11,NA,"missing","too_short_for_requested_parameter",TRUE,NA,NA,"LUW","all_tokens",TRUE
"test-s530","mtld",11,11,NA,"missing","no_factor",TRUE,NA,NA,"LUW","all_tokens",TRUE
"test-s531","ttr",4,4,1,"ok",NA,FALSE,NA,NA,"LUW","all_tokens",TRUE
"test-s531","mattr",4,4,NA,"missing","too_short_for_requested_parameter",TRUE,NA,NA,"LUW","all_tokens",TRUE
"test-s531","mtld",4,4,NA,"missing","no_factor",TRUE,NA,NA,"LUW","all_tokens",TRUE
"test-s532","ttr",26,23,0.884615384615385,"ok",NA,FALSE,NA,NA,"LUW","all_tokens",TRUE
"test-s532","mattr",26,23,NA,"missing","too_short_for_requested_parameter",TRUE,NA,NA,"LUW","all_tokens",TRUE
"test-s532","mtld",26,23,63.0933333333333,"ok",NA,TRUE,TRUE,0,"LUW","all_tokens",TRUE
"test-s533","ttr",9,8,0.888888888888889,"ok",NA,FALSE,NA,NA,"LUW","all_tokens",TRUE
"test-s533","mattr",9,8,NA,"missing","too_short_for_requested_parameter",TRUE,NA,NA,"LUW","all_tokens",TRUE
"test-s533","mtld",9,8,22.68,"ok",NA,TRUE,TRUE,0,"LUW","all_tokens",TRUE
"test-s534","ttr",30,27,0.9,"ok",NA,FALSE,NA,NA,"LUW","all_tokens",TRUE
"test-s534","mattr",30,27,NA,"missing","too_short_for_requested_parameter",TRUE,NA,NA,"LUW","all_tokens",TRUE
"test-s534","mtld",30,27,84,"ok",NA,TRUE,TRUE,0,"LUW","all_tokens",TRUE
"test-s535","ttr",17,16,0.941176470588235,"ok",NA,FALSE,NA,NA,"LUW","all_tokens",TRUE
"test-s535","mattr",17,16,NA,"missing","too_short_for_requested_parameter",TRUE,NA,NA,"LUW","all_tokens",TRUE
"test-s535","mtld",17,16,80.92,"ok",NA,TRUE,TRUE,0,"LUW","all_tokens",TRUE
"test-s536","ttr",27,24,0.888888888888889,"ok",NA,FALSE,NA,NA,"LUW","all_tokens",TRUE
"test-s536","mattr",27,24,NA,"missing","too_short_for_requested_parameter",TRUE,NA,NA,"LUW","all_tokens",TRUE
"test-s536","mtld",27,24,68.04,"ok",NA,TRUE,TRUE,0,"LUW","all_tokens",TRUE
"test-s537","ttr",25,24,0.96,"ok",NA,FALSE,NA,NA,"LUW","all_tokens",TRUE
"test-s537","mattr",25,24,NA,"missing","too_short_for_requested_parameter",TRUE,NA,NA,"LUW","all_tokens",TRUE
"test-s537","mtld",25,24,175,"ok",NA,TRUE,TRUE,0,"LUW","all_tokens",TRUE
"test-s538","ttr",25,22,0.88,"ok",NA,FALSE,NA,NA,"LUW","all_tokens",TRUE
"test-s538","mattr",25,22,NA,"missing","too_short_for_requested_parameter",TRUE,NA,NA,"LUW","all_tokens",TRUE
"test-s538","mtld",25,22,58.3333333333333,"ok",NA,TRUE,TRUE,0,"LUW","all_tokens",TRUE
"test-s539","ttr",31,28,0.903225806451613,"ok",NA,FALSE,NA,NA,"LUW","all_tokens",TRUE
"test-s539","mattr",31,28,NA,"missing","too_short_for_requested_parameter",TRUE,NA,NA,"LUW","all_tokens",TRUE
"test-s539","mtld",31,28,89.6933333333333,"ok",NA,TRUE,TRUE,0,"LUW","all_tokens",TRUE
"test-s540","ttr",16,15,0.9375,"ok",NA,FALSE,NA,NA,"LUW","all_tokens",TRUE
"test-s540","mattr",16,15,NA,"missing","too_short_for_requested_parameter",TRUE,NA,NA,"LUW","all_tokens",TRUE
"test-s540","mtld",16,15,71.68,"ok",NA,TRUE,TRUE,0,"LUW","all_tokens",TRUE
"test-s541","ttr",32,27,0.84375,"ok",NA,FALSE,NA,NA,"LUW","all_tokens",TRUE
"test-s541","mattr",32,27,NA,"missing","too_short_for_requested_parameter",TRUE,NA,NA,"LUW","all_tokens",TRUE
"test-s541","mtld",32,27,57.344,"ok",NA,TRUE,TRUE,0,"LUW","all_tokens",TRUE
"test-s542","ttr",15,14,0.933333333333333,"ok",NA,FALSE,NA,NA,"LUW","all_tokens",TRUE
"test-s542","mattr",15,14,NA,"missing","too_short_for_requested_parameter",TRUE,NA,NA,"LUW","all_tokens",TRUE
"test-s542","mtld",15,14,63,"ok",NA,TRUE,TRUE,0,"LUW","all_tokens",TRUE
"test-s543","ttr",15,14,0.933333333333333,"ok",NA,FALSE,NA,NA,"LUW","all_tokens",TRUE
"test-s543","mattr",15,14,NA,"missing","too_short_for_requested_parameter",TRUE,NA,NA,"LUW","all_tokens",TRUE
"test-s543","mtld",15,14,63,"ok",NA,TRUE,TRUE,0,"LUW","all_tokens",TRUE
"test-s544","ttr",6,6,1,"ok",NA,FALSE,NA,NA,"LUW","all_tokens",TRUE
"test-s544","mattr",6,6,NA,"missing","too_short_for_requested_parameter",TRUE,NA,NA,"LUW","all_tokens",TRUE
"test-s544","mtld",6,6,NA,"missing","no_factor",TRUE,NA,NA,"LUW","all_tokens",TRUE
"test-s545","ttr",32,27,0.84375,"ok",NA,FALSE,NA,NA,"LUW","all_tokens",TRUE
"test-s545","mattr",32,27,NA,"missing","too_short_for_requested_parameter",TRUE,NA,NA,"LUW","all_tokens",TRUE
"test-s545","mtld",32,27,57.344,"ok",NA,TRUE,TRUE,0,"LUW","all_tokens",TRUE
"test-s546","ttr",32,27,0.84375,"ok",NA,FALSE,NA,NA,"LUW","all_tokens",TRUE
"test-s546","mattr",32,27,NA,"missing","too_short_for_requested_parameter",TRUE,NA,NA,"LUW","all_tokens",TRUE
"test-s546","mtld",32,27,57.344,"ok",NA,TRUE,TRUE,0,"LUW","all_tokens",TRUE
"test-s547","ttr",4,4,1,"ok",NA,FALSE,NA,NA,"LUW","all_tokens",TRUE
"test-s547","mattr",4,4,NA,"missing","too_short_for_requested_parameter",TRUE,NA,NA,"LUW","all_tokens",TRUE
"test-s547","mtld",4,4,NA,"missing","no_factor",TRUE,NA,NA,"LUW","all_tokens",TRUE
"test-s548","ttr",2,2,1,"ok",NA,FALSE,NA,NA,"LUW","all_tokens",TRUE
"test-s548","mattr",2,2,NA,"missing","too_short_for_requested_parameter",TRUE,NA,NA,"LUW","all_tokens",TRUE
"test-s548","mtld",2,2,NA,"missing","no_factor",TRUE,NA,NA,"LUW","all_tokens",TRUE
"test-s549","ttr",8,8,1,"ok",NA,FALSE,NA,NA,"LUW","all_tokens",TRUE
"test-s549","mattr",8,8,NA,"missing","too_short_for_requested_parameter",TRUE,NA,NA,"LUW","all_tokens",TRUE
"test-s549","mtld",8,8,NA,"missing","no_factor",TRUE,NA,NA,"LUW","all_tokens",TRUE
"test-s550","ttr",20,19,0.95,"ok",NA,FALSE,NA,NA,"LUW","all_tokens",TRUE
"test-s550","mattr",20,19,NA,"missing","too_short_for_requested_parameter",TRUE,NA,NA,"LUW","all_tokens",TRUE
"test-s550","mtld",20,19,112,"ok",NA,TRUE,TRUE,0,"LUW","all_tokens",TRUE
"test-s551","ttr",16,14,0.875,"ok",NA,FALSE,NA,NA,"LUW","all_tokens",TRUE
"test-s551","mattr",16,14,NA,"missing","too_short_for_requested_parameter",TRUE,NA,NA,"LUW","all_tokens",TRUE
"test-s551","mtld",16,14,35.84,"ok",NA,TRUE,TRUE,0,"LUW","all_tokens",TRUE
"test-s552","ttr",26,24,0.923076923076923,"ok",NA,FALSE,NA,NA,"LUW","all_tokens",TRUE
"test-s552","mattr",26,24,NA,"missing","too_short_for_requested_parameter",TRUE,NA,NA,"LUW","all_tokens",TRUE
"test-s552","mtld",26,24,94.6400000000001,"ok",NA,TRUE,TRUE,0,"LUW","all_tokens",TRUE
"test-s553","ttr",8,8,1,"ok",NA,FALSE,NA,NA,"LUW","all_tokens",TRUE
"test-s553","mattr",8,8,NA,"missing","too_short_for_requested_parameter",TRUE,NA,NA,"LUW","all_tokens",TRUE
"test-s553","mtld",8,8,NA,"missing","no_factor",TRUE,NA,NA,"LUW","all_tokens",TRUE
"test-s554","ttr",25,22,0.88,"ok",NA,FALSE,NA,NA,"LUW","all_tokens",TRUE
"test-s554","mattr",25,22,NA,"missing","too_short_for_requested_parameter",TRUE,NA,NA,"LUW","all_tokens",TRUE
"test-s554","mtld",25,22,58.3333333333333,"ok",NA,TRUE,TRUE,0,"LUW","all_tokens",TRUE
"test-s555","ttr",26,24,0.923076923076923,"ok",NA,FALSE,NA,NA,"LUW","all_tokens",TRUE
"test-s555","mattr",26,24,NA,"missing","too_short_for_requested_parameter",TRUE,NA,NA,"LUW","all_tokens",TRUE
"test-s555","mtld",26,24,94.6400000000001,"ok",NA,TRUE,TRUE,0,"LUW","all_tokens",TRUE
"test-s556","ttr",36,27,0.75,"ok",NA,FALSE,NA,NA,"LUW","all_tokens",TRUE
"test-s556","mattr",36,27,NA,"missing","too_short_for_requested_parameter",TRUE,NA,NA,"LUW","all_tokens",TRUE
"test-s556","mtld",36,27,40.32,"ok",NA,TRUE,TRUE,0,"LUW","all_tokens",TRUE
"test-s557","ttr",20,17,0.85,"ok",NA,FALSE,NA,NA,"LUW","all_tokens",TRUE
"test-s557","mattr",20,17,NA,"missing","too_short_for_requested_parameter",TRUE,NA,NA,"LUW","all_tokens",TRUE
"test-s557","mtld",20,17,37.3333333333333,"ok",NA,TRUE,TRUE,0,"LUW","all_tokens",TRUE
"test-s1","ttr",30,25,0.833333333333333,"ok",NA,FALSE,NA,NA,"SUW","exclude_PUNCT_SYM",TRUE
"test-s1","mattr",30,25,NA,"missing","too_short_for_requested_parameter",TRUE,NA,NA,"SUW","exclude_PUNCT_SYM",TRUE
"test-s1","mtld",30,25,50.4,"ok",NA,TRUE,TRUE,0,"SUW","exclude_PUNCT_SYM",TRUE
"test-s2","ttr",20,18,0.9,"ok",NA,FALSE,NA,NA,"SUW","exclude_PUNCT_SYM",TRUE
"test-s2","mattr",20,18,NA,"missing","too_short_for_requested_parameter",TRUE,NA,NA,"SUW","exclude_PUNCT_SYM",TRUE
"test-s2","mtld",20,18,56,"ok",NA,TRUE,TRUE,0,"SUW","exclude_PUNCT_SYM",TRUE
"test-s3","ttr",14,11,0.785714285714286,"ok",NA,FALSE,NA,NA,"SUW","exclude_PUNCT_SYM",TRUE
"test-s3","mattr",14,11,NA,"missing","too_short_for_requested_parameter",TRUE,NA,NA,"SUW","exclude_PUNCT_SYM",TRUE
"test-s3","mtld",14,11,18.2933333333333,"ok",NA,TRUE,TRUE,0,"SUW","exclude_PUNCT_SYM",TRUE
"test-s4","ttr",12,12,1,"ok",NA,FALSE,NA,NA,"SUW","exclude_PUNCT_SYM",TRUE
"test-s4","mattr",12,12,NA,"missing","too_short_for_requested_parameter",TRUE,NA,NA,"SUW","exclude_PUNCT_SYM",TRUE
"test-s4","mtld",12,12,NA,"missing","no_factor",TRUE,NA,NA,"SUW","exclude_PUNCT_SYM",TRUE
"test-s5","ttr",12,10,0.833333333333333,"ok",NA,FALSE,NA,NA,"SUW","exclude_PUNCT_SYM",TRUE
"test-s5","mattr",12,10,NA,"missing","too_short_for_requested_parameter",TRUE,NA,NA,"SUW","exclude_PUNCT_SYM",TRUE
"test-s5","mtld",12,10,20.16,"ok",NA,TRUE,TRUE,0,"SUW","exclude_PUNCT_SYM",TRUE
"test-s6","ttr",6,6,1,"ok",NA,FALSE,NA,NA,"SUW","exclude_PUNCT_SYM",TRUE
"test-s6","mattr",6,6,NA,"missing","too_short_for_requested_parameter",TRUE,NA,NA,"SUW","exclude_PUNCT_SYM",TRUE
"test-s6","mtld",6,6,NA,"missing","no_factor",TRUE,NA,NA,"SUW","exclude_PUNCT_SYM",TRUE
"test-s7","ttr",15,15,1,"ok",NA,FALSE,NA,NA,"SUW","exclude_PUNCT_SYM",TRUE
"test-s7","mattr",15,15,NA,"missing","too_short_for_requested_parameter",TRUE,NA,NA,"SUW","exclude_PUNCT_SYM",TRUE
"test-s7","mtld",15,15,NA,"missing","no_factor",TRUE,NA,NA,"SUW","exclude_PUNCT_SYM",TRUE
"test-s8","ttr",34,26,0.764705882352941,"ok",NA,FALSE,NA,NA,"SUW","exclude_PUNCT_SYM",TRUE
"test-s8","mattr",34,26,NA,"missing","too_short_for_requested_parameter",TRUE,NA,NA,"SUW","exclude_PUNCT_SYM",TRUE
"test-s8","mtld",34,26,37.23,"ok",NA,TRUE,TRUE,17.351598173516,"SUW","exclude_PUNCT_SYM",TRUE
"test-s9","ttr",11,11,1,"ok",NA,FALSE,NA,NA,"SUW","exclude_PUNCT_SYM",TRUE
"test-s9","mattr",11,11,NA,"missing","too_short_for_requested_parameter",TRUE,NA,NA,"SUW","exclude_PUNCT_SYM",TRUE
"test-s9","mtld",11,11,NA,"missing","no_factor",TRUE,NA,NA,"SUW","exclude_PUNCT_SYM",TRUE
"test-s10","ttr",10,9,0.9,"ok",NA,FALSE,NA,NA,"SUW","exclude_PUNCT_SYM",TRUE
"test-s10","mattr",10,9,NA,"missing","too_short_for_requested_parameter",TRUE,NA,NA,"SUW","exclude_PUNCT_SYM",TRUE
"test-s10","mtld",10,9,28,"ok",NA,TRUE,TRUE,0,"SUW","exclude_PUNCT_SYM",TRUE
"test-s11","ttr",33,31,0.93939393939394,"ok",NA,FALSE,NA,NA,"SUW","exclude_PUNCT_SYM",TRUE
"test-s11","mattr",33,31,NA,"missing","too_short_for_requested_parameter",TRUE,NA,NA,"SUW","exclude_PUNCT_SYM",TRUE
"test-s11","mtld",33,31,152.46,"ok",NA,TRUE,TRUE,0,"SUW","exclude_PUNCT_SYM",TRUE
"test-s12","ttr",9,9,1,"ok",NA,FALSE,NA,NA,"SUW","exclude_PUNCT_SYM",TRUE
"test-s12","mattr",9,9,NA,"missing","too_short_for_requested_parameter",TRUE,NA,NA,"SUW","exclude_PUNCT_SYM",TRUE
"test-s12","mtld",9,9,NA,"missing","no_factor",TRUE,NA,NA,"SUW","exclude_PUNCT_SYM",TRUE
"test-s13","ttr",5,5,1,"ok",NA,FALSE,NA,NA,"SUW","exclude_PUNCT_SYM",TRUE
"test-s13","mattr",5,5,NA,"missing","too_short_for_requested_parameter",TRUE,NA,NA,"SUW","exclude_PUNCT_SYM",TRUE
"test-s13","mtld",5,5,NA,"missing","no_factor",TRUE,NA,NA,"SUW","exclude_PUNCT_SYM",TRUE
"test-s14","ttr",10,10,1,"ok",NA,FALSE,NA,NA,"SUW","exclude_PUNCT_SYM",TRUE
"test-s14","mattr",10,10,NA,"missing","too_short_for_requested_parameter",TRUE,NA,NA,"SUW","exclude_PUNCT_SYM",TRUE
"test-s14","mtld",10,10,NA,"missing","no_factor",TRUE,NA,NA,"SUW","exclude_PUNCT_SYM",TRUE
"test-s15","ttr",13,13,1,"ok",NA,FALSE,NA,NA,"SUW","exclude_PUNCT_SYM",TRUE
"test-s15","mattr",13,13,NA,"missing","too_short_for_requested_parameter",TRUE,NA,NA,"SUW","exclude_PUNCT_SYM",TRUE
"test-s15","mtld",13,13,NA,"missing","no_factor",TRUE,NA,NA,"SUW","exclude_PUNCT_SYM",TRUE
"test-s16","ttr",9,9,1,"ok",NA,FALSE,NA,NA,"SUW","exclude_PUNCT_SYM",TRUE
"test-s16","mattr",9,9,NA,"missing","too_short_for_requested_parameter",TRUE,NA,NA,"SUW","exclude_PUNCT_SYM",TRUE
"test-s16","mtld",9,9,NA,"missing","no_factor",TRUE,NA,NA,"SUW","exclude_PUNCT_SYM",TRUE
"test-s17","ttr",17,14,0.823529411764706,"ok",NA,FALSE,NA,NA,"SUW","exclude_PUNCT_SYM",TRUE
"test-s17","mattr",17,14,NA,"missing","too_short_for_requested_parameter",TRUE,NA,NA,"SUW","exclude_PUNCT_SYM",TRUE
"test-s17","mtld",17,14,20.037125382263,"ok",NA,TRUE,TRUE,69.2335633853977,"SUW","exclude_PUNCT_SYM",TRUE
"test-s18","ttr",17,16,0.941176470588235,"ok",NA,FALSE,NA,NA,"SUW","exclude_PUNCT_SYM",TRUE
"test-s18","mattr",17,16,NA,"missing","too_short_for_requested_parameter",TRUE,NA,NA,"SUW","exclude_PUNCT_SYM",TRUE
"test-s18","mtld",17,16,80.92,"ok",NA,TRUE,TRUE,0,"SUW","exclude_PUNCT_SYM",TRUE
"test-s19","ttr",15,13,0.866666666666667,"ok",NA,FALSE,NA,NA,"SUW","exclude_PUNCT_SYM",TRUE
"test-s19","mattr",15,13,NA,"missing","too_short_for_requested_parameter",TRUE,NA,NA,"SUW","exclude_PUNCT_SYM",TRUE
"test-s19","mtld",15,13,31.5,"ok",NA,TRUE,TRUE,0,"SUW","exclude_PUNCT_SYM",TRUE
"test-s20","ttr",2,2,1,"ok",NA,FALSE,NA,NA,"SUW","exclude_PUNCT_SYM",TRUE
"test-s20","mattr",2,2,NA,"missing","too_short_for_requested_parameter",TRUE,NA,NA,"SUW","exclude_PUNCT_SYM",TRUE
"test-s20","mtld",2,2,NA,"missing","no_factor",TRUE,NA,NA,"SUW","exclude_PUNCT_SYM",TRUE
"test-s21","ttr",28,26,0.928571428571429,"ok",NA,FALSE,NA,NA,"SUW","exclude_PUNCT_SYM",TRUE
"test-s21","mattr",28,26,NA,"missing","too_short_for_requested_parameter",TRUE,NA,NA,"SUW","exclude_PUNCT_SYM",TRUE
"test-s21","mtld",28,26,109.76,"ok",NA,TRUE,TRUE,0,"SUW","exclude_PUNCT_SYM",TRUE
"test-s22","ttr",19,18,0.947368421052632,"ok",NA,FALSE,NA,NA,"SUW","exclude_PUNCT_SYM",TRUE
"test-s22","mattr",19,18,NA,"missing","too_short_for_requested_parameter",TRUE,NA,NA,"SUW","exclude_PUNCT_SYM",TRUE
"test-s22","mtld",19,18,101.08,"ok",NA,TRUE,TRUE,0,"SUW","exclude_PUNCT_SYM",TRUE
"test-s23","ttr",24,19,0.791666666666667,"ok",NA,FALSE,NA,NA,"SUW","exclude_PUNCT_SYM",TRUE
"test-s23","mattr",24,19,NA,"missing","too_short_for_requested_parameter",TRUE,NA,NA,"SUW","exclude_PUNCT_SYM",TRUE
"test-s23","mtld",24,19,32.256,"ok",NA,TRUE,TRUE,0,"SUW","exclude_PUNCT_SYM",TRUE
"test-s24","ttr",11,11,1,"ok",NA,FALSE,NA,NA,"SUW","exclude_PUNCT_SYM",TRUE
"test-s24","mattr",11,11,NA,"missing","too_short_for_requested_parameter",TRUE,NA,NA,"SUW","exclude_PUNCT_SYM",TRUE
"test-s24","mtld",11,11,NA,"missing","no_factor",TRUE,NA,NA,"SUW","exclude_PUNCT_SYM",TRUE
"test-s25","ttr",17,17,1,"ok",NA,FALSE,NA,NA,"SUW","exclude_PUNCT_SYM",TRUE
"test-s25","mattr",17,17,NA,"missing","too_short_for_requested_parameter",TRUE,NA,NA,"SUW","exclude_PUNCT_SYM",TRUE
"test-s25","mtld",17,17,NA,"missing","no_factor",TRUE,NA,NA,"SUW","exclude_PUNCT_SYM",TRUE
"test-s26","ttr",5,5,1,"ok",NA,FALSE,NA,NA,"SUW","exclude_PUNCT_SYM",TRUE
"test-s26","mattr",5,5,NA,"missing","too_short_for_requested_parameter",TRUE,NA,NA,"SUW","exclude_PUNCT_SYM",TRUE
"test-s26","mtld",5,5,NA,"missing","no_factor",TRUE,NA,NA,"SUW","exclude_PUNCT_SYM",TRUE
"test-s27","ttr",16,16,1,"ok",NA,FALSE,NA,NA,"SUW","exclude_PUNCT_SYM",TRUE
"test-s27","mattr",16,16,NA,"missing","too_short_for_requested_parameter",TRUE,NA,NA,"SUW","exclude_PUNCT_SYM",TRUE
"test-s27","mtld",16,16,NA,"missing","no_factor",TRUE,NA,NA,"SUW","exclude_PUNCT_SYM",TRUE
"test-s28","ttr",9,9,1,"ok",NA,FALSE,NA,NA,"SUW","exclude_PUNCT_SYM",TRUE
"test-s28","mattr",9,9,NA,"missing","too_short_for_requested_parameter",TRUE,NA,NA,"SUW","exclude_PUNCT_SYM",TRUE
"test-s28","mtld",9,9,NA,"missing","no_factor",TRUE,NA,NA,"SUW","exclude_PUNCT_SYM",TRUE
"test-s29","ttr",16,15,0.9375,"ok",NA,FALSE,NA,NA,"SUW","exclude_PUNCT_SYM",TRUE
"test-s29","mattr",16,15,NA,"missing","too_short_for_requested_parameter",TRUE,NA,NA,"SUW","exclude_PUNCT_SYM",TRUE
"test-s29","mtld",16,15,71.68,"ok",NA,TRUE,TRUE,0,"SUW","exclude_PUNCT_SYM",TRUE
"test-s30","ttr",11,11,1,"ok",NA,FALSE,NA,NA,"SUW","exclude_PUNCT_SYM",TRUE
"test-s30","mattr",11,11,NA,"missing","too_short_for_requested_parameter",TRUE,NA,NA,"SUW","exclude_PUNCT_SYM",TRUE
"test-s30","mtld",11,11,NA,"missing","no_factor",TRUE,NA,NA,"SUW","exclude_PUNCT_SYM",TRUE
"test-s31","ttr",2,2,1,"ok",NA,FALSE,NA,NA,"SUW","exclude_PUNCT_SYM",TRUE
"test-s31","mattr",2,2,NA,"missing","too_short_for_requested_parameter",TRUE,NA,NA,"SUW","exclude_PUNCT_SYM",TRUE
"test-s31","mtld",2,2,NA,"missing","no_factor",TRUE,NA,NA,"SUW","exclude_PUNCT_SYM",TRUE
"test-s32","ttr",26,19,0.730769230769231,"ok",NA,FALSE,NA,NA,"SUW","exclude_PUNCT_SYM",TRUE
"test-s32","mattr",26,19,NA,"missing","too_short_for_requested_parameter",TRUE,NA,NA,"SUW","exclude_PUNCT_SYM",TRUE
"test-s32","mtld",26,19,26.52,"ok",NA,TRUE,TRUE,3.92156862745098,"SUW","exclude_PUNCT_SYM",TRUE
"test-s33","ttr",6,6,1,"ok",NA,FALSE,NA,NA,"SUW","exclude_PUNCT_SYM",TRUE
"test-s33","mattr",6,6,NA,"missing","too_short_for_requested_parameter",TRUE,NA,NA,"SUW","exclude_PUNCT_SYM",TRUE
"test-s33","mtld",6,6,NA,"missing","no_factor",TRUE,NA,NA,"SUW","exclude_PUNCT_SYM",TRUE
"test-s34","ttr",35,28,0.8,"ok",NA,FALSE,NA,NA,"SUW","exclude_PUNCT_SYM",TRUE
"test-s34","mattr",35,28,NA,"missing","too_short_for_requested_parameter",TRUE,NA,NA,"SUW","exclude_PUNCT_SYM",TRUE
"test-s34","mtld",35,28,49,"ok",NA,TRUE,TRUE,0,"SUW","exclude_PUNCT_SYM",TRUE
"test-s35","ttr",10,10,1,"ok",NA,FALSE,NA,NA,"SUW","exclude_PUNCT_SYM",TRUE
"test-s35","mattr",10,10,NA,"missing","too_short_for_requested_parameter",TRUE,NA,NA,"SUW","exclude_PUNCT_SYM",TRUE
"test-s35","mtld",10,10,NA,"missing","no_factor",TRUE,NA,NA,"SUW","exclude_PUNCT_SYM",TRUE
"test-s36","ttr",9,9,1,"ok",NA,FALSE,NA,NA,"SUW","exclude_PUNCT_SYM",TRUE
"test-s36","mattr",9,9,NA,"missing","too_short_for_requested_parameter",TRUE,NA,NA,"SUW","exclude_PUNCT_SYM",TRUE
"test-s36","mtld",9,9,NA,"missing","no_factor",TRUE,NA,NA,"SUW","exclude_PUNCT_SYM",TRUE
"test-s37","ttr",7,7,1,"ok",NA,FALSE,NA,NA,"SUW","exclude_PUNCT_SYM",TRUE
"test-s37","mattr",7,7,NA,"missing","too_short_for_requested_parameter",TRUE,NA,NA,"SUW","exclude_PUNCT_SYM",TRUE
"test-s37","mtld",7,7,NA,"missing","no_factor",TRUE,NA,NA,"SUW","exclude_PUNCT_SYM",TRUE
"test-s38","ttr",18,17,0.944444444444444,"ok",NA,FALSE,NA,NA,"SUW","exclude_PUNCT_SYM",TRUE
"test-s38","mattr",18,17,NA,"missing","too_short_for_requested_parameter",TRUE,NA,NA,"SUW","exclude_PUNCT_SYM",TRUE
"test-s38","mtld",18,17,90.72,"ok",NA,TRUE,TRUE,0,"SUW","exclude_PUNCT_SYM",TRUE
"test-s39","ttr",8,8,1,"ok",NA,FALSE,NA,NA,"SUW","exclude_PUNCT_SYM",TRUE
"test-s39","mattr",8,8,NA,"missing","too_short_for_requested_parameter",TRUE,NA,NA,"SUW","exclude_PUNCT_SYM",TRUE
"test-s39","mtld",8,8,NA,"missing","no_factor",TRUE,NA,NA,"SUW","exclude_PUNCT_SYM",TRUE
"test-s40","ttr",41,30,0.731707317073171,"ok",NA,FALSE,NA,NA,"SUW","exclude_PUNCT_SYM",TRUE
"test-s40","mattr",41,30,NA,"missing","too_short_for_requested_parameter",TRUE,NA,NA,"SUW","exclude_PUNCT_SYM",TRUE
"test-s40","mtld",41,30,41,"ok",NA,TRUE,FALSE,0,"SUW","exclude_PUNCT_SYM",TRUE
"test-s41","ttr",18,17,0.944444444444444,"ok",NA,FALSE,NA,NA,"SUW","exclude_PUNCT_SYM",TRUE
"test-s41","mattr",18,17,NA,"missing","too_short_for_requested_parameter",TRUE,NA,NA,"SUW","exclude_PUNCT_SYM",TRUE
"test-s41","mtld",18,17,90.72,"ok",NA,TRUE,TRUE,0,"SUW","exclude_PUNCT_SYM",TRUE
"test-s42","ttr",13,11,0.846153846153846,"ok",NA,FALSE,NA,NA,"SUW","exclude_PUNCT_SYM",TRUE
"test-s42","mattr",13,11,NA,"missing","too_short_for_requested_parameter",TRUE,NA,NA,"SUW","exclude_PUNCT_SYM",TRUE
"test-s42","mtld",13,11,23.66,"ok",NA,TRUE,TRUE,0,"SUW","exclude_PUNCT_SYM",TRUE
"test-s43","ttr",31,26,0.838709677419355,"ok",NA,FALSE,NA,NA,"SUW","exclude_PUNCT_SYM",FALSE
"test-s43","mattr",31,26,NA,"missing","too_short_for_requested_parameter",TRUE,NA,NA,"SUW","exclude_PUNCT_SYM",FALSE
"test-s43","mtld",31,26,53.816,"ok",NA,TRUE,TRUE,0,"SUW","exclude_PUNCT_SYM",FALSE
"test-s44","ttr",13,13,1,"ok",NA,FALSE,NA,NA,"SUW","exclude_PUNCT_SYM",TRUE
"test-s44","mattr",13,13,NA,"missing","too_short_for_requested_parameter",TRUE,NA,NA,"SUW","exclude_PUNCT_SYM",TRUE
"test-s44","mtld",13,13,NA,"missing","no_factor",TRUE,NA,NA,"SUW","exclude_PUNCT_SYM",TRUE
"test-s45","ttr",8,8,1,"ok",NA,FALSE,NA,NA,"SUW","exclude_PUNCT_SYM",TRUE
"test-s45","mattr",8,8,NA,"missing","too_short_for_requested_parameter",TRUE,NA,NA,"SUW","exclude_PUNCT_SYM",TRUE
"test-s45","mtld",8,8,NA,"missing","no_factor",TRUE,NA,NA,"SUW","exclude_PUNCT_SYM",TRUE
"test-s46","ttr",12,12,1,"ok",NA,FALSE,NA,NA,"SUW","exclude_PUNCT_SYM",TRUE
"test-s46","mattr",12,12,NA,"missing","too_short_for_requested_parameter",TRUE,NA,NA,"SUW","exclude_PUNCT_SYM",TRUE
"test-s46","mtld",12,12,NA,"missing","no_factor",TRUE,NA,NA,"SUW","exclude_PUNCT_SYM",TRUE
"test-s47","ttr",23,20,0.869565217391304,"ok",NA,FALSE,NA,NA,"SUW","exclude_PUNCT_SYM",TRUE
"test-s47","mattr",23,20,NA,"missing","too_short_for_requested_parameter",TRUE,NA,NA,"SUW","exclude_PUNCT_SYM",TRUE
"test-s47","mtld",23,20,49.3733333333333,"ok",NA,TRUE,TRUE,0,"SUW","exclude_PUNCT_SYM",TRUE
"test-s48","ttr",26,24,0.923076923076923,"ok",NA,FALSE,NA,NA,"SUW","exclude_PUNCT_SYM",TRUE
"test-s48","mattr",26,24,NA,"missing","too_short_for_requested_parameter",TRUE,NA,NA,"SUW","exclude_PUNCT_SYM",TRUE
"test-s48","mtld",26,24,94.6400000000001,"ok",NA,TRUE,TRUE,0,"SUW","exclude_PUNCT_SYM",TRUE
"test-s49","ttr",14,14,1,"ok",NA,FALSE,NA,NA,"SUW","exclude_PUNCT_SYM",TRUE
"test-s49","mattr",14,14,NA,"missing","too_short_for_requested_parameter",TRUE,NA,NA,"SUW","exclude_PUNCT_SYM",TRUE
"test-s49","mtld",14,14,NA,"missing","no_factor",TRUE,NA,NA,"SUW","exclude_PUNCT_SYM",TRUE
"test-s50","ttr",13,12,0.923076923076923,"ok",NA,FALSE,NA,NA,"SUW","exclude_PUNCT_SYM",TRUE
"test-s50","mattr",13,12,NA,"missing","too_short_for_requested_parameter",TRUE,NA,NA,"SUW","exclude_PUNCT_SYM",TRUE
"test-s50","mtld",13,12,47.32,"ok",NA,TRUE,TRUE,0,"SUW","exclude_PUNCT_SYM",TRUE
"test-s51","ttr",15,15,1,"ok",NA,FALSE,NA,NA,"SUW","exclude_PUNCT_SYM",TRUE
"test-s51","mattr",15,15,NA,"missing","too_short_for_requested_parameter",TRUE,NA,NA,"SUW","exclude_PUNCT_SYM",TRUE
"test-s51","mtld",15,15,NA,"missing","no_factor",TRUE,NA,NA,"SUW","exclude_PUNCT_SYM",TRUE
"test-s52","ttr",29,19,0.655172413793103,"ok",NA,FALSE,NA,NA,"SUW","exclude_PUNCT_SYM",TRUE
"test-s52","mattr",29,19,NA,"missing","too_short_for_requested_parameter",TRUE,NA,NA,"SUW","exclude_PUNCT_SYM",TRUE
"test-s52","mtld",29,19,24.5246913580247,"ok",NA,TRUE,FALSE,36.4963503649635,"SUW","exclude_PUNCT_SYM",TRUE
"test-s53","ttr",15,13,0.866666666666667,"ok",NA,FALSE,NA,NA,"SUW","exclude_PUNCT_SYM",TRUE
"test-s53","mattr",15,13,NA,"missing","too_short_for_requested_parameter",TRUE,NA,NA,"SUW","exclude_PUNCT_SYM",TRUE
"test-s53","mtld",15,13,31.5,"ok",NA,TRUE,TRUE,0,"SUW","exclude_PUNCT_SYM",TRUE
"test-s54","ttr",10,10,1,"ok",NA,FALSE,NA,NA,"SUW","exclude_PUNCT_SYM",TRUE
"test-s54","mattr",10,10,NA,"missing","too_short_for_requested_parameter",TRUE,NA,NA,"SUW","exclude_PUNCT_SYM",TRUE
"test-s54","mtld",10,10,NA,"missing","no_factor",TRUE,NA,NA,"SUW","exclude_PUNCT_SYM",TRUE
"test-s55","ttr",14,14,1,"ok",NA,FALSE,NA,NA,"SUW","exclude_PUNCT_SYM",FALSE
"test-s55","mattr",14,14,NA,"missing","too_short_for_requested_parameter",TRUE,NA,NA,"SUW","exclude_PUNCT_SYM",FALSE
"test-s55","mtld",14,14,NA,"missing","no_factor",TRUE,NA,NA,"SUW","exclude_PUNCT_SYM",FALSE
"test-s56","ttr",15,13,0.866666666666667,"ok",NA,FALSE,NA,NA,"SUW","exclude_PUNCT_SYM",TRUE
"test-s56","mattr",15,13,NA,"missing","too_short_for_requested_parameter",TRUE,NA,NA,"SUW","exclude_PUNCT_SYM",TRUE
"test-s56","mtld",15,13,31.5,"ok",NA,TRUE,TRUE,0,"SUW","exclude_PUNCT_SYM",TRUE
"test-s57","ttr",16,14,0.875,"ok",NA,FALSE,NA,NA,"SUW","exclude_PUNCT_SYM",TRUE
"test-s57","mattr",16,14,NA,"missing","too_short_for_requested_parameter",TRUE,NA,NA,"SUW","exclude_PUNCT_SYM",TRUE
"test-s57","mtld",16,14,35.84,"ok",NA,TRUE,TRUE,0,"SUW","exclude_PUNCT_SYM",TRUE
"test-s58","ttr",5,5,1,"ok",NA,FALSE,NA,NA,"SUW","exclude_PUNCT_SYM",TRUE
"test-s58","mattr",5,5,NA,"missing","too_short_for_requested_parameter",TRUE,NA,NA,"SUW","exclude_PUNCT_SYM",TRUE
"test-s58","mtld",5,5,NA,"missing","no_factor",TRUE,NA,NA,"SUW","exclude_PUNCT_SYM",TRUE
"test-s59","ttr",16,16,1,"ok",NA,FALSE,NA,NA,"SUW","exclude_PUNCT_SYM",TRUE
"test-s59","mattr",16,16,NA,"missing","too_short_for_requested_parameter",TRUE,NA,NA,"SUW","exclude_PUNCT_SYM",TRUE
"test-s59","mtld",16,16,NA,"missing","no_factor",TRUE,NA,NA,"SUW","exclude_PUNCT_SYM",TRUE
"test-s60","ttr",16,15,0.9375,"ok",NA,FALSE,NA,NA,"SUW","exclude_PUNCT_SYM",TRUE
"test-s60","mattr",16,15,NA,"missing","too_short_for_requested_parameter",TRUE,NA,NA,"SUW","exclude_PUNCT_SYM",TRUE
"test-s60","mtld",16,15,71.68,"ok",NA,TRUE,TRUE,0,"SUW","exclude_PUNCT_SYM",TRUE
"test-s61","ttr",6,6,1,"ok",NA,FALSE,NA,NA,"SUW","exclude_PUNCT_SYM",TRUE
"test-s61","mattr",6,6,NA,"missing","too_short_for_requested_parameter",TRUE,NA,NA,"SUW","exclude_PUNCT_SYM",TRUE
"test-s61","mtld",6,6,NA,"missing","no_factor",TRUE,NA,NA,"SUW","exclude_PUNCT_SYM",TRUE
"test-s62","ttr",19,16,0.842105263157895,"ok",NA,FALSE,NA,NA,"SUW","exclude_PUNCT_SYM",TRUE
"test-s62","mattr",19,16,NA,"missing","too_short_for_requested_parameter",TRUE,NA,NA,"SUW","exclude_PUNCT_SYM",TRUE
"test-s62","mtld",19,16,33.6933333333333,"ok",NA,TRUE,TRUE,0,"SUW","exclude_PUNCT_SYM",TRUE
"test-s63","ttr",13,12,0.923076923076923,"ok",NA,FALSE,NA,NA,"SUW","exclude_PUNCT_SYM",TRUE
"test-s63","mattr",13,12,NA,"missing","too_short_for_requested_parameter",TRUE,NA,NA,"SUW","exclude_PUNCT_SYM",TRUE
"test-s63","mtld",13,12,47.32,"ok",NA,TRUE,TRUE,0,"SUW","exclude_PUNCT_SYM",TRUE
"test-s64","ttr",17,16,0.941176470588235,"ok",NA,FALSE,NA,NA,"SUW","exclude_PUNCT_SYM",TRUE
"test-s64","mattr",17,16,NA,"missing","too_short_for_requested_parameter",TRUE,NA,NA,"SUW","exclude_PUNCT_SYM",TRUE
"test-s64","mtld",17,16,80.92,"ok",NA,TRUE,TRUE,0,"SUW","exclude_PUNCT_SYM",TRUE
"test-s65","ttr",7,7,1,"ok",NA,FALSE,NA,NA,"SUW","exclude_PUNCT_SYM",TRUE
"test-s65","mattr",7,7,NA,"missing","too_short_for_requested_parameter",TRUE,NA,NA,"SUW","exclude_PUNCT_SYM",TRUE
"test-s65","mtld",7,7,NA,"missing","no_factor",TRUE,NA,NA,"SUW","exclude_PUNCT_SYM",TRUE
"test-s66","ttr",6,6,1,"ok",NA,FALSE,NA,NA,"SUW","exclude_PUNCT_SYM",TRUE
"test-s66","mattr",6,6,NA,"missing","too_short_for_requested_parameter",TRUE,NA,NA,"SUW","exclude_PUNCT_SYM",TRUE
"test-s66","mtld",6,6,NA,"missing","no_factor",TRUE,NA,NA,"SUW","exclude_PUNCT_SYM",TRUE
"test-s67","ttr",6,6,1,"ok",NA,FALSE,NA,NA,"SUW","exclude_PUNCT_SYM",TRUE
"test-s67","mattr",6,6,NA,"missing","too_short_for_requested_parameter",TRUE,NA,NA,"SUW","exclude_PUNCT_SYM",TRUE
"test-s67","mtld",6,6,NA,"missing","no_factor",TRUE,NA,NA,"SUW","exclude_PUNCT_SYM",TRUE
"test-s68","ttr",19,18,0.947368421052632,"ok",NA,FALSE,NA,NA,"SUW","exclude_PUNCT_SYM",TRUE
"test-s68","mattr",19,18,NA,"missing","too_short_for_requested_parameter",TRUE,NA,NA,"SUW","exclude_PUNCT_SYM",TRUE
"test-s68","mtld",19,18,101.08,"ok",NA,TRUE,TRUE,0,"SUW","exclude_PUNCT_SYM",TRUE
"test-s69","ttr",19,18,0.947368421052632,"ok",NA,FALSE,NA,NA,"SUW","exclude_PUNCT_SYM",TRUE
"test-s69","mattr",19,18,NA,"missing","too_short_for_requested_parameter",TRUE,NA,NA,"SUW","exclude_PUNCT_SYM",TRUE
"test-s69","mtld",19,18,101.08,"ok",NA,TRUE,TRUE,0,"SUW","exclude_PUNCT_SYM",TRUE
"test-s70","ttr",14,14,1,"ok",NA,FALSE,NA,NA,"SUW","exclude_PUNCT_SYM",TRUE
"test-s70","mattr",14,14,NA,"missing","too_short_for_requested_parameter",TRUE,NA,NA,"SUW","exclude_PUNCT_SYM",TRUE
"test-s70","mtld",14,14,NA,"missing","no_factor",TRUE,NA,NA,"SUW","exclude_PUNCT_SYM",TRUE
"test-s71","ttr",24,19,0.791666666666667,"ok",NA,FALSE,NA,NA,"SUW","exclude_PUNCT_SYM",TRUE
"test-s71","mattr",24,19,NA,"missing","too_short_for_requested_parameter",TRUE,NA,NA,"SUW","exclude_PUNCT_SYM",TRUE
"test-s71","mtld",24,19,32.256,"ok",NA,TRUE,TRUE,0,"SUW","exclude_PUNCT_SYM",TRUE
"test-s72","ttr",2,2,1,"ok",NA,FALSE,NA,NA,"SUW","exclude_PUNCT_SYM",TRUE
"test-s72","mattr",2,2,NA,"missing","too_short_for_requested_parameter",TRUE,NA,NA,"SUW","exclude_PUNCT_SYM",TRUE
"test-s72","mtld",2,2,NA,"missing","no_factor",TRUE,NA,NA,"SUW","exclude_PUNCT_SYM",TRUE
"test-s73","ttr",2,1,0.5,"ok",NA,FALSE,NA,NA,"SUW","exclude_PUNCT_SYM",TRUE
"test-s73","mattr",2,1,NA,"missing","too_short_for_requested_parameter",TRUE,NA,NA,"SUW","exclude_PUNCT_SYM",TRUE
"test-s73","mtld",2,1,2,"ok",NA,TRUE,FALSE,0,"SUW","exclude_PUNCT_SYM",TRUE
"test-s74","ttr",35,27,0.771428571428571,"ok",NA,FALSE,NA,NA,"SUW","exclude_PUNCT_SYM",TRUE
"test-s74","mattr",35,27,NA,"missing","too_short_for_requested_parameter",TRUE,NA,NA,"SUW","exclude_PUNCT_SYM",TRUE
"test-s74","mtld",35,27,42.875,"ok",NA,TRUE,TRUE,0,"SUW","exclude_PUNCT_SYM",TRUE
"test-s75","ttr",9,8,0.888888888888889,"ok",NA,FALSE,NA,NA,"SUW","exclude_PUNCT_SYM",TRUE
"test-s75","mattr",9,8,NA,"missing","too_short_for_requested_parameter",TRUE,NA,NA,"SUW","exclude_PUNCT_SYM",TRUE
"test-s75","mtld",9,8,22.68,"ok",NA,TRUE,TRUE,0,"SUW","exclude_PUNCT_SYM",TRUE
"test-s76","ttr",21,18,0.857142857142857,"ok",NA,FALSE,NA,NA,"SUW","exclude_PUNCT_SYM",TRUE
"test-s76","mattr",21,18,NA,"missing","too_short_for_requested_parameter",TRUE,NA,NA,"SUW","exclude_PUNCT_SYM",TRUE
"test-s76","mtld",21,18,41.16,"ok",NA,TRUE,TRUE,0,"SUW","exclude_PUNCT_SYM",TRUE
"test-s77","ttr",31,28,0.903225806451613,"ok",NA,FALSE,NA,NA,"SUW","exclude_PUNCT_SYM",TRUE
"test-s77","mattr",31,28,NA,"missing","too_short_for_requested_parameter",TRUE,NA,NA,"SUW","exclude_PUNCT_SYM",TRUE
"test-s77","mtld",31,28,89.6933333333333,"ok",NA,TRUE,TRUE,0,"SUW","exclude_PUNCT_SYM",TRUE
"test-s78","ttr",33,27,0.818181818181818,"ok",NA,FALSE,NA,NA,"SUW","exclude_PUNCT_SYM",TRUE
"test-s78","mattr",33,27,NA,"missing","too_short_for_requested_parameter",TRUE,NA,NA,"SUW","exclude_PUNCT_SYM",TRUE
"test-s78","mtld",33,27,50.82,"ok",NA,TRUE,TRUE,0,"SUW","exclude_PUNCT_SYM",TRUE
"test-s79","ttr",15,14,0.933333333333333,"ok",NA,FALSE,NA,NA,"SUW","exclude_PUNCT_SYM",TRUE
"test-s79","mattr",15,14,NA,"missing","too_short_for_requested_parameter",TRUE,NA,NA,"SUW","exclude_PUNCT_SYM",TRUE
"test-s79","mtld",15,14,63,"ok",NA,TRUE,TRUE,0,"SUW","exclude_PUNCT_SYM",TRUE
"test-s80","ttr",14,12,0.857142857142857,"ok",NA,FALSE,NA,NA,"SUW","exclude_PUNCT_SYM",TRUE
"test-s80","mattr",14,12,NA,"missing","too_short_for_requested_parameter",TRUE,NA,NA,"SUW","exclude_PUNCT_SYM",TRUE
"test-s80","mtld",14,12,27.44,"ok",NA,TRUE,TRUE,0,"SUW","exclude_PUNCT_SYM",TRUE
"test-s81","ttr",22,20,0.909090909090909,"ok",NA,FALSE,NA,NA,"SUW","exclude_PUNCT_SYM",TRUE
"test-s81","mattr",22,20,NA,"missing","too_short_for_requested_parameter",TRUE,NA,NA,"SUW","exclude_PUNCT_SYM",TRUE
"test-s81","mtld",22,20,67.76,"ok",NA,TRUE,TRUE,0,"SUW","exclude_PUNCT_SYM",TRUE
"test-s82","ttr",5,5,1,"ok",NA,FALSE,NA,NA,"SUW","exclude_PUNCT_SYM",TRUE
"test-s82","mattr",5,5,NA,"missing","too_short_for_requested_parameter",TRUE,NA,NA,"SUW","exclude_PUNCT_SYM",TRUE
"test-s82","mtld",5,5,NA,"missing","no_factor",TRUE,NA,NA,"SUW","exclude_PUNCT_SYM",TRUE
"test-s83","ttr",10,10,1,"ok",NA,FALSE,NA,NA,"SUW","exclude_PUNCT_SYM",TRUE
"test-s83","mattr",10,10,NA,"missing","too_short_for_requested_parameter",TRUE,NA,NA,"SUW","exclude_PUNCT_SYM",TRUE
"test-s83","mtld",10,10,NA,"missing","no_factor",TRUE,NA,NA,"SUW","exclude_PUNCT_SYM",TRUE
"test-s84","ttr",38,31,0.81578947368421,"ok",NA,FALSE,NA,NA,"SUW","exclude_PUNCT_SYM",TRUE
"test-s84","mattr",38,31,NA,"missing","too_short_for_requested_parameter",TRUE,NA,NA,"SUW","exclude_PUNCT_SYM",TRUE
"test-s84","mtld",38,31,57.76,"ok",NA,TRUE,TRUE,0,"SUW","exclude_PUNCT_SYM",TRUE
"test-s85","ttr",26,25,0.961538461538462,"ok",NA,FALSE,NA,NA,"SUW","exclude_PUNCT_SYM",TRUE
"test-s85","mattr",26,25,NA,"missing","too_short_for_requested_parameter",TRUE,NA,NA,"SUW","exclude_PUNCT_SYM",TRUE
"test-s85","mtld",26,25,189.28,"ok",NA,TRUE,TRUE,0,"SUW","exclude_PUNCT_SYM",TRUE
"test-s86","ttr",8,8,1,"ok",NA,FALSE,NA,NA,"SUW","exclude_PUNCT_SYM",TRUE
"test-s86","mattr",8,8,NA,"missing","too_short_for_requested_parameter",TRUE,NA,NA,"SUW","exclude_PUNCT_SYM",TRUE
"test-s86","mtld",8,8,NA,"missing","no_factor",TRUE,NA,NA,"SUW","exclude_PUNCT_SYM",TRUE
"test-s87","ttr",11,10,0.909090909090909,"ok",NA,FALSE,NA,NA,"SUW","exclude_PUNCT_SYM",TRUE
"test-s87","mattr",11,10,NA,"missing","too_short_for_requested_parameter",TRUE,NA,NA,"SUW","exclude_PUNCT_SYM",TRUE
"test-s87","mtld",11,10,33.88,"ok",NA,TRUE,TRUE,0,"SUW","exclude_PUNCT_SYM",TRUE
"test-s88","ttr",37,31,0.837837837837838,"ok",NA,FALSE,NA,NA,"SUW","exclude_PUNCT_SYM",TRUE
"test-s88","mattr",37,31,NA,"missing","too_short_for_requested_parameter",TRUE,NA,NA,"SUW","exclude_PUNCT_SYM",TRUE
"test-s88","mtld",37,31,63.8866666666667,"ok",NA,TRUE,TRUE,0,"SUW","exclude_PUNCT_SYM",TRUE
"test-s89","ttr",42,36,0.857142857142857,"ok",NA,FALSE,NA,NA,"SUW","exclude_PUNCT_SYM",TRUE
"test-s89","mattr",42,36,NA,"missing","too_short_for_requested_parameter",TRUE,NA,NA,"SUW","exclude_PUNCT_SYM",TRUE
"test-s89","mtld",42,36,82.32,"ok",NA,TRUE,TRUE,0,"SUW","exclude_PUNCT_SYM",TRUE
"test-s90","ttr",16,15,0.9375,"ok",NA,FALSE,NA,NA,"SUW","exclude_PUNCT_SYM",TRUE
"test-s90","mattr",16,15,NA,"missing","too_short_for_requested_parameter",TRUE,NA,NA,"SUW","exclude_PUNCT_SYM",TRUE
"test-s90","mtld",16,15,71.68,"ok",NA,TRUE,TRUE,0,"SUW","exclude_PUNCT_SYM",TRUE
"test-s91","ttr",13,12,0.923076923076923,"ok",NA,FALSE,NA,NA,"SUW","exclude_PUNCT_SYM",TRUE
"test-s91","mattr",13,12,NA,"missing","too_short_for_requested_parameter",TRUE,NA,NA,"SUW","exclude_PUNCT_SYM",TRUE
"test-s91","mtld",13,12,47.32,"ok",NA,TRUE,TRUE,0,"SUW","exclude_PUNCT_SYM",TRUE
"test-s92","ttr",11,11,1,"ok",NA,FALSE,NA,NA,"SUW","exclude_PUNCT_SYM",TRUE
"test-s92","mattr",11,11,NA,"missing","too_short_for_requested_parameter",TRUE,NA,NA,"SUW","exclude_PUNCT_SYM",TRUE
"test-s92","mtld",11,11,NA,"missing","no_factor",TRUE,NA,NA,"SUW","exclude_PUNCT_SYM",TRUE
"test-s93","ttr",8,8,1,"ok",NA,FALSE,NA,NA,"SUW","exclude_PUNCT_SYM",TRUE
"test-s93","mattr",8,8,NA,"missing","too_short_for_requested_parameter",TRUE,NA,NA,"SUW","exclude_PUNCT_SYM",TRUE
"test-s93","mtld",8,8,NA,"missing","no_factor",TRUE,NA,NA,"SUW","exclude_PUNCT_SYM",TRUE
"test-s94","ttr",41,35,0.853658536585366,"ok",NA,FALSE,NA,NA,"SUW","exclude_PUNCT_SYM",TRUE
"test-s94","mattr",41,35,NA,"missing","too_short_for_requested_parameter",TRUE,NA,NA,"SUW","exclude_PUNCT_SYM",TRUE
"test-s94","mtld",41,35,78.4466666666667,"ok",NA,TRUE,TRUE,0,"SUW","exclude_PUNCT_SYM",TRUE
"test-s95","ttr",37,28,0.756756756756757,"ok",NA,FALSE,NA,NA,"SUW","exclude_PUNCT_SYM",TRUE
"test-s95","mattr",37,28,NA,"missing","too_short_for_requested_parameter",TRUE,NA,NA,"SUW","exclude_PUNCT_SYM",TRUE
"test-s95","mtld",37,28,39.7955555555556,"ok",NA,TRUE,TRUE,14.0495867768595,"SUW","exclude_PUNCT_SYM",TRUE
"test-s96","ttr",3,3,1,"ok",NA,FALSE,NA,NA,"SUW","exclude_PUNCT_SYM",TRUE
"test-s96","mattr",3,3,NA,"missing","too_short_for_requested_parameter",TRUE,NA,NA,"SUW","exclude_PUNCT_SYM",TRUE
"test-s96","mtld",3,3,NA,"missing","no_factor",TRUE,NA,NA,"SUW","exclude_PUNCT_SYM",TRUE
"test-s97","ttr",10,10,1,"ok",NA,FALSE,NA,NA,"SUW","exclude_PUNCT_SYM",TRUE
"test-s97","mattr",10,10,NA,"missing","too_short_for_requested_parameter",TRUE,NA,NA,"SUW","exclude_PUNCT_SYM",TRUE
"test-s97","mtld",10,10,NA,"missing","no_factor",TRUE,NA,NA,"SUW","exclude_PUNCT_SYM",TRUE
"test-s98","ttr",9,8,0.888888888888889,"ok",NA,FALSE,NA,NA,"SUW","exclude_PUNCT_SYM",TRUE
"test-s98","mattr",9,8,NA,"missing","too_short_for_requested_parameter",TRUE,NA,NA,"SUW","exclude_PUNCT_SYM",TRUE
"test-s98","mtld",9,8,22.68,"ok",NA,TRUE,TRUE,0,"SUW","exclude_PUNCT_SYM",TRUE
"test-s99","ttr",12,12,1,"ok",NA,FALSE,NA,NA,"SUW","exclude_PUNCT_SYM",TRUE
"test-s99","mattr",12,12,NA,"missing","too_short_for_requested_parameter",TRUE,NA,NA,"SUW","exclude_PUNCT_SYM",TRUE
"test-s99","mtld",12,12,NA,"missing","no_factor",TRUE,NA,NA,"SUW","exclude_PUNCT_SYM",TRUE
"test-s100","ttr",34,27,0.794117647058823,"ok",NA,FALSE,NA,NA,"SUW","exclude_PUNCT_SYM",TRUE
"test-s100","mattr",34,27,NA,"missing","too_short_for_requested_parameter",TRUE,NA,NA,"SUW","exclude_PUNCT_SYM",TRUE
"test-s100","mtld",34,27,46.24,"ok",NA,TRUE,TRUE,0,"SUW","exclude_PUNCT_SYM",TRUE
"test-s101","ttr",20,20,1,"ok",NA,FALSE,NA,NA,"SUW","exclude_PUNCT_SYM",TRUE
"test-s101","mattr",20,20,NA,"missing","too_short_for_requested_parameter",TRUE,NA,NA,"SUW","exclude_PUNCT_SYM",TRUE
"test-s101","mtld",20,20,NA,"missing","no_factor",TRUE,NA,NA,"SUW","exclude_PUNCT_SYM",TRUE
"test-s102","ttr",10,10,1,"ok",NA,FALSE,NA,NA,"SUW","exclude_PUNCT_SYM",TRUE
"test-s102","mattr",10,10,NA,"missing","too_short_for_requested_parameter",TRUE,NA,NA,"SUW","exclude_PUNCT_SYM",TRUE
"test-s102","mtld",10,10,NA,"missing","no_factor",TRUE,NA,NA,"SUW","exclude_PUNCT_SYM",TRUE
"test-s103","ttr",51,42,0.823529411764706,"ok",NA,FALSE,NA,NA,"SUW","exclude_PUNCT_SYM",TRUE
"test-s103","mattr",51,42,0.82,"ok",NA,FALSE,NA,NA,"SUW","exclude_PUNCT_SYM",TRUE
"test-s103","mtld",51,42,80.92,"ok",NA,FALSE,TRUE,0,"SUW","exclude_PUNCT_SYM",TRUE
"test-s104","ttr",15,14,0.933333333333333,"ok",NA,FALSE,NA,NA,"SUW","exclude_PUNCT_SYM",TRUE
"test-s104","mattr",15,14,NA,"missing","too_short_for_requested_parameter",TRUE,NA,NA,"SUW","exclude_PUNCT_SYM",TRUE
"test-s104","mtld",15,14,63,"ok",NA,TRUE,TRUE,0,"SUW","exclude_PUNCT_SYM",TRUE
"test-s105","ttr",48,34,0.708333333333333,"ok",NA,FALSE,NA,NA,"SUW","exclude_PUNCT_SYM",TRUE
"test-s105","mattr",48,34,NA,"missing","too_short_for_requested_parameter",TRUE,NA,NA,"SUW","exclude_PUNCT_SYM",TRUE
"test-s105","mtld",48,34,41.6842105263158,"ok",NA,TRUE,FALSE,30.3030303030303,"SUW","exclude_PUNCT_SYM",TRUE
"test-s106","ttr",20,19,0.95,"ok",NA,FALSE,NA,NA,"SUW","exclude_PUNCT_SYM",TRUE
"test-s106","mattr",20,19,NA,"missing","too_short_for_requested_parameter",TRUE,NA,NA,"SUW","exclude_PUNCT_SYM",TRUE
"test-s106","mtld",20,19,112,"ok",NA,TRUE,TRUE,0,"SUW","exclude_PUNCT_SYM",TRUE
"test-s107","ttr",45,31,0.688888888888889,"ok",NA,FALSE,NA,NA,"SUW","exclude_PUNCT_SYM",TRUE
"test-s107","mattr",45,31,NA,"missing","too_short_for_requested_parameter",TRUE,NA,NA,"SUW","exclude_PUNCT_SYM",TRUE
"test-s107","mtld",45,31,45,"ok",NA,TRUE,FALSE,0,"SUW","exclude_PUNCT_SYM",TRUE
"test-s108","ttr",37,27,0.72972972972973,"ok",NA,FALSE,NA,NA,"SUW","exclude_PUNCT_SYM",TRUE
"test-s108","mattr",37,27,NA,"missing","too_short_for_requested_parameter",TRUE,NA,NA,"SUW","exclude_PUNCT_SYM",TRUE
"test-s108","mtld",37,27,37.666,"ok",NA,TRUE,TRUE,3.53634577603144,"SUW","exclude_PUNCT_SYM",TRUE
"test-s109","ttr",18,18,1,"ok",NA,FALSE,NA,NA,"SUW","exclude_PUNCT_SYM",FALSE
"test-s109","mattr",18,18,NA,"missing","too_short_for_requested_parameter",TRUE,NA,NA,"SUW","exclude_PUNCT_SYM",FALSE
"test-s109","mtld",18,18,NA,"missing","no_factor",TRUE,NA,NA,"SUW","exclude_PUNCT_SYM",FALSE
"test-s110","ttr",16,14,0.875,"ok",NA,FALSE,NA,NA,"SUW","exclude_PUNCT_SYM",TRUE
"test-s110","mattr",16,14,NA,"missing","too_short_for_requested_parameter",TRUE,NA,NA,"SUW","exclude_PUNCT_SYM",TRUE
"test-s110","mtld",16,14,35.84,"ok",NA,TRUE,TRUE,0,"SUW","exclude_PUNCT_SYM",TRUE
"test-s111","ttr",19,18,0.947368421052632,"ok",NA,FALSE,NA,NA,"SUW","exclude_PUNCT_SYM",TRUE
"test-s111","mattr",19,18,NA,"missing","too_short_for_requested_parameter",TRUE,NA,NA,"SUW","exclude_PUNCT_SYM",TRUE
"test-s111","mtld",19,18,101.08,"ok",NA,TRUE,TRUE,0,"SUW","exclude_PUNCT_SYM",TRUE
"test-s112","ttr",33,28,0.848484848484849,"ok",NA,FALSE,NA,NA,"SUW","exclude_PUNCT_SYM",TRUE
"test-s112","mattr",33,28,NA,"missing","too_short_for_requested_parameter",TRUE,NA,NA,"SUW","exclude_PUNCT_SYM",TRUE
"test-s112","mtld",33,28,60.984,"ok",NA,TRUE,TRUE,0,"SUW","exclude_PUNCT_SYM",TRUE
"test-s113","ttr",34,27,0.794117647058823,"ok",NA,FALSE,NA,NA,"SUW","exclude_PUNCT_SYM",TRUE
"test-s113","mattr",34,27,NA,"missing","too_short_for_requested_parameter",TRUE,NA,NA,"SUW","exclude_PUNCT_SYM",TRUE
"test-s113","mtld",34,27,46.24,"ok",NA,TRUE,TRUE,0,"SUW","exclude_PUNCT_SYM",TRUE
"test-s114","ttr",38,31,0.81578947368421,"ok",NA,FALSE,NA,NA,"SUW","exclude_PUNCT_SYM",FALSE
"test-s114","mattr",38,31,NA,"missing","too_short_for_requested_parameter",TRUE,NA,NA,"SUW","exclude_PUNCT_SYM",FALSE
"test-s114","mtld",38,31,57.76,"ok",NA,TRUE,TRUE,0,"SUW","exclude_PUNCT_SYM",FALSE
"test-s115","ttr",36,30,0.833333333333333,"ok",NA,FALSE,NA,NA,"SUW","exclude_PUNCT_SYM",TRUE
"test-s115","mattr",36,30,NA,"missing","too_short_for_requested_parameter",TRUE,NA,NA,"SUW","exclude_PUNCT_SYM",TRUE
"test-s115","mtld",36,30,60.48,"ok",NA,TRUE,TRUE,0,"SUW","exclude_PUNCT_SYM",TRUE
"test-s116","ttr",17,17,1,"ok",NA,FALSE,NA,NA,"SUW","exclude_PUNCT_SYM",TRUE
"test-s116","mattr",17,17,NA,"missing","too_short_for_requested_parameter",TRUE,NA,NA,"SUW","exclude_PUNCT_SYM",TRUE
"test-s116","mtld",17,17,NA,"missing","no_factor",TRUE,NA,NA,"SUW","exclude_PUNCT_SYM",TRUE
"test-s117","ttr",24,22,0.916666666666667,"ok",NA,FALSE,NA,NA,"SUW","exclude_PUNCT_SYM",TRUE
"test-s117","mattr",24,22,NA,"missing","too_short_for_requested_parameter",TRUE,NA,NA,"SUW","exclude_PUNCT_SYM",TRUE
"test-s117","mtld",24,22,80.64,"ok",NA,TRUE,TRUE,0,"SUW","exclude_PUNCT_SYM",TRUE
"test-s118","ttr",24,19,0.791666666666667,"ok",NA,FALSE,NA,NA,"SUW","exclude_PUNCT_SYM",TRUE
"test-s118","mattr",24,19,NA,"missing","too_short_for_requested_parameter",TRUE,NA,NA,"SUW","exclude_PUNCT_SYM",TRUE
"test-s118","mtld",24,19,32.256,"ok",NA,TRUE,TRUE,0,"SUW","exclude_PUNCT_SYM",TRUE
"test-s119","ttr",59,43,0.728813559322034,"ok",NA,FALSE,NA,NA,"SUW","exclude_PUNCT_SYM",FALSE
"test-s119","mattr",59,43,0.756,"ok",NA,FALSE,NA,NA,"SUW","exclude_PUNCT_SYM",FALSE
"test-s119","mtld",59,43,59.95875,"ok",NA,FALSE,TRUE,3.19803198031979,"SUW","exclude_PUNCT_SYM",FALSE
"test-s120","ttr",15,14,0.933333333333333,"ok",NA,FALSE,NA,NA,"SUW","exclude_PUNCT_SYM",TRUE
"test-s120","mattr",15,14,NA,"missing","too_short_for_requested_parameter",TRUE,NA,NA,"SUW","exclude_PUNCT_SYM",TRUE
"test-s120","mtld",15,14,63,"ok",NA,TRUE,TRUE,0,"SUW","exclude_PUNCT_SYM",TRUE
"test-s121","ttr",16,15,0.9375,"ok",NA,FALSE,NA,NA,"SUW","exclude_PUNCT_SYM",TRUE
"test-s121","mattr",16,15,NA,"missing","too_short_for_requested_parameter",TRUE,NA,NA,"SUW","exclude_PUNCT_SYM",TRUE
"test-s121","mtld",16,15,71.68,"ok",NA,TRUE,TRUE,0,"SUW","exclude_PUNCT_SYM",TRUE
"test-s122","ttr",19,17,0.894736842105263,"ok",NA,FALSE,NA,NA,"SUW","exclude_PUNCT_SYM",TRUE
"test-s122","mattr",19,17,NA,"missing","too_short_for_requested_parameter",TRUE,NA,NA,"SUW","exclude_PUNCT_SYM",TRUE
"test-s122","mtld",19,17,50.54,"ok",NA,TRUE,TRUE,0,"SUW","exclude_PUNCT_SYM",TRUE
"test-s123","ttr",22,21,0.954545454545455,"ok",NA,FALSE,NA,NA,"SUW","exclude_PUNCT_SYM",TRUE
"test-s123","mattr",22,21,NA,"missing","too_short_for_requested_parameter",TRUE,NA,NA,"SUW","exclude_PUNCT_SYM",TRUE
"test-s123","mtld",22,21,135.52,"ok",NA,TRUE,TRUE,0,"SUW","exclude_PUNCT_SYM",TRUE
"test-s124","ttr",38,34,0.894736842105263,"ok",NA,FALSE,NA,NA,"SUW","exclude_PUNCT_SYM",TRUE
"test-s124","mattr",38,34,NA,"missing","too_short_for_requested_parameter",TRUE,NA,NA,"SUW","exclude_PUNCT_SYM",TRUE
"test-s124","mtld",38,34,101.08,"ok",NA,TRUE,TRUE,0,"SUW","exclude_PUNCT_SYM",TRUE
"test-s125","ttr",28,26,0.928571428571429,"ok",NA,FALSE,NA,NA,"SUW","exclude_PUNCT_SYM",TRUE
"test-s125","mattr",28,26,NA,"missing","too_short_for_requested_parameter",TRUE,NA,NA,"SUW","exclude_PUNCT_SYM",TRUE
"test-s125","mtld",28,26,109.76,"ok",NA,TRUE,TRUE,0,"SUW","exclude_PUNCT_SYM",TRUE
"test-s126","ttr",26,25,0.961538461538462,"ok",NA,FALSE,NA,NA,"SUW","exclude_PUNCT_SYM",FALSE
"test-s126","mattr",26,25,NA,"missing","too_short_for_requested_parameter",TRUE,NA,NA,"SUW","exclude_PUNCT_SYM",FALSE
"test-s126","mtld",26,25,189.28,"ok",NA,TRUE,TRUE,0,"SUW","exclude_PUNCT_SYM",FALSE
"test-s127","ttr",18,17,0.944444444444444,"ok",NA,FALSE,NA,NA,"SUW","exclude_PUNCT_SYM",TRUE
"test-s127","mattr",18,17,NA,"missing","too_short_for_requested_parameter",TRUE,NA,NA,"SUW","exclude_PUNCT_SYM",TRUE
"test-s127","mtld",18,17,90.72,"ok",NA,TRUE,TRUE,0,"SUW","exclude_PUNCT_SYM",TRUE
"test-s128","ttr",3,3,1,"ok",NA,FALSE,NA,NA,"SUW","exclude_PUNCT_SYM",TRUE
"test-s128","mattr",3,3,NA,"missing","too_short_for_requested_parameter",TRUE,NA,NA,"SUW","exclude_PUNCT_SYM",TRUE
"test-s128","mtld",3,3,NA,"missing","no_factor",TRUE,NA,NA,"SUW","exclude_PUNCT_SYM",TRUE
"test-s129","ttr",18,17,0.944444444444444,"ok",NA,FALSE,NA,NA,"SUW","exclude_PUNCT_SYM",TRUE
"test-s129","mattr",18,17,NA,"missing","too_short_for_requested_parameter",TRUE,NA,NA,"SUW","exclude_PUNCT_SYM",TRUE
"test-s129","mtld",18,17,90.72,"ok",NA,TRUE,TRUE,0,"SUW","exclude_PUNCT_SYM",TRUE
"test-s130","ttr",38,28,0.736842105263158,"ok",NA,FALSE,NA,NA,"SUW","exclude_PUNCT_SYM",TRUE
"test-s130","mattr",38,28,NA,"missing","too_short_for_requested_parameter",TRUE,NA,NA,"SUW","exclude_PUNCT_SYM",TRUE
"test-s130","mtld",38,28,39.216,"ok",NA,TRUE,TRUE,6.2015503875969,"SUW","exclude_PUNCT_SYM",TRUE
"test-s131","ttr",17,17,1,"ok",NA,FALSE,NA,NA,"SUW","exclude_PUNCT_SYM",TRUE
"test-s131","mattr",17,17,NA,"missing","too_short_for_requested_parameter",TRUE,NA,NA,"SUW","exclude_PUNCT_SYM",TRUE
"test-s131","mtld",17,17,NA,"missing","no_factor",TRUE,NA,NA,"SUW","exclude_PUNCT_SYM",TRUE
"test-s132","ttr",43,37,0.86046511627907,"ok",NA,FALSE,NA,NA,"SUW","exclude_PUNCT_SYM",TRUE
"test-s132","mattr",43,37,NA,"missing","too_short_for_requested_parameter",TRUE,NA,NA,"SUW","exclude_PUNCT_SYM",TRUE
"test-s132","mtld",43,37,86.2866666666667,"ok",NA,TRUE,TRUE,0,"SUW","exclude_PUNCT_SYM",TRUE
"test-s133","ttr",10,10,1,"ok",NA,FALSE,NA,NA,"SUW","exclude_PUNCT_SYM",TRUE
"test-s133","mattr",10,10,NA,"missing","too_short_for_requested_parameter",TRUE,NA,NA,"SUW","exclude_PUNCT_SYM",TRUE
"test-s133","mtld",10,10,NA,"missing","no_factor",TRUE,NA,NA,"SUW","exclude_PUNCT_SYM",TRUE
"test-s134","ttr",24,23,0.958333333333333,"ok",NA,FALSE,NA,NA,"SUW","exclude_PUNCT_SYM",FALSE
"test-s134","mattr",24,23,NA,"missing","too_short_for_requested_parameter",TRUE,NA,NA,"SUW","exclude_PUNCT_SYM",FALSE
"test-s134","mtld",24,23,161.28,"ok",NA,TRUE,TRUE,0,"SUW","exclude_PUNCT_SYM",FALSE
"test-s135","ttr",11,10,0.909090909090909,"ok",NA,FALSE,NA,NA,"SUW","exclude_PUNCT_SYM",TRUE
"test-s135","mattr",11,10,NA,"missing","too_short_for_requested_parameter",TRUE,NA,NA,"SUW","exclude_PUNCT_SYM",TRUE
"test-s135","mtld",11,10,33.88,"ok",NA,TRUE,TRUE,0,"SUW","exclude_PUNCT_SYM",TRUE
"test-s136","ttr",4,4,1,"ok",NA,FALSE,NA,NA,"SUW","exclude_PUNCT_SYM",TRUE
"test-s136","mattr",4,4,NA,"missing","too_short_for_requested_parameter",TRUE,NA,NA,"SUW","exclude_PUNCT_SYM",TRUE
"test-s136","mtld",4,4,NA,"missing","no_factor",TRUE,NA,NA,"SUW","exclude_PUNCT_SYM",TRUE
"test-s137","ttr",9,9,1,"ok",NA,FALSE,NA,NA,"SUW","exclude_PUNCT_SYM",TRUE
"test-s137","mattr",9,9,NA,"missing","too_short_for_requested_parameter",TRUE,NA,NA,"SUW","exclude_PUNCT_SYM",TRUE
"test-s137","mtld",9,9,NA,"missing","no_factor",TRUE,NA,NA,"SUW","exclude_PUNCT_SYM",TRUE
"test-s138","ttr",20,18,0.9,"ok",NA,FALSE,NA,NA,"SUW","exclude_PUNCT_SYM",TRUE
"test-s138","mattr",20,18,NA,"missing","too_short_for_requested_parameter",TRUE,NA,NA,"SUW","exclude_PUNCT_SYM",TRUE
"test-s138","mtld",20,18,56,"ok",NA,TRUE,TRUE,0,"SUW","exclude_PUNCT_SYM",TRUE
"test-s139","ttr",35,28,0.8,"ok",NA,FALSE,NA,NA,"SUW","exclude_PUNCT_SYM",TRUE
"test-s139","mattr",35,28,NA,"missing","too_short_for_requested_parameter",TRUE,NA,NA,"SUW","exclude_PUNCT_SYM",TRUE
"test-s139","mtld",35,28,49,"ok",NA,TRUE,TRUE,0,"SUW","exclude_PUNCT_SYM",TRUE
"test-s140","ttr",27,20,0.740740740740741,"ok",NA,FALSE,NA,NA,"SUW","exclude_PUNCT_SYM",TRUE
"test-s140","mattr",27,20,NA,"missing","too_short_for_requested_parameter",TRUE,NA,NA,"SUW","exclude_PUNCT_SYM",TRUE
"test-s140","mtld",27,20,28.08,"ok",NA,TRUE,TRUE,7.69230769230769,"SUW","exclude_PUNCT_SYM",TRUE
"test-s141","ttr",15,12,0.8,"ok",NA,FALSE,NA,NA,"SUW","exclude_PUNCT_SYM",FALSE
"test-s141","mattr",15,12,NA,"missing","too_short_for_requested_parameter",TRUE,NA,NA,"SUW","exclude_PUNCT_SYM",FALSE
"test-s141","mtld",15,12,21,"ok",NA,TRUE,TRUE,0,"SUW","exclude_PUNCT_SYM",FALSE
"test-s142","ttr",43,36,0.837209302325581,"ok",NA,FALSE,NA,NA,"SUW","exclude_PUNCT_SYM",TRUE
"test-s142","mattr",43,36,NA,"missing","too_short_for_requested_parameter",TRUE,NA,NA,"SUW","exclude_PUNCT_SYM",TRUE
"test-s142","mtld",43,36,73.96,"ok",NA,TRUE,TRUE,0,"SUW","exclude_PUNCT_SYM",TRUE
"test-s143","ttr",16,14,0.875,"ok",NA,FALSE,NA,NA,"SUW","exclude_PUNCT_SYM",TRUE
"test-s143","mattr",16,14,NA,"missing","too_short_for_requested_parameter",TRUE,NA,NA,"SUW","exclude_PUNCT_SYM",TRUE
"test-s143","mtld",16,14,35.84,"ok",NA,TRUE,TRUE,0,"SUW","exclude_PUNCT_SYM",TRUE
"test-s144","ttr",11,11,1,"ok",NA,FALSE,NA,NA,"SUW","exclude_PUNCT_SYM",TRUE
"test-s144","mattr",11,11,NA,"missing","too_short_for_requested_parameter",TRUE,NA,NA,"SUW","exclude_PUNCT_SYM",TRUE
"test-s144","mtld",11,11,NA,"missing","no_factor",TRUE,NA,NA,"SUW","exclude_PUNCT_SYM",TRUE
"test-s145","ttr",19,16,0.842105263157895,"ok",NA,FALSE,NA,NA,"SUW","exclude_PUNCT_SYM",TRUE
"test-s145","mattr",19,16,NA,"missing","too_short_for_requested_parameter",TRUE,NA,NA,"SUW","exclude_PUNCT_SYM",TRUE
"test-s145","mtld",19,16,33.6933333333333,"ok",NA,TRUE,TRUE,0,"SUW","exclude_PUNCT_SYM",TRUE
"test-s146","ttr",21,20,0.952380952380952,"ok",NA,FALSE,NA,NA,"SUW","exclude_PUNCT_SYM",TRUE
"test-s146","mattr",21,20,NA,"missing","too_short_for_requested_parameter",TRUE,NA,NA,"SUW","exclude_PUNCT_SYM",TRUE
"test-s146","mtld",21,20,123.48,"ok",NA,TRUE,TRUE,0,"SUW","exclude_PUNCT_SYM",TRUE
"test-s149","ttr",40,31,0.775,"ok",NA,FALSE,NA,NA,"SUW","exclude_PUNCT_SYM",TRUE
"test-s149","mattr",40,31,NA,"missing","too_short_for_requested_parameter",TRUE,NA,NA,"SUW","exclude_PUNCT_SYM",TRUE
"test-s149","mtld",40,31,49.7777777777778,"ok",NA,TRUE,TRUE,0,"SUW","exclude_PUNCT_SYM",TRUE
"test-s150","ttr",9,9,1,"ok",NA,FALSE,NA,NA,"SUW","exclude_PUNCT_SYM",TRUE
"test-s150","mattr",9,9,NA,"missing","too_short_for_requested_parameter",TRUE,NA,NA,"SUW","exclude_PUNCT_SYM",TRUE
"test-s150","mtld",9,9,NA,"missing","no_factor",TRUE,NA,NA,"SUW","exclude_PUNCT_SYM",TRUE
"test-s151","ttr",2,2,1,"ok",NA,FALSE,NA,NA,"SUW","exclude_PUNCT_SYM",TRUE
"test-s151","mattr",2,2,NA,"missing","too_short_for_requested_parameter",TRUE,NA,NA,"SUW","exclude_PUNCT_SYM",TRUE
"test-s151","mtld",2,2,NA,"missing","no_factor",TRUE,NA,NA,"SUW","exclude_PUNCT_SYM",TRUE
"test-s152","ttr",7,7,1,"ok",NA,FALSE,NA,NA,"SUW","exclude_PUNCT_SYM",TRUE
"test-s152","mattr",7,7,NA,"missing","too_short_for_requested_parameter",TRUE,NA,NA,"SUW","exclude_PUNCT_SYM",TRUE
"test-s152","mtld",7,7,NA,"missing","no_factor",TRUE,NA,NA,"SUW","exclude_PUNCT_SYM",TRUE
"test-s153","ttr",41,30,0.731707317073171,"ok",NA,FALSE,NA,NA,"SUW","exclude_PUNCT_SYM",FALSE
"test-s153","mattr",41,30,NA,"missing","too_short_for_requested_parameter",TRUE,NA,NA,"SUW","exclude_PUNCT_SYM",FALSE
"test-s153","mtld",41,30,41.8945454545455,"ok",NA,TRUE,TRUE,4.27046263345196,"SUW","exclude_PUNCT_SYM",FALSE
"test-s154","ttr",14,13,0.928571428571429,"ok",NA,FALSE,NA,NA,"SUW","exclude_PUNCT_SYM",TRUE
"test-s154","mattr",14,13,NA,"missing","too_short_for_requested_parameter",TRUE,NA,NA,"SUW","exclude_PUNCT_SYM",TRUE
"test-s154","mtld",14,13,54.88,"ok",NA,TRUE,TRUE,0,"SUW","exclude_PUNCT_SYM",TRUE
"test-s155","ttr",26,22,0.846153846153846,"ok",NA,FALSE,NA,NA,"SUW","exclude_PUNCT_SYM",TRUE
"test-s155","mattr",26,22,NA,"missing","too_short_for_requested_parameter",TRUE,NA,NA,"SUW","exclude_PUNCT_SYM",TRUE
"test-s155","mtld",26,22,47.32,"ok",NA,TRUE,TRUE,0,"SUW","exclude_PUNCT_SYM",TRUE
"test-s156","ttr",24,21,0.875,"ok",NA,FALSE,NA,NA,"SUW","exclude_PUNCT_SYM",TRUE
"test-s156","mattr",24,21,NA,"missing","too_short_for_requested_parameter",TRUE,NA,NA,"SUW","exclude_PUNCT_SYM",TRUE
"test-s156","mtld",24,21,53.76,"ok",NA,TRUE,TRUE,0,"SUW","exclude_PUNCT_SYM",TRUE
"test-s157","ttr",14,14,1,"ok",NA,FALSE,NA,NA,"SUW","exclude_PUNCT_SYM",TRUE
"test-s157","mattr",14,14,NA,"missing","too_short_for_requested_parameter",TRUE,NA,NA,"SUW","exclude_PUNCT_SYM",TRUE
"test-s157","mtld",14,14,NA,"missing","no_factor",TRUE,NA,NA,"SUW","exclude_PUNCT_SYM",TRUE
"test-s158","ttr",17,15,0.88235294117647,"ok",NA,FALSE,NA,NA,"SUW","exclude_PUNCT_SYM",TRUE
"test-s158","mattr",17,15,NA,"missing","too_short_for_requested_parameter",TRUE,NA,NA,"SUW","exclude_PUNCT_SYM",TRUE
"test-s158","mtld",17,15,40.46,"ok",NA,TRUE,TRUE,0,"SUW","exclude_PUNCT_SYM",TRUE
"test-s159","ttr",20,18,0.9,"ok",NA,FALSE,NA,NA,"SUW","exclude_PUNCT_SYM",TRUE
"test-s159","mattr",20,18,NA,"missing","too_short_for_requested_parameter",TRUE,NA,NA,"SUW","exclude_PUNCT_SYM",TRUE
"test-s159","mtld",20,18,56,"ok",NA,TRUE,TRUE,0,"SUW","exclude_PUNCT_SYM",TRUE
"test-s160","ttr",18,17,0.944444444444444,"ok",NA,FALSE,NA,NA,"SUW","exclude_PUNCT_SYM",TRUE
"test-s160","mattr",18,17,NA,"missing","too_short_for_requested_parameter",TRUE,NA,NA,"SUW","exclude_PUNCT_SYM",TRUE
"test-s160","mtld",18,17,90.72,"ok",NA,TRUE,TRUE,0,"SUW","exclude_PUNCT_SYM",TRUE
"test-s161","ttr",16,14,0.875,"ok",NA,FALSE,NA,NA,"SUW","exclude_PUNCT_SYM",TRUE
"test-s161","mattr",16,14,NA,"missing","too_short_for_requested_parameter",TRUE,NA,NA,"SUW","exclude_PUNCT_SYM",TRUE
"test-s161","mtld",16,14,35.84,"ok",NA,TRUE,TRUE,0,"SUW","exclude_PUNCT_SYM",TRUE
"test-s162","ttr",16,15,0.9375,"ok",NA,FALSE,NA,NA,"SUW","exclude_PUNCT_SYM",FALSE
"test-s162","mattr",16,15,NA,"missing","too_short_for_requested_parameter",TRUE,NA,NA,"SUW","exclude_PUNCT_SYM",FALSE
"test-s162","mtld",16,15,71.68,"ok",NA,TRUE,TRUE,0,"SUW","exclude_PUNCT_SYM",FALSE
"test-s163","ttr",53,36,0.679245283018868,"ok",NA,FALSE,NA,NA,"SUW","exclude_PUNCT_SYM",TRUE
"test-s163","mattr",53,36,0.7,"ok",NA,FALSE,NA,NA,"SUW","exclude_PUNCT_SYM",TRUE
"test-s163","mtld",53,36,53,"ok",NA,FALSE,FALSE,0,"SUW","exclude_PUNCT_SYM",TRUE
"test-s164","ttr",61,43,0.704918032786885,"ok",NA,FALSE,NA,NA,"SUW","exclude_PUNCT_SYM",TRUE
"test-s164","mattr",61,43,0.738333333333333,"ok",NA,FALSE,NA,NA,"SUW","exclude_PUNCT_SYM",TRUE
"test-s164","mtld",61,43,61,"ok",NA,FALSE,FALSE,0,"SUW","exclude_PUNCT_SYM",TRUE
"test-s165","ttr",13,12,0.923076923076923,"ok",NA,FALSE,NA,NA,"SUW","exclude_PUNCT_SYM",TRUE
"test-s165","mattr",13,12,NA,"missing","too_short_for_requested_parameter",TRUE,NA,NA,"SUW","exclude_PUNCT_SYM",TRUE
"test-s165","mtld",13,12,47.32,"ok",NA,TRUE,TRUE,0,"SUW","exclude_PUNCT_SYM",TRUE
"test-s166","ttr",42,33,0.785714285714286,"ok",NA,FALSE,NA,NA,"SUW","exclude_PUNCT_SYM",FALSE
"test-s166","mattr",42,33,NA,"missing","too_short_for_requested_parameter",TRUE,NA,NA,"SUW","exclude_PUNCT_SYM",FALSE
"test-s166","mtld",42,33,54.88,"ok",NA,TRUE,TRUE,0,"SUW","exclude_PUNCT_SYM",FALSE
"test-s167","ttr",17,17,1,"ok",NA,FALSE,NA,NA,"SUW","exclude_PUNCT_SYM",TRUE
"test-s167","mattr",17,17,NA,"missing","too_short_for_requested_parameter",TRUE,NA,NA,"SUW","exclude_PUNCT_SYM",TRUE
"test-s167","mtld",17,17,NA,"missing","no_factor",TRUE,NA,NA,"SUW","exclude_PUNCT_SYM",TRUE
"test-s168","ttr",11,11,1,"ok",NA,FALSE,NA,NA,"SUW","exclude_PUNCT_SYM",TRUE
"test-s168","mattr",11,11,NA,"missing","too_short_for_requested_parameter",TRUE,NA,NA,"SUW","exclude_PUNCT_SYM",TRUE
"test-s168","mtld",11,11,NA,"missing","no_factor",TRUE,NA,NA,"SUW","exclude_PUNCT_SYM",TRUE
"test-s169","ttr",8,8,1,"ok",NA,FALSE,NA,NA,"SUW","exclude_PUNCT_SYM",TRUE
"test-s169","mattr",8,8,NA,"missing","too_short_for_requested_parameter",TRUE,NA,NA,"SUW","exclude_PUNCT_SYM",TRUE
"test-s169","mtld",8,8,NA,"missing","no_factor",TRUE,NA,NA,"SUW","exclude_PUNCT_SYM",TRUE
"test-s170","ttr",24,22,0.916666666666667,"ok",NA,FALSE,NA,NA,"SUW","exclude_PUNCT_SYM",TRUE
"test-s170","mattr",24,22,NA,"missing","too_short_for_requested_parameter",TRUE,NA,NA,"SUW","exclude_PUNCT_SYM",TRUE
"test-s170","mtld",24,22,80.64,"ok",NA,TRUE,TRUE,0,"SUW","exclude_PUNCT_SYM",TRUE
"test-s171","ttr",37,32,0.864864864864865,"ok",NA,FALSE,NA,NA,"SUW","exclude_PUNCT_SYM",TRUE
"test-s171","mattr",37,32,NA,"missing","too_short_for_requested_parameter",TRUE,NA,NA,"SUW","exclude_PUNCT_SYM",TRUE
"test-s171","mtld",37,32,76.664,"ok",NA,TRUE,TRUE,0,"SUW","exclude_PUNCT_SYM",TRUE
"test-s172","ttr",29,23,0.793103448275862,"ok",NA,FALSE,NA,NA,"SUW","exclude_PUNCT_SYM",TRUE
"test-s172","mattr",29,23,NA,"missing","too_short_for_requested_parameter",TRUE,NA,NA,"SUW","exclude_PUNCT_SYM",TRUE
"test-s172","mtld",29,23,39.2466666666667,"ok",NA,TRUE,TRUE,0,"SUW","exclude_PUNCT_SYM",TRUE
"test-s173","ttr",23,21,0.91304347826087,"ok",NA,FALSE,NA,NA,"SUW","exclude_PUNCT_SYM",TRUE
"test-s173","mattr",23,21,NA,"missing","too_short_for_requested_parameter",TRUE,NA,NA,"SUW","exclude_PUNCT_SYM",TRUE
"test-s173","mtld",23,21,74.06,"ok",NA,TRUE,TRUE,0,"SUW","exclude_PUNCT_SYM",TRUE
"test-s174","ttr",37,30,0.810810810810811,"ok",NA,FALSE,NA,NA,"SUW","exclude_PUNCT_SYM",FALSE
"test-s174","mattr",37,30,NA,"missing","too_short_for_requested_parameter",TRUE,NA,NA,"SUW","exclude_PUNCT_SYM",FALSE
"test-s174","mtld",37,30,54.76,"ok",NA,TRUE,TRUE,0,"SUW","exclude_PUNCT_SYM",FALSE
"test-s175","ttr",16,16,1,"ok",NA,FALSE,NA,NA,"SUW","exclude_PUNCT_SYM",TRUE
"test-s175","mattr",16,16,NA,"missing","too_short_for_requested_parameter",TRUE,NA,NA,"SUW","exclude_PUNCT_SYM",TRUE
"test-s175","mtld",16,16,NA,"missing","no_factor",TRUE,NA,NA,"SUW","exclude_PUNCT_SYM",TRUE
"test-s176","ttr",11,11,1,"ok",NA,FALSE,NA,NA,"SUW","exclude_PUNCT_SYM",TRUE
"test-s176","mattr",11,11,NA,"missing","too_short_for_requested_parameter",TRUE,NA,NA,"SUW","exclude_PUNCT_SYM",TRUE
"test-s176","mtld",11,11,NA,"missing","no_factor",TRUE,NA,NA,"SUW","exclude_PUNCT_SYM",TRUE
"test-s177","ttr",10,10,1,"ok",NA,FALSE,NA,NA,"SUW","exclude_PUNCT_SYM",TRUE
"test-s177","mattr",10,10,NA,"missing","too_short_for_requested_parameter",TRUE,NA,NA,"SUW","exclude_PUNCT_SYM",TRUE
"test-s177","mtld",10,10,NA,"missing","no_factor",TRUE,NA,NA,"SUW","exclude_PUNCT_SYM",TRUE
"test-s178","ttr",19,17,0.894736842105263,"ok",NA,FALSE,NA,NA,"SUW","exclude_PUNCT_SYM",TRUE
"test-s178","mattr",19,17,NA,"missing","too_short_for_requested_parameter",TRUE,NA,NA,"SUW","exclude_PUNCT_SYM",TRUE
"test-s178","mtld",19,17,50.54,"ok",NA,TRUE,TRUE,0,"SUW","exclude_PUNCT_SYM",TRUE
"test-s179","ttr",10,10,1,"ok",NA,FALSE,NA,NA,"SUW","exclude_PUNCT_SYM",TRUE
"test-s179","mattr",10,10,NA,"missing","too_short_for_requested_parameter",TRUE,NA,NA,"SUW","exclude_PUNCT_SYM",TRUE
"test-s179","mtld",10,10,NA,"missing","no_factor",TRUE,NA,NA,"SUW","exclude_PUNCT_SYM",TRUE
"test-s180","ttr",19,19,1,"ok",NA,FALSE,NA,NA,"SUW","exclude_PUNCT_SYM",FALSE
"test-s180","mattr",19,19,NA,"missing","too_short_for_requested_parameter",TRUE,NA,NA,"SUW","exclude_PUNCT_SYM",FALSE
"test-s180","mtld",19,19,NA,"missing","no_factor",TRUE,NA,NA,"SUW","exclude_PUNCT_SYM",FALSE
"test-s181","ttr",30,26,0.866666666666667,"ok",NA,FALSE,NA,NA,"SUW","exclude_PUNCT_SYM",TRUE
"test-s181","mattr",30,26,NA,"missing","too_short_for_requested_parameter",TRUE,NA,NA,"SUW","exclude_PUNCT_SYM",TRUE
"test-s181","mtld",30,26,63,"ok",NA,TRUE,TRUE,0,"SUW","exclude_PUNCT_SYM",TRUE
"test-s182","ttr",16,15,0.9375,"ok",NA,FALSE,NA,NA,"SUW","exclude_PUNCT_SYM",TRUE
"test-s182","mattr",16,15,NA,"missing","too_short_for_requested_parameter",TRUE,NA,NA,"SUW","exclude_PUNCT_SYM",TRUE
"test-s182","mtld",16,15,71.68,"ok",NA,TRUE,TRUE,0,"SUW","exclude_PUNCT_SYM",TRUE
"test-s183","ttr",43,34,0.790697674418605,"ok",NA,FALSE,NA,NA,"SUW","exclude_PUNCT_SYM",TRUE
"test-s183","mattr",43,34,NA,"missing","too_short_for_requested_parameter",TRUE,NA,NA,"SUW","exclude_PUNCT_SYM",TRUE
"test-s183","mtld",43,34,57.5244444444444,"ok",NA,TRUE,TRUE,0,"SUW","exclude_PUNCT_SYM",TRUE
"test-s184","ttr",24,24,1,"ok",NA,FALSE,NA,NA,"SUW","exclude_PUNCT_SYM",TRUE
"test-s184","mattr",24,24,NA,"missing","too_short_for_requested_parameter",TRUE,NA,NA,"SUW","exclude_PUNCT_SYM",TRUE
"test-s184","mtld",24,24,NA,"missing","no_factor",TRUE,NA,NA,"SUW","exclude_PUNCT_SYM",TRUE
"test-s185","ttr",26,23,0.884615384615385,"ok",NA,FALSE,NA,NA,"SUW","exclude_PUNCT_SYM",TRUE
"test-s185","mattr",26,23,NA,"missing","too_short_for_requested_parameter",TRUE,NA,NA,"SUW","exclude_PUNCT_SYM",TRUE
"test-s185","mtld",26,23,63.0933333333333,"ok",NA,TRUE,TRUE,0,"SUW","exclude_PUNCT_SYM",TRUE
"test-s186","ttr",14,13,0.928571428571429,"ok",NA,FALSE,NA,NA,"SUW","exclude_PUNCT_SYM",TRUE
"test-s186","mattr",14,13,NA,"missing","too_short_for_requested_parameter",TRUE,NA,NA,"SUW","exclude_PUNCT_SYM",TRUE
"test-s186","mtld",14,13,54.88,"ok",NA,TRUE,TRUE,0,"SUW","exclude_PUNCT_SYM",TRUE
"test-s187","ttr",5,5,1,"ok",NA,FALSE,NA,NA,"SUW","exclude_PUNCT_SYM",TRUE
"test-s187","mattr",5,5,NA,"missing","too_short_for_requested_parameter",TRUE,NA,NA,"SUW","exclude_PUNCT_SYM",TRUE
"test-s187","mtld",5,5,NA,"missing","no_factor",TRUE,NA,NA,"SUW","exclude_PUNCT_SYM",TRUE
"test-s188","ttr",14,14,1,"ok",NA,FALSE,NA,NA,"SUW","exclude_PUNCT_SYM",TRUE
"test-s188","mattr",14,14,NA,"missing","too_short_for_requested_parameter",TRUE,NA,NA,"SUW","exclude_PUNCT_SYM",TRUE
"test-s188","mtld",14,14,NA,"missing","no_factor",TRUE,NA,NA,"SUW","exclude_PUNCT_SYM",TRUE
"test-s189","ttr",36,27,0.75,"ok",NA,FALSE,NA,NA,"SUW","exclude_PUNCT_SYM",TRUE
"test-s189","mattr",36,27,NA,"missing","too_short_for_requested_parameter",TRUE,NA,NA,"SUW","exclude_PUNCT_SYM",TRUE
"test-s189","mtld",36,27,38.16,"ok",NA,TRUE,TRUE,11.3207547169811,"SUW","exclude_PUNCT_SYM",TRUE
"test-s190","ttr",7,7,1,"ok",NA,FALSE,NA,NA,"SUW","exclude_PUNCT_SYM",TRUE
"test-s190","mattr",7,7,NA,"missing","too_short_for_requested_parameter",TRUE,NA,NA,"SUW","exclude_PUNCT_SYM",TRUE
"test-s190","mtld",7,7,NA,"missing","no_factor",TRUE,NA,NA,"SUW","exclude_PUNCT_SYM",TRUE
"test-s191","ttr",13,12,0.923076923076923,"ok",NA,FALSE,NA,NA,"SUW","exclude_PUNCT_SYM",TRUE
"test-s191","mattr",13,12,NA,"missing","too_short_for_requested_parameter",TRUE,NA,NA,"SUW","exclude_PUNCT_SYM",TRUE
"test-s191","mtld",13,12,47.32,"ok",NA,TRUE,TRUE,0,"SUW","exclude_PUNCT_SYM",TRUE
"test-s192","ttr",6,6,1,"ok",NA,FALSE,NA,NA,"SUW","exclude_PUNCT_SYM",TRUE
"test-s192","mattr",6,6,NA,"missing","too_short_for_requested_parameter",TRUE,NA,NA,"SUW","exclude_PUNCT_SYM",TRUE
"test-s192","mtld",6,6,NA,"missing","no_factor",TRUE,NA,NA,"SUW","exclude_PUNCT_SYM",TRUE
"test-s193","ttr",28,23,0.821428571428571,"ok",NA,FALSE,NA,NA,"SUW","exclude_PUNCT_SYM",TRUE
"test-s193","mattr",28,23,NA,"missing","too_short_for_requested_parameter",TRUE,NA,NA,"SUW","exclude_PUNCT_SYM",TRUE
"test-s193","mtld",28,23,43.904,"ok",NA,TRUE,TRUE,0,"SUW","exclude_PUNCT_SYM",TRUE
"test-s194","ttr",27,24,0.888888888888889,"ok",NA,FALSE,NA,NA,"SUW","exclude_PUNCT_SYM",TRUE
"test-s194","mattr",27,24,NA,"missing","too_short_for_requested_parameter",TRUE,NA,NA,"SUW","exclude_PUNCT_SYM",TRUE
"test-s194","mtld",27,24,68.04,"ok",NA,TRUE,TRUE,0,"SUW","exclude_PUNCT_SYM",TRUE
"test-s195","ttr",10,9,0.9,"ok",NA,FALSE,NA,NA,"SUW","exclude_PUNCT_SYM",TRUE
"test-s195","mattr",10,9,NA,"missing","too_short_for_requested_parameter",TRUE,NA,NA,"SUW","exclude_PUNCT_SYM",TRUE
"test-s195","mtld",10,9,28,"ok",NA,TRUE,TRUE,0,"SUW","exclude_PUNCT_SYM",TRUE
"test-s196","ttr",3,3,1,"ok",NA,FALSE,NA,NA,"SUW","exclude_PUNCT_SYM",TRUE
"test-s196","mattr",3,3,NA,"missing","too_short_for_requested_parameter",TRUE,NA,NA,"SUW","exclude_PUNCT_SYM",TRUE
"test-s196","mtld",3,3,NA,"missing","no_factor",TRUE,NA,NA,"SUW","exclude_PUNCT_SYM",TRUE
"test-s197","ttr",36,26,0.722222222222222,"ok",NA,FALSE,NA,NA,"SUW","exclude_PUNCT_SYM",TRUE
"test-s197","mattr",36,26,NA,"missing","too_short_for_requested_parameter",TRUE,NA,NA,"SUW","exclude_PUNCT_SYM",TRUE
"test-s197","mtld",36,26,36.144,"ok",NA,TRUE,TRUE,0.796812749003994,"SUW","exclude_PUNCT_SYM",TRUE
"test-s198","ttr",23,21,0.91304347826087,"ok",NA,FALSE,NA,NA,"SUW","exclude_PUNCT_SYM",TRUE
"test-s198","mattr",23,21,NA,"missing","too_short_for_requested_parameter",TRUE,NA,NA,"SUW","exclude_PUNCT_SYM",TRUE
"test-s198","mtld",23,21,74.06,"ok",NA,TRUE,TRUE,0,"SUW","exclude_PUNCT_SYM",TRUE
"test-s199","ttr",19,17,0.894736842105263,"ok",NA,FALSE,NA,NA,"SUW","exclude_PUNCT_SYM",TRUE
"test-s199","mattr",19,17,NA,"missing","too_short_for_requested_parameter",TRUE,NA,NA,"SUW","exclude_PUNCT_SYM",TRUE
"test-s199","mtld",19,17,50.54,"ok",NA,TRUE,TRUE,0,"SUW","exclude_PUNCT_SYM",TRUE
"test-s200","ttr",28,22,0.785714285714286,"ok",NA,FALSE,NA,NA,"SUW","exclude_PUNCT_SYM",TRUE
"test-s200","mattr",28,22,NA,"missing","too_short_for_requested_parameter",TRUE,NA,NA,"SUW","exclude_PUNCT_SYM",TRUE
"test-s200","mtld",28,22,36.5866666666667,"ok",NA,TRUE,TRUE,0,"SUW","exclude_PUNCT_SYM",TRUE
"test-s201","ttr",15,13,0.866666666666667,"ok",NA,FALSE,NA,NA,"SUW","exclude_PUNCT_SYM",TRUE
"test-s201","mattr",15,13,NA,"missing","too_short_for_requested_parameter",TRUE,NA,NA,"SUW","exclude_PUNCT_SYM",TRUE
"test-s201","mtld",15,13,31.5,"ok",NA,TRUE,TRUE,0,"SUW","exclude_PUNCT_SYM",TRUE
"test-s202","ttr",6,6,1,"ok",NA,FALSE,NA,NA,"SUW","exclude_PUNCT_SYM",TRUE
"test-s202","mattr",6,6,NA,"missing","too_short_for_requested_parameter",TRUE,NA,NA,"SUW","exclude_PUNCT_SYM",TRUE
"test-s202","mtld",6,6,NA,"missing","no_factor",TRUE,NA,NA,"SUW","exclude_PUNCT_SYM",TRUE
"test-s203","ttr",5,5,1,"ok",NA,FALSE,NA,NA,"SUW","exclude_PUNCT_SYM",TRUE
"test-s203","mattr",5,5,NA,"missing","too_short_for_requested_parameter",TRUE,NA,NA,"SUW","exclude_PUNCT_SYM",TRUE
"test-s203","mtld",5,5,NA,"missing","no_factor",TRUE,NA,NA,"SUW","exclude_PUNCT_SYM",TRUE
"test-s204","ttr",38,28,0.736842105263158,"ok",NA,FALSE,NA,NA,"SUW","exclude_PUNCT_SYM",TRUE
"test-s204","mattr",38,28,NA,"missing","too_short_for_requested_parameter",TRUE,NA,NA,"SUW","exclude_PUNCT_SYM",TRUE
"test-s204","mtld",38,28,40.432,"ok",NA,TRUE,TRUE,0,"SUW","exclude_PUNCT_SYM",TRUE
"test-s205","ttr",10,10,1,"ok",NA,FALSE,NA,NA,"SUW","exclude_PUNCT_SYM",TRUE
"test-s205","mattr",10,10,NA,"missing","too_short_for_requested_parameter",TRUE,NA,NA,"SUW","exclude_PUNCT_SYM",TRUE
"test-s205","mtld",10,10,NA,"missing","no_factor",TRUE,NA,NA,"SUW","exclude_PUNCT_SYM",TRUE
"test-s206","ttr",22,21,0.954545454545455,"ok",NA,FALSE,NA,NA,"SUW","exclude_PUNCT_SYM",TRUE
"test-s206","mattr",22,21,NA,"missing","too_short_for_requested_parameter",TRUE,NA,NA,"SUW","exclude_PUNCT_SYM",TRUE
"test-s206","mtld",22,21,135.52,"ok",NA,TRUE,TRUE,0,"SUW","exclude_PUNCT_SYM",TRUE
"test-s207","ttr",14,14,1,"ok",NA,FALSE,NA,NA,"SUW","exclude_PUNCT_SYM",FALSE
"test-s207","mattr",14,14,NA,"missing","too_short_for_requested_parameter",TRUE,NA,NA,"SUW","exclude_PUNCT_SYM",FALSE
"test-s207","mtld",14,14,NA,"missing","no_factor",TRUE,NA,NA,"SUW","exclude_PUNCT_SYM",FALSE
"test-s211","ttr",12,12,1,"ok",NA,FALSE,NA,NA,"SUW","exclude_PUNCT_SYM",TRUE
"test-s211","mattr",12,12,NA,"missing","too_short_for_requested_parameter",TRUE,NA,NA,"SUW","exclude_PUNCT_SYM",TRUE
"test-s211","mtld",12,12,NA,"missing","no_factor",TRUE,NA,NA,"SUW","exclude_PUNCT_SYM",TRUE
"test-s212","ttr",24,22,0.916666666666667,"ok",NA,FALSE,NA,NA,"SUW","exclude_PUNCT_SYM",TRUE
"test-s212","mattr",24,22,NA,"missing","too_short_for_requested_parameter",TRUE,NA,NA,"SUW","exclude_PUNCT_SYM",TRUE
"test-s212","mtld",24,22,80.64,"ok",NA,TRUE,TRUE,0,"SUW","exclude_PUNCT_SYM",TRUE
"test-s213","ttr",24,17,0.708333333333333,"ok",NA,FALSE,NA,NA,"SUW","exclude_PUNCT_SYM",TRUE
"test-s213","mattr",24,17,NA,"missing","too_short_for_requested_parameter",TRUE,NA,NA,"SUW","exclude_PUNCT_SYM",TRUE
"test-s213","mtld",24,17,24,"ok",NA,TRUE,FALSE,0,"SUW","exclude_PUNCT_SYM",TRUE
"test-s214","ttr",14,14,1,"ok",NA,FALSE,NA,NA,"SUW","exclude_PUNCT_SYM",TRUE
"test-s214","mattr",14,14,NA,"missing","too_short_for_requested_parameter",TRUE,NA,NA,"SUW","exclude_PUNCT_SYM",TRUE
"test-s214","mtld",14,14,NA,"missing","no_factor",TRUE,NA,NA,"SUW","exclude_PUNCT_SYM",TRUE
"test-s215","ttr",12,11,0.916666666666667,"ok",NA,FALSE,NA,NA,"SUW","exclude_PUNCT_SYM",TRUE
"test-s215","mattr",12,11,NA,"missing","too_short_for_requested_parameter",TRUE,NA,NA,"SUW","exclude_PUNCT_SYM",TRUE
"test-s215","mtld",12,11,40.32,"ok",NA,TRUE,TRUE,0,"SUW","exclude_PUNCT_SYM",TRUE
"test-s216","ttr",34,29,0.852941176470588,"ok",NA,FALSE,NA,NA,"SUW","exclude_PUNCT_SYM",TRUE
"test-s216","mattr",34,29,NA,"missing","too_short_for_requested_parameter",TRUE,NA,NA,"SUW","exclude_PUNCT_SYM",TRUE
"test-s216","mtld",34,29,64.736,"ok",NA,TRUE,TRUE,0,"SUW","exclude_PUNCT_SYM",TRUE
"test-s217","ttr",31,27,0.870967741935484,"ok",NA,FALSE,NA,NA,"SUW","exclude_PUNCT_SYM",TRUE
"test-s217","mattr",31,27,NA,"missing","too_short_for_requested_parameter",TRUE,NA,NA,"SUW","exclude_PUNCT_SYM",TRUE
"test-s217","mtld",31,27,67.27,"ok",NA,TRUE,TRUE,0,"SUW","exclude_PUNCT_SYM",TRUE
"test-s218","ttr",25,22,0.88,"ok",NA,FALSE,NA,NA,"SUW","exclude_PUNCT_SYM",TRUE
"test-s218","mattr",25,22,NA,"missing","too_short_for_requested_parameter",TRUE,NA,NA,"SUW","exclude_PUNCT_SYM",TRUE
"test-s218","mtld",25,22,58.3333333333333,"ok",NA,TRUE,TRUE,0,"SUW","exclude_PUNCT_SYM",TRUE
"test-s219","ttr",21,18,0.857142857142857,"ok",NA,FALSE,NA,NA,"SUW","exclude_PUNCT_SYM",TRUE
"test-s219","mattr",21,18,NA,"missing","too_short_for_requested_parameter",TRUE,NA,NA,"SUW","exclude_PUNCT_SYM",TRUE
"test-s219","mtld",21,18,41.16,"ok",NA,TRUE,TRUE,0,"SUW","exclude_PUNCT_SYM",TRUE
"test-s220","ttr",10,10,1,"ok",NA,FALSE,NA,NA,"SUW","exclude_PUNCT_SYM",TRUE
"test-s220","mattr",10,10,NA,"missing","too_short_for_requested_parameter",TRUE,NA,NA,"SUW","exclude_PUNCT_SYM",TRUE
"test-s220","mtld",10,10,NA,"missing","no_factor",TRUE,NA,NA,"SUW","exclude_PUNCT_SYM",TRUE
"test-s221","ttr",24,21,0.875,"ok",NA,FALSE,NA,NA,"SUW","exclude_PUNCT_SYM",TRUE
"test-s221","mattr",24,21,NA,"missing","too_short_for_requested_parameter",TRUE,NA,NA,"SUW","exclude_PUNCT_SYM",TRUE
"test-s221","mtld",24,21,53.76,"ok",NA,TRUE,TRUE,0,"SUW","exclude_PUNCT_SYM",TRUE
"test-s222","ttr",6,5,0.833333333333333,"ok",NA,FALSE,NA,NA,"SUW","exclude_PUNCT_SYM",TRUE
"test-s222","mattr",6,5,NA,"missing","too_short_for_requested_parameter",TRUE,NA,NA,"SUW","exclude_PUNCT_SYM",TRUE
"test-s222","mtld",6,5,10.08,"ok",NA,TRUE,TRUE,0,"SUW","exclude_PUNCT_SYM",TRUE
"test-s223","ttr",13,13,1,"ok",NA,FALSE,NA,NA,"SUW","exclude_PUNCT_SYM",TRUE
"test-s223","mattr",13,13,NA,"missing","too_short_for_requested_parameter",TRUE,NA,NA,"SUW","exclude_PUNCT_SYM",TRUE
"test-s223","mtld",13,13,NA,"missing","no_factor",TRUE,NA,NA,"SUW","exclude_PUNCT_SYM",TRUE
"test-s224","ttr",17,14,0.823529411764706,"ok",NA,FALSE,NA,NA,"SUW","exclude_PUNCT_SYM",TRUE
"test-s224","mattr",17,14,NA,"missing","too_short_for_requested_parameter",TRUE,NA,NA,"SUW","exclude_PUNCT_SYM",TRUE
"test-s224","mtld",17,14,26.9733333333333,"ok",NA,TRUE,TRUE,0,"SUW","exclude_PUNCT_SYM",TRUE
"test-s226","ttr",25,24,0.96,"ok",NA,FALSE,NA,NA,"SUW","exclude_PUNCT_SYM",TRUE
"test-s226","mattr",25,24,NA,"missing","too_short_for_requested_parameter",TRUE,NA,NA,"SUW","exclude_PUNCT_SYM",TRUE
"test-s226","mtld",25,24,175,"ok",NA,TRUE,TRUE,0,"SUW","exclude_PUNCT_SYM",TRUE
"test-s227","ttr",7,7,1,"ok",NA,FALSE,NA,NA,"SUW","exclude_PUNCT_SYM",TRUE
"test-s227","mattr",7,7,NA,"missing","too_short_for_requested_parameter",TRUE,NA,NA,"SUW","exclude_PUNCT_SYM",TRUE
"test-s227","mtld",7,7,NA,"missing","no_factor",TRUE,NA,NA,"SUW","exclude_PUNCT_SYM",TRUE
"test-s228","ttr",32,23,0.71875,"ok",NA,FALSE,NA,NA,"SUW","exclude_PUNCT_SYM",TRUE
"test-s228","mattr",32,23,NA,"missing","too_short_for_requested_parameter",TRUE,NA,NA,"SUW","exclude_PUNCT_SYM",TRUE
"test-s228","mtld",32,23,32,"ok",NA,TRUE,FALSE,0,"SUW","exclude_PUNCT_SYM",TRUE
"test-s229","ttr",34,29,0.852941176470588,"ok",NA,FALSE,NA,NA,"SUW","exclude_PUNCT_SYM",TRUE
"test-s229","mattr",34,29,NA,"missing","too_short_for_requested_parameter",TRUE,NA,NA,"SUW","exclude_PUNCT_SYM",TRUE
"test-s229","mtld",34,29,64.736,"ok",NA,TRUE,TRUE,0,"SUW","exclude_PUNCT_SYM",TRUE
"test-s230","ttr",7,7,1,"ok",NA,FALSE,NA,NA,"SUW","exclude_PUNCT_SYM",TRUE
"test-s230","mattr",7,7,NA,"missing","too_short_for_requested_parameter",TRUE,NA,NA,"SUW","exclude_PUNCT_SYM",TRUE
"test-s230","mtld",7,7,NA,"missing","no_factor",TRUE,NA,NA,"SUW","exclude_PUNCT_SYM",TRUE
"test-s231","ttr",19,18,0.947368421052632,"ok",NA,FALSE,NA,NA,"SUW","exclude_PUNCT_SYM",TRUE
"test-s231","mattr",19,18,NA,"missing","too_short_for_requested_parameter",TRUE,NA,NA,"SUW","exclude_PUNCT_SYM",TRUE
"test-s231","mtld",19,18,101.08,"ok",NA,TRUE,TRUE,0,"SUW","exclude_PUNCT_SYM",TRUE
"test-s232","ttr",20,18,0.9,"ok",NA,FALSE,NA,NA,"SUW","exclude_PUNCT_SYM",TRUE
"test-s232","mattr",20,18,NA,"missing","too_short_for_requested_parameter",TRUE,NA,NA,"SUW","exclude_PUNCT_SYM",TRUE
"test-s232","mtld",20,18,56,"ok",NA,TRUE,TRUE,0,"SUW","exclude_PUNCT_SYM",TRUE
"test-s233","ttr",18,17,0.944444444444444,"ok",NA,FALSE,NA,NA,"SUW","exclude_PUNCT_SYM",TRUE
"test-s233","mattr",18,17,NA,"missing","too_short_for_requested_parameter",TRUE,NA,NA,"SUW","exclude_PUNCT_SYM",TRUE
"test-s233","mtld",18,17,90.72,"ok",NA,TRUE,TRUE,0,"SUW","exclude_PUNCT_SYM",TRUE
"test-s234","ttr",8,8,1,"ok",NA,FALSE,NA,NA,"SUW","exclude_PUNCT_SYM",TRUE
"test-s234","mattr",8,8,NA,"missing","too_short_for_requested_parameter",TRUE,NA,NA,"SUW","exclude_PUNCT_SYM",TRUE
"test-s234","mtld",8,8,NA,"missing","no_factor",TRUE,NA,NA,"SUW","exclude_PUNCT_SYM",TRUE
"test-s235","ttr",7,7,1,"ok",NA,FALSE,NA,NA,"SUW","exclude_PUNCT_SYM",TRUE
"test-s235","mattr",7,7,NA,"missing","too_short_for_requested_parameter",TRUE,NA,NA,"SUW","exclude_PUNCT_SYM",TRUE
"test-s235","mtld",7,7,NA,"missing","no_factor",TRUE,NA,NA,"SUW","exclude_PUNCT_SYM",TRUE
"test-s236","ttr",28,25,0.892857142857143,"ok",NA,FALSE,NA,NA,"SUW","exclude_PUNCT_SYM",TRUE
"test-s236","mattr",28,25,NA,"missing","too_short_for_requested_parameter",TRUE,NA,NA,"SUW","exclude_PUNCT_SYM",TRUE
"test-s236","mtld",28,25,73.1733333333334,"ok",NA,TRUE,TRUE,0,"SUW","exclude_PUNCT_SYM",TRUE
"test-s237","ttr",16,14,0.875,"ok",NA,FALSE,NA,NA,"SUW","exclude_PUNCT_SYM",TRUE
"test-s237","mattr",16,14,NA,"missing","too_short_for_requested_parameter",TRUE,NA,NA,"SUW","exclude_PUNCT_SYM",TRUE
"test-s237","mtld",16,14,35.84,"ok",NA,TRUE,TRUE,0,"SUW","exclude_PUNCT_SYM",TRUE
"test-s238","ttr",19,16,0.842105263157895,"ok",NA,FALSE,NA,NA,"SUW","exclude_PUNCT_SYM",TRUE
"test-s238","mattr",19,16,NA,"missing","too_short_for_requested_parameter",TRUE,NA,NA,"SUW","exclude_PUNCT_SYM",TRUE
"test-s238","mtld",19,16,33.6933333333333,"ok",NA,TRUE,TRUE,0,"SUW","exclude_PUNCT_SYM",TRUE
"test-s239","ttr",22,21,0.954545454545455,"ok",NA,FALSE,NA,NA,"SUW","exclude_PUNCT_SYM",TRUE
"test-s239","mattr",22,21,NA,"missing","too_short_for_requested_parameter",TRUE,NA,NA,"SUW","exclude_PUNCT_SYM",TRUE
"test-s239","mtld",22,21,135.52,"ok",NA,TRUE,TRUE,0,"SUW","exclude_PUNCT_SYM",TRUE
"test-s240","ttr",9,9,1,"ok",NA,FALSE,NA,NA,"SUW","exclude_PUNCT_SYM",TRUE
"test-s240","mattr",9,9,NA,"missing","too_short_for_requested_parameter",TRUE,NA,NA,"SUW","exclude_PUNCT_SYM",TRUE
"test-s240","mtld",9,9,NA,"missing","no_factor",TRUE,NA,NA,"SUW","exclude_PUNCT_SYM",TRUE
"test-s241","ttr",16,13,0.8125,"ok",NA,FALSE,NA,NA,"SUW","exclude_PUNCT_SYM",TRUE
"test-s241","mattr",16,13,NA,"missing","too_short_for_requested_parameter",TRUE,NA,NA,"SUW","exclude_PUNCT_SYM",TRUE
"test-s241","mtld",16,13,23.8933333333333,"ok",NA,TRUE,TRUE,0,"SUW","exclude_PUNCT_SYM",TRUE
"test-s243","ttr",12,11,0.916666666666667,"ok",NA,FALSE,NA,NA,"SUW","exclude_PUNCT_SYM",TRUE
"test-s243","mattr",12,11,NA,"missing","too_short_for_requested_parameter",TRUE,NA,NA,"SUW","exclude_PUNCT_SYM",TRUE
"test-s243","mtld",12,11,40.32,"ok",NA,TRUE,TRUE,0,"SUW","exclude_PUNCT_SYM",TRUE
"test-s244","ttr",10,10,1,"ok",NA,FALSE,NA,NA,"SUW","exclude_PUNCT_SYM",TRUE
"test-s244","mattr",10,10,NA,"missing","too_short_for_requested_parameter",TRUE,NA,NA,"SUW","exclude_PUNCT_SYM",TRUE
"test-s244","mtld",10,10,NA,"missing","no_factor",TRUE,NA,NA,"SUW","exclude_PUNCT_SYM",TRUE
"test-s245","ttr",40,31,0.775,"ok",NA,FALSE,NA,NA,"SUW","exclude_PUNCT_SYM",TRUE
"test-s245","mattr",40,31,NA,"missing","too_short_for_requested_parameter",TRUE,NA,NA,"SUW","exclude_PUNCT_SYM",TRUE
"test-s245","mtld",40,31,49.7777777777778,"ok",NA,TRUE,TRUE,0,"SUW","exclude_PUNCT_SYM",TRUE
"test-s246","ttr",17,15,0.88235294117647,"ok",NA,FALSE,NA,NA,"SUW","exclude_PUNCT_SYM",TRUE
"test-s246","mattr",17,15,NA,"missing","too_short_for_requested_parameter",TRUE,NA,NA,"SUW","exclude_PUNCT_SYM",TRUE
"test-s246","mtld",17,15,40.46,"ok",NA,TRUE,TRUE,0,"SUW","exclude_PUNCT_SYM",TRUE
"test-s247","ttr",28,25,0.892857142857143,"ok",NA,FALSE,NA,NA,"SUW","exclude_PUNCT_SYM",TRUE
"test-s247","mattr",28,25,NA,"missing","too_short_for_requested_parameter",TRUE,NA,NA,"SUW","exclude_PUNCT_SYM",TRUE
"test-s247","mtld",28,25,73.1733333333334,"ok",NA,TRUE,TRUE,0,"SUW","exclude_PUNCT_SYM",TRUE
"test-s249","ttr",26,24,0.923076923076923,"ok",NA,FALSE,NA,NA,"SUW","exclude_PUNCT_SYM",TRUE
"test-s249","mattr",26,24,NA,"missing","too_short_for_requested_parameter",TRUE,NA,NA,"SUW","exclude_PUNCT_SYM",TRUE
"test-s249","mtld",26,24,94.6400000000001,"ok",NA,TRUE,TRUE,0,"SUW","exclude_PUNCT_SYM",TRUE
"test-s250","ttr",23,19,0.826086956521739,"ok",NA,FALSE,NA,NA,"SUW","exclude_PUNCT_SYM",TRUE
"test-s250","mattr",23,19,NA,"missing","too_short_for_requested_parameter",TRUE,NA,NA,"SUW","exclude_PUNCT_SYM",TRUE
"test-s250","mtld",23,19,37.03,"ok",NA,TRUE,TRUE,0,"SUW","exclude_PUNCT_SYM",TRUE
"test-s251","ttr",48,35,0.729166666666667,"ok",NA,FALSE,NA,NA,"SUW","exclude_PUNCT_SYM",TRUE
"test-s251","mattr",48,35,NA,"missing","too_short_for_requested_parameter",TRUE,NA,NA,"SUW","exclude_PUNCT_SYM",TRUE
"test-s251","mtld",48,35,48.8123076923077,"ok",NA,TRUE,TRUE,3.32829046898638,"SUW","exclude_PUNCT_SYM",TRUE
"test-s252","ttr",9,9,1,"ok",NA,FALSE,NA,NA,"SUW","exclude_PUNCT_SYM",TRUE
"test-s252","mattr",9,9,NA,"missing","too_short_for_requested_parameter",TRUE,NA,NA,"SUW","exclude_PUNCT_SYM",TRUE
"test-s252","mtld",9,9,NA,"missing","no_factor",TRUE,NA,NA,"SUW","exclude_PUNCT_SYM",TRUE
"test-s253","ttr",38,28,0.736842105263158,"ok",NA,FALSE,NA,NA,"SUW","exclude_PUNCT_SYM",TRUE
"test-s253","mattr",38,28,NA,"missing","too_short_for_requested_parameter",TRUE,NA,NA,"SUW","exclude_PUNCT_SYM",TRUE
"test-s253","mtld",38,28,40.432,"ok",NA,TRUE,TRUE,0,"SUW","exclude_PUNCT_SYM",TRUE
"test-s254","ttr",20,20,1,"ok",NA,FALSE,NA,NA,"SUW","exclude_PUNCT_SYM",TRUE
"test-s254","mattr",20,20,NA,"missing","too_short_for_requested_parameter",TRUE,NA,NA,"SUW","exclude_PUNCT_SYM",TRUE
"test-s254","mtld",20,20,NA,"missing","no_factor",TRUE,NA,NA,"SUW","exclude_PUNCT_SYM",TRUE
"test-s256","ttr",20,18,0.9,"ok",NA,FALSE,NA,NA,"SUW","exclude_PUNCT_SYM",TRUE
"test-s256","mattr",20,18,NA,"missing","too_short_for_requested_parameter",TRUE,NA,NA,"SUW","exclude_PUNCT_SYM",TRUE
"test-s256","mtld",20,18,56,"ok",NA,TRUE,TRUE,0,"SUW","exclude_PUNCT_SYM",TRUE
"test-s257","ttr",16,15,0.9375,"ok",NA,FALSE,NA,NA,"SUW","exclude_PUNCT_SYM",TRUE
"test-s257","mattr",16,15,NA,"missing","too_short_for_requested_parameter",TRUE,NA,NA,"SUW","exclude_PUNCT_SYM",TRUE
"test-s257","mtld",16,15,71.68,"ok",NA,TRUE,TRUE,0,"SUW","exclude_PUNCT_SYM",TRUE
"test-s258","ttr",15,15,1,"ok",NA,FALSE,NA,NA,"SUW","exclude_PUNCT_SYM",TRUE
"test-s258","mattr",15,15,NA,"missing","too_short_for_requested_parameter",TRUE,NA,NA,"SUW","exclude_PUNCT_SYM",TRUE
"test-s258","mtld",15,15,NA,"missing","no_factor",TRUE,NA,NA,"SUW","exclude_PUNCT_SYM",TRUE
"test-s259","ttr",32,24,0.75,"ok",NA,FALSE,NA,NA,"SUW","exclude_PUNCT_SYM",TRUE
"test-s259","mattr",32,24,NA,"missing","too_short_for_requested_parameter",TRUE,NA,NA,"SUW","exclude_PUNCT_SYM",TRUE
"test-s259","mtld",32,24,33.92,"ok",NA,TRUE,TRUE,11.3207547169811,"SUW","exclude_PUNCT_SYM",TRUE
"test-s260","ttr",16,15,0.9375,"ok",NA,FALSE,NA,NA,"SUW","exclude_PUNCT_SYM",TRUE
"test-s260","mattr",16,15,NA,"missing","too_short_for_requested_parameter",TRUE,NA,NA,"SUW","exclude_PUNCT_SYM",TRUE
"test-s260","mtld",16,15,71.68,"ok",NA,TRUE,TRUE,0,"SUW","exclude_PUNCT_SYM",TRUE
"test-s261","ttr",38,28,0.736842105263158,"ok",NA,FALSE,NA,NA,"SUW","exclude_PUNCT_SYM",TRUE
"test-s261","mattr",38,28,NA,"missing","too_short_for_requested_parameter",TRUE,NA,NA,"SUW","exclude_PUNCT_SYM",TRUE
"test-s261","mtld",38,28,39.216,"ok",NA,TRUE,TRUE,6.2015503875969,"SUW","exclude_PUNCT_SYM",TRUE
"test-s262","ttr",16,14,0.875,"ok",NA,FALSE,NA,NA,"SUW","exclude_PUNCT_SYM",TRUE
"test-s262","mattr",16,14,NA,"missing","too_short_for_requested_parameter",TRUE,NA,NA,"SUW","exclude_PUNCT_SYM",TRUE
"test-s262","mtld",16,14,35.84,"ok",NA,TRUE,TRUE,0,"SUW","exclude_PUNCT_SYM",TRUE
"test-s263","ttr",25,21,0.84,"ok",NA,FALSE,NA,NA,"SUW","exclude_PUNCT_SYM",TRUE
"test-s263","mattr",25,21,NA,"missing","too_short_for_requested_parameter",TRUE,NA,NA,"SUW","exclude_PUNCT_SYM",TRUE
"test-s263","mtld",25,21,43.75,"ok",NA,TRUE,TRUE,0,"SUW","exclude_PUNCT_SYM",TRUE
"test-s264","ttr",35,28,0.8,"ok",NA,FALSE,NA,NA,"SUW","exclude_PUNCT_SYM",TRUE
"test-s264","mattr",35,28,NA,"missing","too_short_for_requested_parameter",TRUE,NA,NA,"SUW","exclude_PUNCT_SYM",TRUE
"test-s264","mtld",35,28,49,"ok",NA,TRUE,TRUE,0,"SUW","exclude_PUNCT_SYM",TRUE
"test-s265","ttr",21,20,0.952380952380952,"ok",NA,FALSE,NA,NA,"SUW","exclude_PUNCT_SYM",TRUE
"test-s265","mattr",21,20,NA,"missing","too_short_for_requested_parameter",TRUE,NA,NA,"SUW","exclude_PUNCT_SYM",TRUE
"test-s265","mtld",21,20,123.48,"ok",NA,TRUE,TRUE,0,"SUW","exclude_PUNCT_SYM",TRUE
"test-s266","ttr",44,31,0.704545454545455,"ok",NA,FALSE,NA,NA,"SUW","exclude_PUNCT_SYM",TRUE
"test-s266","mattr",44,31,NA,"missing","too_short_for_requested_parameter",TRUE,NA,NA,"SUW","exclude_PUNCT_SYM",TRUE
"test-s266","mtld",44,31,36.1985815602837,"ok",NA,TRUE,FALSE,43.1034482758621,"SUW","exclude_PUNCT_SYM",TRUE
"test-s267","ttr",20,19,0.95,"ok",NA,FALSE,NA,NA,"SUW","exclude_PUNCT_SYM",TRUE
"test-s267","mattr",20,19,NA,"missing","too_short_for_requested_parameter",TRUE,NA,NA,"SUW","exclude_PUNCT_SYM",TRUE
"test-s267","mtld",20,19,112,"ok",NA,TRUE,TRUE,0,"SUW","exclude_PUNCT_SYM",TRUE
"test-s269","ttr",21,17,0.80952380952381,"ok",NA,FALSE,NA,NA,"SUW","exclude_PUNCT_SYM",TRUE
"test-s269","mattr",21,17,NA,"missing","too_short_for_requested_parameter",TRUE,NA,NA,"SUW","exclude_PUNCT_SYM",TRUE
"test-s269","mtld",21,17,30.87,"ok",NA,TRUE,TRUE,0,"SUW","exclude_PUNCT_SYM",TRUE
"test-s270","ttr",20,17,0.85,"ok",NA,FALSE,NA,NA,"SUW","exclude_PUNCT_SYM",TRUE
"test-s270","mattr",20,17,NA,"missing","too_short_for_requested_parameter",TRUE,NA,NA,"SUW","exclude_PUNCT_SYM",TRUE
"test-s270","mtld",20,17,37.3333333333333,"ok",NA,TRUE,TRUE,0,"SUW","exclude_PUNCT_SYM",TRUE
"test-s271","ttr",21,20,0.952380952380952,"ok",NA,FALSE,NA,NA,"SUW","exclude_PUNCT_SYM",TRUE
"test-s271","mattr",21,20,NA,"missing","too_short_for_requested_parameter",TRUE,NA,NA,"SUW","exclude_PUNCT_SYM",TRUE
"test-s271","mtld",21,20,123.48,"ok",NA,TRUE,TRUE,0,"SUW","exclude_PUNCT_SYM",TRUE
"test-s272","ttr",8,8,1,"ok",NA,FALSE,NA,NA,"SUW","exclude_PUNCT_SYM",TRUE
"test-s272","mattr",8,8,NA,"missing","too_short_for_requested_parameter",TRUE,NA,NA,"SUW","exclude_PUNCT_SYM",TRUE
"test-s272","mtld",8,8,NA,"missing","no_factor",TRUE,NA,NA,"SUW","exclude_PUNCT_SYM",TRUE
"test-s273","ttr",13,12,0.923076923076923,"ok",NA,FALSE,NA,NA,"SUW","exclude_PUNCT_SYM",TRUE
"test-s273","mattr",13,12,NA,"missing","too_short_for_requested_parameter",TRUE,NA,NA,"SUW","exclude_PUNCT_SYM",TRUE
"test-s273","mtld",13,12,47.32,"ok",NA,TRUE,TRUE,0,"SUW","exclude_PUNCT_SYM",TRUE
"test-s274","ttr",51,41,0.803921568627451,"ok",NA,FALSE,NA,NA,"SUW","exclude_PUNCT_SYM",TRUE
"test-s274","mattr",51,41,0.81,"ok",NA,FALSE,NA,NA,"SUW","exclude_PUNCT_SYM",TRUE
"test-s274","mtld",51,41,72.828,"ok",NA,FALSE,TRUE,0,"SUW","exclude_PUNCT_SYM",TRUE
"test-s275","ttr",26,25,0.961538461538462,"ok",NA,FALSE,NA,NA,"SUW","exclude_PUNCT_SYM",TRUE
"test-s275","mattr",26,25,NA,"missing","too_short_for_requested_parameter",TRUE,NA,NA,"SUW","exclude_PUNCT_SYM",TRUE
"test-s275","mtld",26,25,189.28,"ok",NA,TRUE,TRUE,0,"SUW","exclude_PUNCT_SYM",TRUE
"test-s276","ttr",17,15,0.88235294117647,"ok",NA,FALSE,NA,NA,"SUW","exclude_PUNCT_SYM",TRUE
"test-s276","mattr",17,15,NA,"missing","too_short_for_requested_parameter",TRUE,NA,NA,"SUW","exclude_PUNCT_SYM",TRUE
"test-s276","mtld",17,15,40.46,"ok",NA,TRUE,TRUE,0,"SUW","exclude_PUNCT_SYM",TRUE
"test-s277","ttr",19,19,1,"ok",NA,FALSE,NA,NA,"SUW","exclude_PUNCT_SYM",TRUE
"test-s277","mattr",19,19,NA,"missing","too_short_for_requested_parameter",TRUE,NA,NA,"SUW","exclude_PUNCT_SYM",TRUE
"test-s277","mtld",19,19,NA,"missing","no_factor",TRUE,NA,NA,"SUW","exclude_PUNCT_SYM",TRUE
"test-s278","ttr",8,8,1,"ok",NA,FALSE,NA,NA,"SUW","exclude_PUNCT_SYM",TRUE
"test-s278","mattr",8,8,NA,"missing","too_short_for_requested_parameter",TRUE,NA,NA,"SUW","exclude_PUNCT_SYM",TRUE
"test-s278","mtld",8,8,NA,"missing","no_factor",TRUE,NA,NA,"SUW","exclude_PUNCT_SYM",TRUE
"test-s279","ttr",11,11,1,"ok",NA,FALSE,NA,NA,"SUW","exclude_PUNCT_SYM",TRUE
"test-s279","mattr",11,11,NA,"missing","too_short_for_requested_parameter",TRUE,NA,NA,"SUW","exclude_PUNCT_SYM",TRUE
"test-s279","mtld",11,11,NA,"missing","no_factor",TRUE,NA,NA,"SUW","exclude_PUNCT_SYM",TRUE
"test-s280","ttr",6,6,1,"ok",NA,FALSE,NA,NA,"SUW","exclude_PUNCT_SYM",TRUE
"test-s280","mattr",6,6,NA,"missing","too_short_for_requested_parameter",TRUE,NA,NA,"SUW","exclude_PUNCT_SYM",TRUE
"test-s280","mtld",6,6,NA,"missing","no_factor",TRUE,NA,NA,"SUW","exclude_PUNCT_SYM",TRUE
"test-s281","ttr",14,14,1,"ok",NA,FALSE,NA,NA,"SUW","exclude_PUNCT_SYM",TRUE
"test-s281","mattr",14,14,NA,"missing","too_short_for_requested_parameter",TRUE,NA,NA,"SUW","exclude_PUNCT_SYM",TRUE
"test-s281","mtld",14,14,NA,"missing","no_factor",TRUE,NA,NA,"SUW","exclude_PUNCT_SYM",TRUE
"test-s282","ttr",19,18,0.947368421052632,"ok",NA,FALSE,NA,NA,"SUW","exclude_PUNCT_SYM",TRUE
"test-s282","mattr",19,18,NA,"missing","too_short_for_requested_parameter",TRUE,NA,NA,"SUW","exclude_PUNCT_SYM",TRUE
"test-s282","mtld",19,18,101.08,"ok",NA,TRUE,TRUE,0,"SUW","exclude_PUNCT_SYM",TRUE
"test-s284","ttr",16,16,1,"ok",NA,FALSE,NA,NA,"SUW","exclude_PUNCT_SYM",TRUE
"test-s284","mattr",16,16,NA,"missing","too_short_for_requested_parameter",TRUE,NA,NA,"SUW","exclude_PUNCT_SYM",TRUE
"test-s284","mtld",16,16,NA,"missing","no_factor",TRUE,NA,NA,"SUW","exclude_PUNCT_SYM",TRUE
"test-s285","ttr",17,14,0.823529411764706,"ok",NA,FALSE,NA,NA,"SUW","exclude_PUNCT_SYM",TRUE
"test-s285","mattr",17,14,NA,"missing","too_short_for_requested_parameter",TRUE,NA,NA,"SUW","exclude_PUNCT_SYM",TRUE
"test-s285","mtld",17,14,26.9733333333333,"ok",NA,TRUE,TRUE,0,"SUW","exclude_PUNCT_SYM",TRUE
"test-s286","ttr",3,3,1,"ok",NA,FALSE,NA,NA,"SUW","exclude_PUNCT_SYM",TRUE
"test-s286","mattr",3,3,NA,"missing","too_short_for_requested_parameter",TRUE,NA,NA,"SUW","exclude_PUNCT_SYM",TRUE
"test-s286","mtld",3,3,NA,"missing","no_factor",TRUE,NA,NA,"SUW","exclude_PUNCT_SYM",TRUE
"test-s287","ttr",3,3,1,"ok",NA,FALSE,NA,NA,"SUW","exclude_PUNCT_SYM",TRUE
"test-s287","mattr",3,3,NA,"missing","too_short_for_requested_parameter",TRUE,NA,NA,"SUW","exclude_PUNCT_SYM",TRUE
"test-s287","mtld",3,3,NA,"missing","no_factor",TRUE,NA,NA,"SUW","exclude_PUNCT_SYM",TRUE
"test-s288","ttr",13,12,0.923076923076923,"ok",NA,FALSE,NA,NA,"SUW","exclude_PUNCT_SYM",TRUE
"test-s288","mattr",13,12,NA,"missing","too_short_for_requested_parameter",TRUE,NA,NA,"SUW","exclude_PUNCT_SYM",TRUE
"test-s288","mtld",13,12,47.32,"ok",NA,TRUE,TRUE,0,"SUW","exclude_PUNCT_SYM",TRUE
"test-s289","ttr",25,20,0.8,"ok",NA,FALSE,NA,NA,"SUW","exclude_PUNCT_SYM",TRUE
"test-s289","mattr",25,20,NA,"missing","too_short_for_requested_parameter",TRUE,NA,NA,"SUW","exclude_PUNCT_SYM",TRUE
"test-s289","mtld",25,20,35,"ok",NA,TRUE,TRUE,0,"SUW","exclude_PUNCT_SYM",TRUE
"test-s290","ttr",6,5,0.833333333333333,"ok",NA,FALSE,NA,NA,"SUW","exclude_PUNCT_SYM",TRUE
"test-s290","mattr",6,5,NA,"missing","too_short_for_requested_parameter",TRUE,NA,NA,"SUW","exclude_PUNCT_SYM",TRUE
"test-s290","mtld",6,5,10.08,"ok",NA,TRUE,TRUE,0,"SUW","exclude_PUNCT_SYM",TRUE
"test-s291","ttr",21,18,0.857142857142857,"ok",NA,FALSE,NA,NA,"SUW","exclude_PUNCT_SYM",TRUE
"test-s291","mattr",21,18,NA,"missing","too_short_for_requested_parameter",TRUE,NA,NA,"SUW","exclude_PUNCT_SYM",TRUE
"test-s291","mtld",21,18,41.16,"ok",NA,TRUE,TRUE,0,"SUW","exclude_PUNCT_SYM",TRUE
"test-s292","ttr",28,24,0.857142857142857,"ok",NA,FALSE,NA,NA,"SUW","exclude_PUNCT_SYM",TRUE
"test-s292","mattr",28,24,NA,"missing","too_short_for_requested_parameter",TRUE,NA,NA,"SUW","exclude_PUNCT_SYM",TRUE
"test-s292","mtld",28,24,54.88,"ok",NA,TRUE,TRUE,0,"SUW","exclude_PUNCT_SYM",TRUE
"test-s293","ttr",4,4,1,"ok",NA,FALSE,NA,NA,"SUW","exclude_PUNCT_SYM",TRUE
"test-s293","mattr",4,4,NA,"missing","too_short_for_requested_parameter",TRUE,NA,NA,"SUW","exclude_PUNCT_SYM",TRUE
"test-s293","mtld",4,4,NA,"missing","no_factor",TRUE,NA,NA,"SUW","exclude_PUNCT_SYM",TRUE
"test-s295","ttr",11,11,1,"ok",NA,FALSE,NA,NA,"SUW","exclude_PUNCT_SYM",TRUE
"test-s295","mattr",11,11,NA,"missing","too_short_for_requested_parameter",TRUE,NA,NA,"SUW","exclude_PUNCT_SYM",TRUE
"test-s295","mtld",11,11,NA,"missing","no_factor",TRUE,NA,NA,"SUW","exclude_PUNCT_SYM",TRUE
"test-s296","ttr",18,15,0.833333333333333,"ok",NA,FALSE,NA,NA,"SUW","exclude_PUNCT_SYM",TRUE
"test-s296","mattr",18,15,NA,"missing","too_short_for_requested_parameter",TRUE,NA,NA,"SUW","exclude_PUNCT_SYM",TRUE
"test-s296","mtld",18,15,30.24,"ok",NA,TRUE,TRUE,0,"SUW","exclude_PUNCT_SYM",TRUE
"test-s297","ttr",8,8,1,"ok",NA,FALSE,NA,NA,"SUW","exclude_PUNCT_SYM",FALSE
"test-s297","mattr",8,8,NA,"missing","too_short_for_requested_parameter",TRUE,NA,NA,"SUW","exclude_PUNCT_SYM",FALSE
"test-s297","mtld",8,8,NA,"missing","no_factor",TRUE,NA,NA,"SUW","exclude_PUNCT_SYM",FALSE
"test-s298","ttr",53,38,0.716981132075472,"ok",NA,FALSE,NA,NA,"SUW","exclude_PUNCT_SYM",TRUE
"test-s298","mattr",53,38,0.715,"ok",NA,FALSE,NA,NA,"SUW","exclude_PUNCT_SYM",TRUE
"test-s298","mtld",53,38,40.9764065335753,"ok",NA,FALSE,FALSE,58.6854460093897,"SUW","exclude_PUNCT_SYM",TRUE
"test-s299","ttr",23,21,0.91304347826087,"ok",NA,FALSE,NA,NA,"SUW","exclude_PUNCT_SYM",FALSE
"test-s299","mattr",23,21,NA,"missing","too_short_for_requested_parameter",TRUE,NA,NA,"SUW","exclude_PUNCT_SYM",FALSE
"test-s299","mtld",23,21,74.06,"ok",NA,TRUE,TRUE,0,"SUW","exclude_PUNCT_SYM",FALSE
"test-s300","ttr",4,4,1,"ok",NA,FALSE,NA,NA,"SUW","exclude_PUNCT_SYM",TRUE
"test-s300","mattr",4,4,NA,"missing","too_short_for_requested_parameter",TRUE,NA,NA,"SUW","exclude_PUNCT_SYM",TRUE
"test-s300","mtld",4,4,NA,"missing","no_factor",TRUE,NA,NA,"SUW","exclude_PUNCT_SYM",TRUE
"test-s301","ttr",20,17,0.85,"ok",NA,FALSE,NA,NA,"SUW","exclude_PUNCT_SYM",TRUE
"test-s301","mattr",20,17,NA,"missing","too_short_for_requested_parameter",TRUE,NA,NA,"SUW","exclude_PUNCT_SYM",TRUE
"test-s301","mtld",20,17,37.3333333333333,"ok",NA,TRUE,TRUE,0,"SUW","exclude_PUNCT_SYM",TRUE
"test-s302","ttr",27,23,0.851851851851852,"ok",NA,FALSE,NA,NA,"SUW","exclude_PUNCT_SYM",TRUE
"test-s302","mattr",27,23,NA,"missing","too_short_for_requested_parameter",TRUE,NA,NA,"SUW","exclude_PUNCT_SYM",TRUE
"test-s302","mtld",27,23,51.03,"ok",NA,TRUE,TRUE,0,"SUW","exclude_PUNCT_SYM",TRUE
"test-s303","ttr",7,7,1,"ok",NA,FALSE,NA,NA,"SUW","exclude_PUNCT_SYM",TRUE
"test-s303","mattr",7,7,NA,"missing","too_short_for_requested_parameter",TRUE,NA,NA,"SUW","exclude_PUNCT_SYM",TRUE
"test-s303","mtld",7,7,NA,"missing","no_factor",TRUE,NA,NA,"SUW","exclude_PUNCT_SYM",TRUE
"test-s304","ttr",8,8,1,"ok",NA,FALSE,NA,NA,"SUW","exclude_PUNCT_SYM",TRUE
"test-s304","mattr",8,8,NA,"missing","too_short_for_requested_parameter",TRUE,NA,NA,"SUW","exclude_PUNCT_SYM",TRUE
"test-s304","mtld",8,8,NA,"missing","no_factor",TRUE,NA,NA,"SUW","exclude_PUNCT_SYM",TRUE
"test-s305","ttr",42,29,0.69047619047619,"ok",NA,FALSE,NA,NA,"SUW","exclude_PUNCT_SYM",FALSE
"test-s305","mattr",42,29,NA,"missing","too_short_for_requested_parameter",TRUE,NA,NA,"SUW","exclude_PUNCT_SYM",FALSE
"test-s305","mtld",42,29,37.9615384615385,"ok",NA,TRUE,FALSE,21.2765957446809,"SUW","exclude_PUNCT_SYM",FALSE
"test-s306","ttr",13,12,0.923076923076923,"ok",NA,FALSE,NA,NA,"SUW","exclude_PUNCT_SYM",TRUE
"test-s306","mattr",13,12,NA,"missing","too_short_for_requested_parameter",TRUE,NA,NA,"SUW","exclude_PUNCT_SYM",TRUE
"test-s306","mtld",13,12,47.32,"ok",NA,TRUE,TRUE,0,"SUW","exclude_PUNCT_SYM",TRUE
"test-s307","ttr",26,23,0.884615384615385,"ok",NA,FALSE,NA,NA,"SUW","exclude_PUNCT_SYM",TRUE
"test-s307","mattr",26,23,NA,"missing","too_short_for_requested_parameter",TRUE,NA,NA,"SUW","exclude_PUNCT_SYM",TRUE
"test-s307","mtld",26,23,63.0933333333333,"ok",NA,TRUE,TRUE,0,"SUW","exclude_PUNCT_SYM",TRUE
"test-s308","ttr",18,16,0.888888888888889,"ok",NA,FALSE,NA,NA,"SUW","exclude_PUNCT_SYM",TRUE
"test-s308","mattr",18,16,NA,"missing","too_short_for_requested_parameter",TRUE,NA,NA,"SUW","exclude_PUNCT_SYM",TRUE
"test-s308","mtld",18,16,45.36,"ok",NA,TRUE,TRUE,0,"SUW","exclude_PUNCT_SYM",TRUE
"test-s309","ttr",1,1,1,"ok",NA,FALSE,NA,NA,"SUW","exclude_PUNCT_SYM",TRUE
"test-s309","mattr",1,1,NA,"missing","too_short_for_requested_parameter",TRUE,NA,NA,"SUW","exclude_PUNCT_SYM",TRUE
"test-s309","mtld",1,1,NA,"missing","no_factor",TRUE,NA,NA,"SUW","exclude_PUNCT_SYM",TRUE
"test-s310","ttr",19,15,0.789473684210526,"ok",NA,FALSE,NA,NA,"SUW","exclude_PUNCT_SYM",TRUE
"test-s310","mattr",19,15,NA,"missing","too_short_for_requested_parameter",TRUE,NA,NA,"SUW","exclude_PUNCT_SYM",TRUE
"test-s310","mtld",19,15,25.27,"ok",NA,TRUE,TRUE,0,"SUW","exclude_PUNCT_SYM",TRUE
"test-s311","ttr",64,50,0.78125,"ok",NA,FALSE,NA,NA,"SUW","exclude_PUNCT_SYM",FALSE
"test-s311","mattr",64,50,0.82,"ok",NA,FALSE,NA,NA,"SUW","exclude_PUNCT_SYM",FALSE
"test-s311","mtld",64,50,81.92,"ok",NA,FALSE,TRUE,0,"SUW","exclude_PUNCT_SYM",FALSE
"test-s312","ttr",32,26,0.8125,"ok",NA,FALSE,NA,NA,"SUW","exclude_PUNCT_SYM",TRUE
"test-s312","mattr",32,26,NA,"missing","too_short_for_requested_parameter",TRUE,NA,NA,"SUW","exclude_PUNCT_SYM",TRUE
"test-s312","mtld",32,26,47.7866666666667,"ok",NA,TRUE,TRUE,0,"SUW","exclude_PUNCT_SYM",TRUE
"test-s313","ttr",25,22,0.88,"ok",NA,FALSE,NA,NA,"SUW","exclude_PUNCT_SYM",TRUE
"test-s313","mattr",25,22,NA,"missing","too_short_for_requested_parameter",TRUE,NA,NA,"SUW","exclude_PUNCT_SYM",TRUE
"test-s313","mtld",25,22,58.3333333333333,"ok",NA,TRUE,TRUE,0,"SUW","exclude_PUNCT_SYM",TRUE
"test-s314","ttr",13,13,1,"ok",NA,FALSE,NA,NA,"SUW","exclude_PUNCT_SYM",TRUE
"test-s314","mattr",13,13,NA,"missing","too_short_for_requested_parameter",TRUE,NA,NA,"SUW","exclude_PUNCT_SYM",TRUE
"test-s314","mtld",13,13,NA,"missing","no_factor",TRUE,NA,NA,"SUW","exclude_PUNCT_SYM",TRUE
"test-s315","ttr",16,15,0.9375,"ok",NA,FALSE,NA,NA,"SUW","exclude_PUNCT_SYM",TRUE
"test-s315","mattr",16,15,NA,"missing","too_short_for_requested_parameter",TRUE,NA,NA,"SUW","exclude_PUNCT_SYM",TRUE
"test-s315","mtld",16,15,71.68,"ok",NA,TRUE,TRUE,0,"SUW","exclude_PUNCT_SYM",TRUE
"test-s316","ttr",13,13,1,"ok",NA,FALSE,NA,NA,"SUW","exclude_PUNCT_SYM",FALSE
"test-s316","mattr",13,13,NA,"missing","too_short_for_requested_parameter",TRUE,NA,NA,"SUW","exclude_PUNCT_SYM",FALSE
"test-s316","mtld",13,13,NA,"missing","no_factor",TRUE,NA,NA,"SUW","exclude_PUNCT_SYM",FALSE
"test-s317","ttr",5,5,1,"ok",NA,FALSE,NA,NA,"SUW","exclude_PUNCT_SYM",TRUE
"test-s317","mattr",5,5,NA,"missing","too_short_for_requested_parameter",TRUE,NA,NA,"SUW","exclude_PUNCT_SYM",TRUE
"test-s317","mtld",5,5,NA,"missing","no_factor",TRUE,NA,NA,"SUW","exclude_PUNCT_SYM",TRUE
"test-s318","ttr",11,11,1,"ok",NA,FALSE,NA,NA,"SUW","exclude_PUNCT_SYM",TRUE
"test-s318","mattr",11,11,NA,"missing","too_short_for_requested_parameter",TRUE,NA,NA,"SUW","exclude_PUNCT_SYM",TRUE
"test-s318","mtld",11,11,NA,"missing","no_factor",TRUE,NA,NA,"SUW","exclude_PUNCT_SYM",TRUE
"test-s319","ttr",21,16,0.761904761904762,"ok",NA,FALSE,NA,NA,"SUW","exclude_PUNCT_SYM",TRUE
"test-s319","mattr",21,16,NA,"missing","too_short_for_requested_parameter",TRUE,NA,NA,"SUW","exclude_PUNCT_SYM",TRUE
"test-s319","mtld",21,16,22.848,"ok",NA,TRUE,TRUE,16.1764705882353,"SUW","exclude_PUNCT_SYM",TRUE
"test-s320","ttr",24,23,0.958333333333333,"ok",NA,FALSE,NA,NA,"SUW","exclude_PUNCT_SYM",TRUE
"test-s320","mattr",24,23,NA,"missing","too_short_for_requested_parameter",TRUE,NA,NA,"SUW","exclude_PUNCT_SYM",TRUE
"test-s320","mtld",24,23,161.28,"ok",NA,TRUE,TRUE,0,"SUW","exclude_PUNCT_SYM",TRUE
"test-s321","ttr",19,17,0.894736842105263,"ok",NA,FALSE,NA,NA,"SUW","exclude_PUNCT_SYM",TRUE
"test-s321","mattr",19,17,NA,"missing","too_short_for_requested_parameter",TRUE,NA,NA,"SUW","exclude_PUNCT_SYM",TRUE
"test-s321","mtld",19,17,50.54,"ok",NA,TRUE,TRUE,0,"SUW","exclude_PUNCT_SYM",TRUE
"test-s322","ttr",17,17,1,"ok",NA,FALSE,NA,NA,"SUW","exclude_PUNCT_SYM",TRUE
"test-s322","mattr",17,17,NA,"missing","too_short_for_requested_parameter",TRUE,NA,NA,"SUW","exclude_PUNCT_SYM",TRUE
"test-s322","mtld",17,17,NA,"missing","no_factor",TRUE,NA,NA,"SUW","exclude_PUNCT_SYM",TRUE
"test-s323","ttr",25,22,0.88,"ok",NA,FALSE,NA,NA,"SUW","exclude_PUNCT_SYM",TRUE
"test-s323","mattr",25,22,NA,"missing","too_short_for_requested_parameter",TRUE,NA,NA,"SUW","exclude_PUNCT_SYM",TRUE
"test-s323","mtld",25,22,58.3333333333333,"ok",NA,TRUE,TRUE,0,"SUW","exclude_PUNCT_SYM",TRUE
"test-s324","ttr",20,19,0.95,"ok",NA,FALSE,NA,NA,"SUW","exclude_PUNCT_SYM",TRUE
"test-s324","mattr",20,19,NA,"missing","too_short_for_requested_parameter",TRUE,NA,NA,"SUW","exclude_PUNCT_SYM",TRUE
"test-s324","mtld",20,19,112,"ok",NA,TRUE,TRUE,0,"SUW","exclude_PUNCT_SYM",TRUE
"test-s325","ttr",38,29,0.763157894736842,"ok",NA,FALSE,NA,NA,"SUW","exclude_PUNCT_SYM",TRUE
"test-s325","mattr",38,29,NA,"missing","too_short_for_requested_parameter",TRUE,NA,NA,"SUW","exclude_PUNCT_SYM",TRUE
"test-s325","mtld",38,29,44.9244444444445,"ok",NA,TRUE,TRUE,0,"SUW","exclude_PUNCT_SYM",TRUE
"test-s326","ttr",18,17,0.944444444444444,"ok",NA,FALSE,NA,NA,"SUW","exclude_PUNCT_SYM",TRUE
"test-s326","mattr",18,17,NA,"missing","too_short_for_requested_parameter",TRUE,NA,NA,"SUW","exclude_PUNCT_SYM",TRUE
"test-s326","mtld",18,17,90.72,"ok",NA,TRUE,TRUE,0,"SUW","exclude_PUNCT_SYM",TRUE
"test-s327","ttr",25,23,0.92,"ok",NA,FALSE,NA,NA,"SUW","exclude_PUNCT_SYM",FALSE
"test-s327","mattr",25,23,NA,"missing","too_short_for_requested_parameter",TRUE,NA,NA,"SUW","exclude_PUNCT_SYM",FALSE
"test-s327","mtld",25,23,87.5000000000001,"ok",NA,TRUE,TRUE,0,"SUW","exclude_PUNCT_SYM",FALSE
"test-s328","ttr",42,33,0.785714285714286,"ok",NA,FALSE,NA,NA,"SUW","exclude_PUNCT_SYM",TRUE
"test-s328","mattr",42,33,NA,"missing","too_short_for_requested_parameter",TRUE,NA,NA,"SUW","exclude_PUNCT_SYM",TRUE
"test-s328","mtld",42,33,54.88,"ok",NA,TRUE,TRUE,0,"SUW","exclude_PUNCT_SYM",TRUE
"test-s329","ttr",21,19,0.904761904761905,"ok",NA,FALSE,NA,NA,"SUW","exclude_PUNCT_SYM",TRUE
"test-s329","mattr",21,19,NA,"missing","too_short_for_requested_parameter",TRUE,NA,NA,"SUW","exclude_PUNCT_SYM",TRUE
"test-s329","mtld",21,19,61.74,"ok",NA,TRUE,TRUE,0,"SUW","exclude_PUNCT_SYM",TRUE
"test-s330","ttr",37,31,0.837837837837838,"ok",NA,FALSE,NA,NA,"SUW","exclude_PUNCT_SYM",FALSE
"test-s330","mattr",37,31,NA,"missing","too_short_for_requested_parameter",TRUE,NA,NA,"SUW","exclude_PUNCT_SYM",FALSE
"test-s330","mtld",37,31,63.8866666666667,"ok",NA,TRUE,TRUE,0,"SUW","exclude_PUNCT_SYM",FALSE
"test-s331","ttr",19,16,0.842105263157895,"ok",NA,FALSE,NA,NA,"SUW","exclude_PUNCT_SYM",TRUE
"test-s331","mattr",19,16,NA,"missing","too_short_for_requested_parameter",TRUE,NA,NA,"SUW","exclude_PUNCT_SYM",TRUE
"test-s331","mtld",19,16,33.6933333333333,"ok",NA,TRUE,TRUE,0,"SUW","exclude_PUNCT_SYM",TRUE
"test-s332","ttr",79,52,0.658227848101266,"ok",NA,FALSE,NA,NA,"SUW","exclude_PUNCT_SYM",TRUE
"test-s332","mattr",79,52,0.748,"ok",NA,FALSE,NA,NA,"SUW","exclude_PUNCT_SYM",TRUE
"test-s332","mtld",79,52,64.6312271875308,"ok",NA,FALSE,FALSE,11.605824013505,"SUW","exclude_PUNCT_SYM",TRUE
"test-s333","ttr",27,24,0.888888888888889,"ok",NA,FALSE,NA,NA,"SUW","exclude_PUNCT_SYM",TRUE
"test-s333","mattr",27,24,NA,"missing","too_short_for_requested_parameter",TRUE,NA,NA,"SUW","exclude_PUNCT_SYM",TRUE
"test-s333","mtld",27,24,68.04,"ok",NA,TRUE,TRUE,0,"SUW","exclude_PUNCT_SYM",TRUE
"test-s334","ttr",106,77,0.726415094339623,"ok",NA,FALSE,NA,NA,"SUW","exclude_PUNCT_SYM",FALSE
"test-s334","mattr",106,77,0.798245614035088,"ok",NA,FALSE,NA,NA,"SUW","exclude_PUNCT_SYM",FALSE
"test-s334","mtld",106,77,108.485517241379,"ok",NA,FALSE,TRUE,0,"SUW","exclude_PUNCT_SYM",FALSE
"test-s335","ttr",13,13,1,"ok",NA,FALSE,NA,NA,"SUW","exclude_PUNCT_SYM",TRUE
"test-s335","mattr",13,13,NA,"missing","too_short_for_requested_parameter",TRUE,NA,NA,"SUW","exclude_PUNCT_SYM",TRUE
"test-s335","mtld",13,13,NA,"missing","no_factor",TRUE,NA,NA,"SUW","exclude_PUNCT_SYM",TRUE
"test-s336","ttr",15,14,0.933333333333333,"ok",NA,FALSE,NA,NA,"SUW","exclude_PUNCT_SYM",FALSE
"test-s336","mattr",15,14,NA,"missing","too_short_for_requested_parameter",TRUE,NA,NA,"SUW","exclude_PUNCT_SYM",FALSE
"test-s336","mtld",15,14,63,"ok",NA,TRUE,TRUE,0,"SUW","exclude_PUNCT_SYM",FALSE
"test-s337","ttr",8,8,1,"ok",NA,FALSE,NA,NA,"SUW","exclude_PUNCT_SYM",TRUE
"test-s337","mattr",8,8,NA,"missing","too_short_for_requested_parameter",TRUE,NA,NA,"SUW","exclude_PUNCT_SYM",TRUE
"test-s337","mtld",8,8,NA,"missing","no_factor",TRUE,NA,NA,"SUW","exclude_PUNCT_SYM",TRUE
"test-s338","ttr",27,25,0.925925925925926,"ok",NA,FALSE,NA,NA,"SUW","exclude_PUNCT_SYM",TRUE
"test-s338","mattr",27,25,NA,"missing","too_short_for_requested_parameter",TRUE,NA,NA,"SUW","exclude_PUNCT_SYM",TRUE
"test-s338","mtld",27,25,102.06,"ok",NA,TRUE,TRUE,0,"SUW","exclude_PUNCT_SYM",TRUE
"test-s339","ttr",5,5,1,"ok",NA,FALSE,NA,NA,"SUW","exclude_PUNCT_SYM",TRUE
"test-s339","mattr",5,5,NA,"missing","too_short_for_requested_parameter",TRUE,NA,NA,"SUW","exclude_PUNCT_SYM",TRUE
"test-s339","mtld",5,5,NA,"missing","no_factor",TRUE,NA,NA,"SUW","exclude_PUNCT_SYM",TRUE
"test-s340","ttr",24,20,0.833333333333333,"ok",NA,FALSE,NA,NA,"SUW","exclude_PUNCT_SYM",TRUE
"test-s340","mattr",24,20,NA,"missing","too_short_for_requested_parameter",TRUE,NA,NA,"SUW","exclude_PUNCT_SYM",TRUE
"test-s340","mtld",24,20,40.32,"ok",NA,TRUE,TRUE,0,"SUW","exclude_PUNCT_SYM",TRUE
"test-s341","ttr",28,22,0.785714285714286,"ok",NA,FALSE,NA,NA,"SUW","exclude_PUNCT_SYM",FALSE
"test-s341","mattr",28,22,NA,"missing","too_short_for_requested_parameter",TRUE,NA,NA,"SUW","exclude_PUNCT_SYM",FALSE
"test-s341","mtld",28,22,36.5866666666667,"ok",NA,TRUE,TRUE,0,"SUW","exclude_PUNCT_SYM",FALSE
"test-s342","ttr",12,12,1,"ok",NA,FALSE,NA,NA,"SUW","exclude_PUNCT_SYM",TRUE
"test-s342","mattr",12,12,NA,"missing","too_short_for_requested_parameter",TRUE,NA,NA,"SUW","exclude_PUNCT_SYM",TRUE
"test-s342","mtld",12,12,NA,"missing","no_factor",TRUE,NA,NA,"SUW","exclude_PUNCT_SYM",TRUE
"test-s343","ttr",20,18,0.9,"ok",NA,FALSE,NA,NA,"SUW","exclude_PUNCT_SYM",TRUE
"test-s343","mattr",20,18,NA,"missing","too_short_for_requested_parameter",TRUE,NA,NA,"SUW","exclude_PUNCT_SYM",TRUE
"test-s343","mtld",20,18,56,"ok",NA,TRUE,TRUE,0,"SUW","exclude_PUNCT_SYM",TRUE
"test-s344","ttr",32,29,0.90625,"ok",NA,FALSE,NA,NA,"SUW","exclude_PUNCT_SYM",TRUE
"test-s344","mattr",32,29,NA,"missing","too_short_for_requested_parameter",TRUE,NA,NA,"SUW","exclude_PUNCT_SYM",TRUE
"test-s344","mtld",32,29,95.5733333333333,"ok",NA,TRUE,TRUE,0,"SUW","exclude_PUNCT_SYM",TRUE
"test-s345","ttr",23,21,0.91304347826087,"ok",NA,FALSE,NA,NA,"SUW","exclude_PUNCT_SYM",TRUE
"test-s345","mattr",23,21,NA,"missing","too_short_for_requested_parameter",TRUE,NA,NA,"SUW","exclude_PUNCT_SYM",TRUE
"test-s345","mtld",23,21,74.06,"ok",NA,TRUE,TRUE,0,"SUW","exclude_PUNCT_SYM",TRUE
"test-s346","ttr",18,13,0.722222222222222,"ok",NA,FALSE,NA,NA,"SUW","exclude_PUNCT_SYM",TRUE
"test-s346","mattr",18,13,NA,"missing","too_short_for_requested_parameter",TRUE,NA,NA,"SUW","exclude_PUNCT_SYM",TRUE
"test-s346","mtld",18,13,18.072,"ok",NA,TRUE,TRUE,0.796812749003994,"SUW","exclude_PUNCT_SYM",TRUE
"test-s347","ttr",31,29,0.935483870967742,"ok",NA,FALSE,NA,NA,"SUW","exclude_PUNCT_SYM",TRUE
"test-s347","mattr",31,29,NA,"missing","too_short_for_requested_parameter",TRUE,NA,NA,"SUW","exclude_PUNCT_SYM",TRUE
"test-s347","mtld",31,29,134.54,"ok",NA,TRUE,TRUE,0,"SUW","exclude_PUNCT_SYM",TRUE
"test-s348","ttr",21,18,0.857142857142857,"ok",NA,FALSE,NA,NA,"SUW","exclude_PUNCT_SYM",TRUE
"test-s348","mattr",21,18,NA,"missing","too_short_for_requested_parameter",TRUE,NA,NA,"SUW","exclude_PUNCT_SYM",TRUE
"test-s348","mtld",21,18,41.16,"ok",NA,TRUE,TRUE,0,"SUW","exclude_PUNCT_SYM",TRUE
"test-s349","ttr",3,3,1,"ok",NA,FALSE,NA,NA,"SUW","exclude_PUNCT_SYM",TRUE
"test-s349","mattr",3,3,NA,"missing","too_short_for_requested_parameter",TRUE,NA,NA,"SUW","exclude_PUNCT_SYM",TRUE
"test-s349","mtld",3,3,NA,"missing","no_factor",TRUE,NA,NA,"SUW","exclude_PUNCT_SYM",TRUE
"test-s350","ttr",47,36,0.765957446808511,"ok",NA,FALSE,NA,NA,"SUW","exclude_PUNCT_SYM",TRUE
"test-s350","mattr",47,36,NA,"missing","too_short_for_requested_parameter",TRUE,NA,NA,"SUW","exclude_PUNCT_SYM",TRUE
"test-s350","mtld",47,36,56.2290909090909,"ok",NA,TRUE,TRUE,0,"SUW","exclude_PUNCT_SYM",TRUE
"test-s351","ttr",19,18,0.947368421052632,"ok",NA,FALSE,NA,NA,"SUW","exclude_PUNCT_SYM",TRUE
"test-s351","mattr",19,18,NA,"missing","too_short_for_requested_parameter",TRUE,NA,NA,"SUW","exclude_PUNCT_SYM",TRUE
"test-s351","mtld",19,18,101.08,"ok",NA,TRUE,TRUE,0,"SUW","exclude_PUNCT_SYM",TRUE
"test-s352","ttr",21,19,0.904761904761905,"ok",NA,FALSE,NA,NA,"SUW","exclude_PUNCT_SYM",TRUE
"test-s352","mattr",21,19,NA,"missing","too_short_for_requested_parameter",TRUE,NA,NA,"SUW","exclude_PUNCT_SYM",TRUE
"test-s352","mtld",21,19,61.74,"ok",NA,TRUE,TRUE,0,"SUW","exclude_PUNCT_SYM",TRUE
"test-s353","ttr",11,11,1,"ok",NA,FALSE,NA,NA,"SUW","exclude_PUNCT_SYM",TRUE
"test-s353","mattr",11,11,NA,"missing","too_short_for_requested_parameter",TRUE,NA,NA,"SUW","exclude_PUNCT_SYM",TRUE
"test-s353","mtld",11,11,NA,"missing","no_factor",TRUE,NA,NA,"SUW","exclude_PUNCT_SYM",TRUE
"test-s354","ttr",10,10,1,"ok",NA,FALSE,NA,NA,"SUW","exclude_PUNCT_SYM",TRUE
"test-s354","mattr",10,10,NA,"missing","too_short_for_requested_parameter",TRUE,NA,NA,"SUW","exclude_PUNCT_SYM",TRUE
"test-s354","mtld",10,10,NA,"missing","no_factor",TRUE,NA,NA,"SUW","exclude_PUNCT_SYM",TRUE
"test-s355","ttr",36,29,0.805555555555556,"ok",NA,FALSE,NA,NA,"SUW","exclude_PUNCT_SYM",FALSE
"test-s355","mattr",36,29,NA,"missing","too_short_for_requested_parameter",TRUE,NA,NA,"SUW","exclude_PUNCT_SYM",FALSE
"test-s355","mtld",36,29,37.060243902439,"ok",NA,TRUE,TRUE,79.7607060356572,"SUW","exclude_PUNCT_SYM",FALSE
"test-s356","ttr",11,10,0.909090909090909,"ok",NA,FALSE,NA,NA,"SUW","exclude_PUNCT_SYM",TRUE
"test-s356","mattr",11,10,NA,"missing","too_short_for_requested_parameter",TRUE,NA,NA,"SUW","exclude_PUNCT_SYM",TRUE
"test-s356","mtld",11,10,33.88,"ok",NA,TRUE,TRUE,0,"SUW","exclude_PUNCT_SYM",TRUE
"test-s357","ttr",30,29,0.966666666666667,"ok",NA,FALSE,NA,NA,"SUW","exclude_PUNCT_SYM",TRUE
"test-s357","mattr",30,29,NA,"missing","too_short_for_requested_parameter",TRUE,NA,NA,"SUW","exclude_PUNCT_SYM",TRUE
"test-s357","mtld",30,29,252,"ok",NA,TRUE,TRUE,0,"SUW","exclude_PUNCT_SYM",TRUE
"test-s358","ttr",32,29,0.90625,"ok",NA,FALSE,NA,NA,"SUW","exclude_PUNCT_SYM",TRUE
"test-s358","mattr",32,29,NA,"missing","too_short_for_requested_parameter",TRUE,NA,NA,"SUW","exclude_PUNCT_SYM",TRUE
"test-s358","mtld",32,29,95.5733333333333,"ok",NA,TRUE,TRUE,0,"SUW","exclude_PUNCT_SYM",TRUE
"test-s359","ttr",20,20,1,"ok",NA,FALSE,NA,NA,"SUW","exclude_PUNCT_SYM",TRUE
"test-s359","mattr",20,20,NA,"missing","too_short_for_requested_parameter",TRUE,NA,NA,"SUW","exclude_PUNCT_SYM",TRUE
"test-s359","mtld",20,20,NA,"missing","no_factor",TRUE,NA,NA,"SUW","exclude_PUNCT_SYM",TRUE
"test-s360","ttr",9,9,1,"ok",NA,FALSE,NA,NA,"SUW","exclude_PUNCT_SYM",TRUE
"test-s360","mattr",9,9,NA,"missing","too_short_for_requested_parameter",TRUE,NA,NA,"SUW","exclude_PUNCT_SYM",TRUE
"test-s360","mtld",9,9,NA,"missing","no_factor",TRUE,NA,NA,"SUW","exclude_PUNCT_SYM",TRUE
"test-s361","ttr",15,15,1,"ok",NA,FALSE,NA,NA,"SUW","exclude_PUNCT_SYM",TRUE
"test-s361","mattr",15,15,NA,"missing","too_short_for_requested_parameter",TRUE,NA,NA,"SUW","exclude_PUNCT_SYM",TRUE
"test-s361","mtld",15,15,NA,"missing","no_factor",TRUE,NA,NA,"SUW","exclude_PUNCT_SYM",TRUE
"test-s362","ttr",8,7,0.875,"ok",NA,FALSE,NA,NA,"SUW","exclude_PUNCT_SYM",TRUE
"test-s362","mattr",8,7,NA,"missing","too_short_for_requested_parameter",TRUE,NA,NA,"SUW","exclude_PUNCT_SYM",TRUE
"test-s362","mtld",8,7,17.92,"ok",NA,TRUE,TRUE,0,"SUW","exclude_PUNCT_SYM",TRUE
"test-s363","ttr",45,32,0.711111111111111,"ok",NA,FALSE,NA,NA,"SUW","exclude_PUNCT_SYM",TRUE
"test-s363","mattr",45,32,NA,"missing","too_short_for_requested_parameter",TRUE,NA,NA,"SUW","exclude_PUNCT_SYM",TRUE
"test-s363","mtld",45,32,45,"ok",NA,TRUE,FALSE,0,"SUW","exclude_PUNCT_SYM",TRUE
"test-s364","ttr",8,8,1,"ok",NA,FALSE,NA,NA,"SUW","exclude_PUNCT_SYM",TRUE
"test-s364","mattr",8,8,NA,"missing","too_short_for_requested_parameter",TRUE,NA,NA,"SUW","exclude_PUNCT_SYM",TRUE
"test-s364","mtld",8,8,NA,"missing","no_factor",TRUE,NA,NA,"SUW","exclude_PUNCT_SYM",TRUE
"test-s365","ttr",18,16,0.888888888888889,"ok",NA,FALSE,NA,NA,"SUW","exclude_PUNCT_SYM",TRUE
"test-s365","mattr",18,16,NA,"missing","too_short_for_requested_parameter",TRUE,NA,NA,"SUW","exclude_PUNCT_SYM",TRUE
"test-s365","mtld",18,16,45.36,"ok",NA,TRUE,TRUE,0,"SUW","exclude_PUNCT_SYM",TRUE
"test-s366","ttr",62,41,0.661290322580645,"ok",NA,FALSE,NA,NA,"SUW","exclude_PUNCT_SYM",TRUE
"test-s366","mattr",62,41,0.723076923076923,"ok",NA,FALSE,NA,NA,"SUW","exclude_PUNCT_SYM",TRUE
"test-s366","mtld",62,41,44.0215841850457,"ok",NA,FALSE,FALSE,1.65727543917798,"SUW","exclude_PUNCT_SYM",TRUE
"test-s367","ttr",18,16,0.888888888888889,"ok",NA,FALSE,NA,NA,"SUW","exclude_PUNCT_SYM",TRUE
"test-s367","mattr",18,16,NA,"missing","too_short_for_requested_parameter",TRUE,NA,NA,"SUW","exclude_PUNCT_SYM",TRUE
"test-s367","mtld",18,16,45.36,"ok",NA,TRUE,TRUE,0,"SUW","exclude_PUNCT_SYM",TRUE
"test-s368","ttr",21,17,0.80952380952381,"ok",NA,FALSE,NA,NA,"SUW","exclude_PUNCT_SYM",TRUE
"test-s368","mattr",21,17,NA,"missing","too_short_for_requested_parameter",TRUE,NA,NA,"SUW","exclude_PUNCT_SYM",TRUE
"test-s368","mtld",21,17,30.87,"ok",NA,TRUE,TRUE,0,"SUW","exclude_PUNCT_SYM",TRUE
"test-s369","ttr",3,3,1,"ok",NA,FALSE,NA,NA,"SUW","exclude_PUNCT_SYM",TRUE
"test-s369","mattr",3,3,NA,"missing","too_short_for_requested_parameter",TRUE,NA,NA,"SUW","exclude_PUNCT_SYM",TRUE
"test-s369","mtld",3,3,NA,"missing","no_factor",TRUE,NA,NA,"SUW","exclude_PUNCT_SYM",TRUE
"test-s370","ttr",18,16,0.888888888888889,"ok",NA,FALSE,NA,NA,"SUW","exclude_PUNCT_SYM",TRUE
"test-s370","mattr",18,16,NA,"missing","too_short_for_requested_parameter",TRUE,NA,NA,"SUW","exclude_PUNCT_SYM",TRUE
"test-s370","mtld",18,16,45.36,"ok",NA,TRUE,TRUE,0,"SUW","exclude_PUNCT_SYM",TRUE
"test-s371","ttr",53,31,0.584905660377358,"ok",NA,FALSE,NA,NA,"SUW","exclude_PUNCT_SYM",FALSE
"test-s371","mattr",53,31,0.59,"ok",NA,FALSE,NA,NA,"SUW","exclude_PUNCT_SYM",FALSE
"test-s371","mtld",53,31,43.6028368794326,"ok",NA,FALSE,FALSE,43.103448275862,"SUW","exclude_PUNCT_SYM",FALSE
"test-s372","ttr",5,5,1,"ok",NA,FALSE,NA,NA,"SUW","exclude_PUNCT_SYM",FALSE
"test-s372","mattr",5,5,NA,"missing","too_short_for_requested_parameter",TRUE,NA,NA,"SUW","exclude_PUNCT_SYM",FALSE
"test-s372","mtld",5,5,NA,"missing","no_factor",TRUE,NA,NA,"SUW","exclude_PUNCT_SYM",FALSE
"test-s373","ttr",7,7,1,"ok",NA,FALSE,NA,NA,"SUW","exclude_PUNCT_SYM",TRUE
"test-s373","mattr",7,7,NA,"missing","too_short_for_requested_parameter",TRUE,NA,NA,"SUW","exclude_PUNCT_SYM",TRUE
"test-s373","mtld",7,7,NA,"missing","no_factor",TRUE,NA,NA,"SUW","exclude_PUNCT_SYM",TRUE
"test-s374","ttr",18,17,0.944444444444444,"ok",NA,FALSE,NA,NA,"SUW","exclude_PUNCT_SYM",TRUE
"test-s374","mattr",18,17,NA,"missing","too_short_for_requested_parameter",TRUE,NA,NA,"SUW","exclude_PUNCT_SYM",TRUE
"test-s374","mtld",18,17,90.72,"ok",NA,TRUE,TRUE,0,"SUW","exclude_PUNCT_SYM",TRUE
"test-s375","ttr",23,18,0.782608695652174,"ok",NA,FALSE,NA,NA,"SUW","exclude_PUNCT_SYM",TRUE
"test-s375","mattr",23,18,NA,"missing","too_short_for_requested_parameter",TRUE,NA,NA,"SUW","exclude_PUNCT_SYM",TRUE
"test-s375","mtld",23,18,29.624,"ok",NA,TRUE,TRUE,0,"SUW","exclude_PUNCT_SYM",TRUE
"test-s376","ttr",22,20,0.909090909090909,"ok",NA,FALSE,NA,NA,"SUW","exclude_PUNCT_SYM",TRUE
"test-s376","mattr",22,20,NA,"missing","too_short_for_requested_parameter",TRUE,NA,NA,"SUW","exclude_PUNCT_SYM",TRUE
"test-s376","mtld",22,20,67.76,"ok",NA,TRUE,TRUE,0,"SUW","exclude_PUNCT_SYM",TRUE
"test-s377","ttr",27,23,0.851851851851852,"ok",NA,FALSE,NA,NA,"SUW","exclude_PUNCT_SYM",TRUE
"test-s377","mattr",27,23,NA,"missing","too_short_for_requested_parameter",TRUE,NA,NA,"SUW","exclude_PUNCT_SYM",TRUE
"test-s377","mtld",27,23,51.03,"ok",NA,TRUE,TRUE,0,"SUW","exclude_PUNCT_SYM",TRUE
"test-s378","ttr",14,13,0.928571428571429,"ok",NA,FALSE,NA,NA,"SUW","exclude_PUNCT_SYM",FALSE
"test-s378","mattr",14,13,NA,"missing","too_short_for_requested_parameter",TRUE,NA,NA,"SUW","exclude_PUNCT_SYM",FALSE
"test-s378","mtld",14,13,54.88,"ok",NA,TRUE,TRUE,0,"SUW","exclude_PUNCT_SYM",FALSE
"test-s379","ttr",8,8,1,"ok",NA,FALSE,NA,NA,"SUW","exclude_PUNCT_SYM",TRUE
"test-s379","mattr",8,8,NA,"missing","too_short_for_requested_parameter",TRUE,NA,NA,"SUW","exclude_PUNCT_SYM",TRUE
"test-s379","mtld",8,8,NA,"missing","no_factor",TRUE,NA,NA,"SUW","exclude_PUNCT_SYM",TRUE
"test-s380","ttr",26,22,0.846153846153846,"ok",NA,FALSE,NA,NA,"SUW","exclude_PUNCT_SYM",TRUE
"test-s380","mattr",26,22,NA,"missing","too_short_for_requested_parameter",TRUE,NA,NA,"SUW","exclude_PUNCT_SYM",TRUE
"test-s380","mtld",26,22,47.32,"ok",NA,TRUE,TRUE,0,"SUW","exclude_PUNCT_SYM",TRUE
"test-s381","ttr",52,38,0.730769230769231,"ok",NA,FALSE,NA,NA,"SUW","exclude_PUNCT_SYM",TRUE
"test-s381","mattr",52,38,0.733333333333333,"ok",NA,FALSE,NA,NA,"SUW","exclude_PUNCT_SYM",TRUE
"test-s381","mtld",52,38,54.08,"ok",NA,FALSE,TRUE,0,"SUW","exclude_PUNCT_SYM",TRUE
"test-s382","ttr",12,11,0.916666666666667,"ok",NA,FALSE,NA,NA,"SUW","exclude_PUNCT_SYM",TRUE
"test-s382","mattr",12,11,NA,"missing","too_short_for_requested_parameter",TRUE,NA,NA,"SUW","exclude_PUNCT_SYM",TRUE
"test-s382","mtld",12,11,40.32,"ok",NA,TRUE,TRUE,0,"SUW","exclude_PUNCT_SYM",TRUE
"test-s383","ttr",25,21,0.84,"ok",NA,FALSE,NA,NA,"SUW","exclude_PUNCT_SYM",TRUE
"test-s383","mattr",25,21,NA,"missing","too_short_for_requested_parameter",TRUE,NA,NA,"SUW","exclude_PUNCT_SYM",TRUE
"test-s383","mtld",25,21,43.75,"ok",NA,TRUE,TRUE,0,"SUW","exclude_PUNCT_SYM",TRUE
"test-s384","ttr",23,20,0.869565217391304,"ok",NA,FALSE,NA,NA,"SUW","exclude_PUNCT_SYM",TRUE
"test-s384","mattr",23,20,NA,"missing","too_short_for_requested_parameter",TRUE,NA,NA,"SUW","exclude_PUNCT_SYM",TRUE
"test-s384","mtld",23,20,49.3733333333333,"ok",NA,TRUE,TRUE,0,"SUW","exclude_PUNCT_SYM",TRUE
"test-s385","ttr",16,15,0.9375,"ok",NA,FALSE,NA,NA,"SUW","exclude_PUNCT_SYM",TRUE
"test-s385","mattr",16,15,NA,"missing","too_short_for_requested_parameter",TRUE,NA,NA,"SUW","exclude_PUNCT_SYM",TRUE
"test-s385","mtld",16,15,71.68,"ok",NA,TRUE,TRUE,0,"SUW","exclude_PUNCT_SYM",TRUE
"test-s386","ttr",43,32,0.744186046511628,"ok",NA,FALSE,NA,NA,"SUW","exclude_PUNCT_SYM",TRUE
"test-s386","mattr",43,32,NA,"missing","too_short_for_requested_parameter",TRUE,NA,NA,"SUW","exclude_PUNCT_SYM",TRUE
"test-s386","mtld",43,32,45.0327272727273,"ok",NA,TRUE,TRUE,9.02777777777777,"SUW","exclude_PUNCT_SYM",TRUE
"test-s387","ttr",5,5,1,"ok",NA,FALSE,NA,NA,"SUW","exclude_PUNCT_SYM",TRUE
"test-s387","mattr",5,5,NA,"missing","too_short_for_requested_parameter",TRUE,NA,NA,"SUW","exclude_PUNCT_SYM",TRUE
"test-s387","mtld",5,5,NA,"missing","no_factor",TRUE,NA,NA,"SUW","exclude_PUNCT_SYM",TRUE
"test-s388","ttr",40,30,0.75,"ok",NA,FALSE,NA,NA,"SUW","exclude_PUNCT_SYM",FALSE
"test-s388","mattr",40,30,NA,"missing","too_short_for_requested_parameter",TRUE,NA,NA,"SUW","exclude_PUNCT_SYM",FALSE
"test-s388","mtld",40,30,44.8,"ok",NA,TRUE,TRUE,0,"SUW","exclude_PUNCT_SYM",FALSE
"test-s389","ttr",18,17,0.944444444444444,"ok",NA,FALSE,NA,NA,"SUW","exclude_PUNCT_SYM",TRUE
"test-s389","mattr",18,17,NA,"missing","too_short_for_requested_parameter",TRUE,NA,NA,"SUW","exclude_PUNCT_SYM",TRUE
"test-s389","mtld",18,17,90.72,"ok",NA,TRUE,TRUE,0,"SUW","exclude_PUNCT_SYM",TRUE
"test-s390","ttr",28,27,0.964285714285714,"ok",NA,FALSE,NA,NA,"SUW","exclude_PUNCT_SYM",TRUE
"test-s390","mattr",28,27,NA,"missing","too_short_for_requested_parameter",TRUE,NA,NA,"SUW","exclude_PUNCT_SYM",TRUE
"test-s390","mtld",28,27,219.52,"ok",NA,TRUE,TRUE,0,"SUW","exclude_PUNCT_SYM",TRUE
"test-s392","ttr",26,23,0.884615384615385,"ok",NA,FALSE,NA,NA,"SUW","exclude_PUNCT_SYM",TRUE
"test-s392","mattr",26,23,NA,"missing","too_short_for_requested_parameter",TRUE,NA,NA,"SUW","exclude_PUNCT_SYM",TRUE
"test-s392","mtld",26,23,63.0933333333333,"ok",NA,TRUE,TRUE,0,"SUW","exclude_PUNCT_SYM",TRUE
"test-s393","ttr",35,31,0.885714285714286,"ok",NA,FALSE,NA,NA,"SUW","exclude_PUNCT_SYM",TRUE
"test-s393","mattr",35,31,NA,"missing","too_short_for_requested_parameter",TRUE,NA,NA,"SUW","exclude_PUNCT_SYM",TRUE
"test-s393","mtld",35,31,85.75,"ok",NA,TRUE,TRUE,0,"SUW","exclude_PUNCT_SYM",TRUE
"test-s394","ttr",28,26,0.928571428571429,"ok",NA,FALSE,NA,NA,"SUW","exclude_PUNCT_SYM",TRUE
"test-s394","mattr",28,26,NA,"missing","too_short_for_requested_parameter",TRUE,NA,NA,"SUW","exclude_PUNCT_SYM",TRUE
"test-s394","mtld",28,26,109.76,"ok",NA,TRUE,TRUE,0,"SUW","exclude_PUNCT_SYM",TRUE
"test-s395","ttr",25,23,0.92,"ok",NA,FALSE,NA,NA,"SUW","exclude_PUNCT_SYM",TRUE
"test-s395","mattr",25,23,NA,"missing","too_short_for_requested_parameter",TRUE,NA,NA,"SUW","exclude_PUNCT_SYM",TRUE
"test-s395","mtld",25,23,87.5000000000001,"ok",NA,TRUE,TRUE,0,"SUW","exclude_PUNCT_SYM",TRUE
"test-s396","ttr",25,23,0.92,"ok",NA,FALSE,NA,NA,"SUW","exclude_PUNCT_SYM",TRUE
"test-s396","mattr",25,23,NA,"missing","too_short_for_requested_parameter",TRUE,NA,NA,"SUW","exclude_PUNCT_SYM",TRUE
"test-s396","mtld",25,23,87.5000000000001,"ok",NA,TRUE,TRUE,0,"SUW","exclude_PUNCT_SYM",TRUE
"test-s397","ttr",11,11,1,"ok",NA,FALSE,NA,NA,"SUW","exclude_PUNCT_SYM",TRUE
"test-s397","mattr",11,11,NA,"missing","too_short_for_requested_parameter",TRUE,NA,NA,"SUW","exclude_PUNCT_SYM",TRUE
"test-s397","mtld",11,11,NA,"missing","no_factor",TRUE,NA,NA,"SUW","exclude_PUNCT_SYM",TRUE
"test-s398","ttr",41,32,0.780487804878049,"ok",NA,FALSE,NA,NA,"SUW","exclude_PUNCT_SYM",TRUE
"test-s398","mattr",41,32,NA,"missing","too_short_for_requested_parameter",TRUE,NA,NA,"SUW","exclude_PUNCT_SYM",TRUE
"test-s398","mtld",41,32,52.2977777777778,"ok",NA,TRUE,TRUE,0,"SUW","exclude_PUNCT_SYM",TRUE
"test-s399","ttr",40,31,0.775,"ok",NA,FALSE,NA,NA,"SUW","exclude_PUNCT_SYM",TRUE
"test-s399","mattr",40,31,NA,"missing","too_short_for_requested_parameter",TRUE,NA,NA,"SUW","exclude_PUNCT_SYM",TRUE
"test-s399","mtld",40,31,49.7777777777778,"ok",NA,TRUE,TRUE,0,"SUW","exclude_PUNCT_SYM",TRUE
"test-s400","ttr",36,32,0.888888888888889,"ok",NA,FALSE,NA,NA,"SUW","exclude_PUNCT_SYM",TRUE
"test-s400","mattr",36,32,NA,"missing","too_short_for_requested_parameter",TRUE,NA,NA,"SUW","exclude_PUNCT_SYM",TRUE
"test-s400","mtld",36,32,90.72,"ok",NA,TRUE,TRUE,0,"SUW","exclude_PUNCT_SYM",TRUE
"test-s401","ttr",14,14,1,"ok",NA,FALSE,NA,NA,"SUW","exclude_PUNCT_SYM",TRUE
"test-s401","mattr",14,14,NA,"missing","too_short_for_requested_parameter",TRUE,NA,NA,"SUW","exclude_PUNCT_SYM",TRUE
"test-s401","mtld",14,14,NA,"missing","no_factor",TRUE,NA,NA,"SUW","exclude_PUNCT_SYM",TRUE
"test-s402","ttr",19,19,1,"ok",NA,FALSE,NA,NA,"SUW","exclude_PUNCT_SYM",TRUE
"test-s402","mattr",19,19,NA,"missing","too_short_for_requested_parameter",TRUE,NA,NA,"SUW","exclude_PUNCT_SYM",TRUE
"test-s402","mtld",19,19,NA,"missing","no_factor",TRUE,NA,NA,"SUW","exclude_PUNCT_SYM",TRUE
"test-s403","ttr",24,19,0.791666666666667,"ok",NA,FALSE,NA,NA,"SUW","exclude_PUNCT_SYM",TRUE
"test-s403","mattr",24,19,NA,"missing","too_short_for_requested_parameter",TRUE,NA,NA,"SUW","exclude_PUNCT_SYM",TRUE
"test-s403","mtld",24,19,32.256,"ok",NA,TRUE,TRUE,0,"SUW","exclude_PUNCT_SYM",TRUE
"test-s404","ttr",21,20,0.952380952380952,"ok",NA,FALSE,NA,NA,"SUW","exclude_PUNCT_SYM",TRUE
"test-s404","mattr",21,20,NA,"missing","too_short_for_requested_parameter",TRUE,NA,NA,"SUW","exclude_PUNCT_SYM",TRUE
"test-s404","mtld",21,20,123.48,"ok",NA,TRUE,TRUE,0,"SUW","exclude_PUNCT_SYM",TRUE
"test-s405","ttr",56,36,0.642857142857143,"ok",NA,FALSE,NA,NA,"SUW","exclude_PUNCT_SYM",FALSE
"test-s405","mattr",56,36,0.668571428571429,"ok",NA,FALSE,NA,NA,"SUW","exclude_PUNCT_SYM",FALSE
"test-s405","mtld",56,36,39.3906548549592,"ok",NA,FALSE,FALSE,9.50734658599829,"SUW","exclude_PUNCT_SYM",FALSE
"test-s406","ttr",53,43,0.811320754716981,"ok",NA,FALSE,NA,NA,"SUW","exclude_PUNCT_SYM",TRUE
"test-s406","mattr",53,43,0.81,"ok",NA,FALSE,NA,NA,"SUW","exclude_PUNCT_SYM",TRUE
"test-s406","mtld",53,43,78.652,"ok",NA,FALSE,TRUE,0,"SUW","exclude_PUNCT_SYM",TRUE
"test-s407","ttr",13,13,1,"ok",NA,FALSE,NA,NA,"SUW","exclude_PUNCT_SYM",TRUE
"test-s407","mattr",13,13,NA,"missing","too_short_for_requested_parameter",TRUE,NA,NA,"SUW","exclude_PUNCT_SYM",TRUE
"test-s407","mtld",13,13,NA,"missing","no_factor",TRUE,NA,NA,"SUW","exclude_PUNCT_SYM",TRUE
"test-s408","ttr",19,18,0.947368421052632,"ok",NA,FALSE,NA,NA,"SUW","exclude_PUNCT_SYM",TRUE
"test-s408","mattr",19,18,NA,"missing","too_short_for_requested_parameter",TRUE,NA,NA,"SUW","exclude_PUNCT_SYM",TRUE
"test-s408","mtld",19,18,101.08,"ok",NA,TRUE,TRUE,0,"SUW","exclude_PUNCT_SYM",TRUE
"test-s409","ttr",24,22,0.916666666666667,"ok",NA,FALSE,NA,NA,"SUW","exclude_PUNCT_SYM",FALSE
"test-s409","mattr",24,22,NA,"missing","too_short_for_requested_parameter",TRUE,NA,NA,"SUW","exclude_PUNCT_SYM",FALSE
"test-s409","mtld",24,22,80.64,"ok",NA,TRUE,TRUE,0,"SUW","exclude_PUNCT_SYM",FALSE
"test-s410","ttr",10,9,0.9,"ok",NA,FALSE,NA,NA,"SUW","exclude_PUNCT_SYM",TRUE
"test-s410","mattr",10,9,NA,"missing","too_short_for_requested_parameter",TRUE,NA,NA,"SUW","exclude_PUNCT_SYM",TRUE
"test-s410","mtld",10,9,28,"ok",NA,TRUE,TRUE,0,"SUW","exclude_PUNCT_SYM",TRUE
"test-s411","ttr",55,39,0.709090909090909,"ok",NA,FALSE,NA,NA,"SUW","exclude_PUNCT_SYM",TRUE
"test-s411","mattr",55,39,0.726666666666667,"ok",NA,FALSE,NA,NA,"SUW","exclude_PUNCT_SYM",TRUE
"test-s411","mtld",55,39,55,"ok",NA,FALSE,FALSE,0,"SUW","exclude_PUNCT_SYM",TRUE
"test-s412","ttr",44,33,0.75,"ok",NA,FALSE,NA,NA,"SUW","exclude_PUNCT_SYM",TRUE
"test-s412","mattr",44,33,NA,"missing","too_short_for_requested_parameter",TRUE,NA,NA,"SUW","exclude_PUNCT_SYM",TRUE
"test-s412","mtld",44,33,49.28,"ok",NA,TRUE,TRUE,0,"SUW","exclude_PUNCT_SYM",TRUE
"test-s413","ttr",16,15,0.9375,"ok",NA,FALSE,NA,NA,"SUW","exclude_PUNCT_SYM",TRUE
"test-s413","mattr",16,15,NA,"missing","too_short_for_requested_parameter",TRUE,NA,NA,"SUW","exclude_PUNCT_SYM",TRUE
"test-s413","mtld",16,15,71.68,"ok",NA,TRUE,TRUE,0,"SUW","exclude_PUNCT_SYM",TRUE
"test-s414","ttr",9,9,1,"ok",NA,FALSE,NA,NA,"SUW","exclude_PUNCT_SYM",TRUE
"test-s414","mattr",9,9,NA,"missing","too_short_for_requested_parameter",TRUE,NA,NA,"SUW","exclude_PUNCT_SYM",TRUE
"test-s414","mtld",9,9,NA,"missing","no_factor",TRUE,NA,NA,"SUW","exclude_PUNCT_SYM",TRUE
"test-s415","ttr",21,20,0.952380952380952,"ok",NA,FALSE,NA,NA,"SUW","exclude_PUNCT_SYM",TRUE
"test-s415","mattr",21,20,NA,"missing","too_short_for_requested_parameter",TRUE,NA,NA,"SUW","exclude_PUNCT_SYM",TRUE
"test-s415","mtld",21,20,123.48,"ok",NA,TRUE,TRUE,0,"SUW","exclude_PUNCT_SYM",TRUE
"test-s416","ttr",19,16,0.842105263157895,"ok",NA,FALSE,NA,NA,"SUW","exclude_PUNCT_SYM",TRUE
"test-s416","mattr",19,16,NA,"missing","too_short_for_requested_parameter",TRUE,NA,NA,"SUW","exclude_PUNCT_SYM",TRUE
"test-s416","mtld",19,16,33.6933333333333,"ok",NA,TRUE,TRUE,0,"SUW","exclude_PUNCT_SYM",TRUE
"test-s418","ttr",7,7,1,"ok",NA,FALSE,NA,NA,"SUW","exclude_PUNCT_SYM",TRUE
"test-s418","mattr",7,7,NA,"missing","too_short_for_requested_parameter",TRUE,NA,NA,"SUW","exclude_PUNCT_SYM",TRUE
"test-s418","mtld",7,7,NA,"missing","no_factor",TRUE,NA,NA,"SUW","exclude_PUNCT_SYM",TRUE
"test-s419","ttr",15,15,1,"ok",NA,FALSE,NA,NA,"SUW","exclude_PUNCT_SYM",TRUE
"test-s419","mattr",15,15,NA,"missing","too_short_for_requested_parameter",TRUE,NA,NA,"SUW","exclude_PUNCT_SYM",TRUE
"test-s419","mtld",15,15,NA,"missing","no_factor",TRUE,NA,NA,"SUW","exclude_PUNCT_SYM",TRUE
"test-s420","ttr",18,16,0.888888888888889,"ok",NA,FALSE,NA,NA,"SUW","exclude_PUNCT_SYM",TRUE
"test-s420","mattr",18,16,NA,"missing","too_short_for_requested_parameter",TRUE,NA,NA,"SUW","exclude_PUNCT_SYM",TRUE
"test-s420","mtld",18,16,45.36,"ok",NA,TRUE,TRUE,0,"SUW","exclude_PUNCT_SYM",TRUE
"test-s421","ttr",3,3,1,"ok",NA,FALSE,NA,NA,"SUW","exclude_PUNCT_SYM",TRUE
"test-s421","mattr",3,3,NA,"missing","too_short_for_requested_parameter",TRUE,NA,NA,"SUW","exclude_PUNCT_SYM",TRUE
"test-s421","mtld",3,3,NA,"missing","no_factor",TRUE,NA,NA,"SUW","exclude_PUNCT_SYM",TRUE
"test-s422","ttr",29,23,0.793103448275862,"ok",NA,FALSE,NA,NA,"SUW","exclude_PUNCT_SYM",TRUE
"test-s422","mattr",29,23,NA,"missing","too_short_for_requested_parameter",TRUE,NA,NA,"SUW","exclude_PUNCT_SYM",TRUE
"test-s422","mtld",29,23,39.2466666666667,"ok",NA,TRUE,TRUE,0,"SUW","exclude_PUNCT_SYM",TRUE
"test-s423","ttr",12,10,0.833333333333333,"ok",NA,FALSE,NA,NA,"SUW","exclude_PUNCT_SYM",TRUE
"test-s423","mattr",12,10,NA,"missing","too_short_for_requested_parameter",TRUE,NA,NA,"SUW","exclude_PUNCT_SYM",TRUE
"test-s423","mtld",12,10,20.16,"ok",NA,TRUE,TRUE,0,"SUW","exclude_PUNCT_SYM",TRUE
"test-s424","ttr",14,14,1,"ok",NA,FALSE,NA,NA,"SUW","exclude_PUNCT_SYM",FALSE
"test-s424","mattr",14,14,NA,"missing","too_short_for_requested_parameter",TRUE,NA,NA,"SUW","exclude_PUNCT_SYM",FALSE
"test-s424","mtld",14,14,NA,"missing","no_factor",TRUE,NA,NA,"SUW","exclude_PUNCT_SYM",FALSE
"test-s425","ttr",32,28,0.875,"ok",NA,FALSE,NA,NA,"SUW","exclude_PUNCT_SYM",FALSE
"test-s425","mattr",32,28,NA,"missing","too_short_for_requested_parameter",TRUE,NA,NA,"SUW","exclude_PUNCT_SYM",FALSE
"test-s425","mtld",32,28,71.68,"ok",NA,TRUE,TRUE,0,"SUW","exclude_PUNCT_SYM",FALSE
"test-s426","ttr",26,23,0.884615384615385,"ok",NA,FALSE,NA,NA,"SUW","exclude_PUNCT_SYM",TRUE
"test-s426","mattr",26,23,NA,"missing","too_short_for_requested_parameter",TRUE,NA,NA,"SUW","exclude_PUNCT_SYM",TRUE
"test-s426","mtld",26,23,63.0933333333333,"ok",NA,TRUE,TRUE,0,"SUW","exclude_PUNCT_SYM",TRUE
"test-s427","ttr",25,22,0.88,"ok",NA,FALSE,NA,NA,"SUW","exclude_PUNCT_SYM",TRUE
"test-s427","mattr",25,22,NA,"missing","too_short_for_requested_parameter",TRUE,NA,NA,"SUW","exclude_PUNCT_SYM",TRUE
"test-s427","mtld",25,22,58.3333333333333,"ok",NA,TRUE,TRUE,0,"SUW","exclude_PUNCT_SYM",TRUE
"test-s428","ttr",4,4,1,"ok",NA,FALSE,NA,NA,"SUW","exclude_PUNCT_SYM",TRUE
"test-s428","mattr",4,4,NA,"missing","too_short_for_requested_parameter",TRUE,NA,NA,"SUW","exclude_PUNCT_SYM",TRUE
"test-s428","mtld",4,4,NA,"missing","no_factor",TRUE,NA,NA,"SUW","exclude_PUNCT_SYM",TRUE
"test-s429","ttr",17,17,1,"ok",NA,FALSE,NA,NA,"SUW","exclude_PUNCT_SYM",FALSE
"test-s429","mattr",17,17,NA,"missing","too_short_for_requested_parameter",TRUE,NA,NA,"SUW","exclude_PUNCT_SYM",FALSE
"test-s429","mtld",17,17,NA,"missing","no_factor",TRUE,NA,NA,"SUW","exclude_PUNCT_SYM",FALSE
"test-s430","ttr",14,14,1,"ok",NA,FALSE,NA,NA,"SUW","exclude_PUNCT_SYM",TRUE
"test-s430","mattr",14,14,NA,"missing","too_short_for_requested_parameter",TRUE,NA,NA,"SUW","exclude_PUNCT_SYM",TRUE
"test-s430","mtld",14,14,NA,"missing","no_factor",TRUE,NA,NA,"SUW","exclude_PUNCT_SYM",TRUE
"test-s431","ttr",40,33,0.825,"ok",NA,FALSE,NA,NA,"SUW","exclude_PUNCT_SYM",TRUE
"test-s431","mattr",40,33,NA,"missing","too_short_for_requested_parameter",TRUE,NA,NA,"SUW","exclude_PUNCT_SYM",TRUE
"test-s431","mtld",40,33,64,"ok",NA,TRUE,TRUE,0,"SUW","exclude_PUNCT_SYM",TRUE
"test-s432","ttr",15,14,0.933333333333333,"ok",NA,FALSE,NA,NA,"SUW","exclude_PUNCT_SYM",TRUE
"test-s432","mattr",15,14,NA,"missing","too_short_for_requested_parameter",TRUE,NA,NA,"SUW","exclude_PUNCT_SYM",TRUE
"test-s432","mtld",15,14,63,"ok",NA,TRUE,TRUE,0,"SUW","exclude_PUNCT_SYM",TRUE
"test-s433","ttr",25,23,0.92,"ok",NA,FALSE,NA,NA,"SUW","exclude_PUNCT_SYM",TRUE
"test-s433","mattr",25,23,NA,"missing","too_short_for_requested_parameter",TRUE,NA,NA,"SUW","exclude_PUNCT_SYM",TRUE
"test-s433","mtld",25,23,87.5000000000001,"ok",NA,TRUE,TRUE,0,"SUW","exclude_PUNCT_SYM",TRUE
"test-s434","ttr",7,7,1,"ok",NA,FALSE,NA,NA,"SUW","exclude_PUNCT_SYM",TRUE
"test-s434","mattr",7,7,NA,"missing","too_short_for_requested_parameter",TRUE,NA,NA,"SUW","exclude_PUNCT_SYM",TRUE
"test-s434","mtld",7,7,NA,"missing","no_factor",TRUE,NA,NA,"SUW","exclude_PUNCT_SYM",TRUE
"test-s435","ttr",10,10,1,"ok",NA,FALSE,NA,NA,"SUW","exclude_PUNCT_SYM",TRUE
"test-s435","mattr",10,10,NA,"missing","too_short_for_requested_parameter",TRUE,NA,NA,"SUW","exclude_PUNCT_SYM",TRUE
"test-s435","mtld",10,10,NA,"missing","no_factor",TRUE,NA,NA,"SUW","exclude_PUNCT_SYM",TRUE
"test-s436","ttr",34,27,0.794117647058823,"ok",NA,FALSE,NA,NA,"SUW","exclude_PUNCT_SYM",TRUE
"test-s436","mattr",34,27,NA,"missing","too_short_for_requested_parameter",TRUE,NA,NA,"SUW","exclude_PUNCT_SYM",TRUE
"test-s436","mtld",34,27,46.24,"ok",NA,TRUE,TRUE,0,"SUW","exclude_PUNCT_SYM",TRUE
"test-s437","ttr",28,26,0.928571428571429,"ok",NA,FALSE,NA,NA,"SUW","exclude_PUNCT_SYM",TRUE
"test-s437","mattr",28,26,NA,"missing","too_short_for_requested_parameter",TRUE,NA,NA,"SUW","exclude_PUNCT_SYM",TRUE
"test-s437","mtld",28,26,109.76,"ok",NA,TRUE,TRUE,0,"SUW","exclude_PUNCT_SYM",TRUE
"test-s438","ttr",4,4,1,"ok",NA,FALSE,NA,NA,"SUW","exclude_PUNCT_SYM",TRUE
"test-s438","mattr",4,4,NA,"missing","too_short_for_requested_parameter",TRUE,NA,NA,"SUW","exclude_PUNCT_SYM",TRUE
"test-s438","mtld",4,4,NA,"missing","no_factor",TRUE,NA,NA,"SUW","exclude_PUNCT_SYM",TRUE
"test-s439","ttr",10,9,0.9,"ok",NA,FALSE,NA,NA,"SUW","exclude_PUNCT_SYM",TRUE
"test-s439","mattr",10,9,NA,"missing","too_short_for_requested_parameter",TRUE,NA,NA,"SUW","exclude_PUNCT_SYM",TRUE
"test-s439","mtld",10,9,28,"ok",NA,TRUE,TRUE,0,"SUW","exclude_PUNCT_SYM",TRUE
"test-s440","ttr",37,26,0.702702702702703,"ok",NA,FALSE,NA,NA,"SUW","exclude_PUNCT_SYM",TRUE
"test-s440","mattr",37,26,NA,"missing","too_short_for_requested_parameter",TRUE,NA,NA,"SUW","exclude_PUNCT_SYM",TRUE
"test-s440","mtld",37,26,31.5266272189349,"ok",NA,TRUE,FALSE,34.7222222222222,"SUW","exclude_PUNCT_SYM",TRUE
"test-s441","ttr",40,32,0.8,"ok",NA,FALSE,NA,NA,"SUW","exclude_PUNCT_SYM",TRUE
"test-s441","mattr",40,32,NA,"missing","too_short_for_requested_parameter",TRUE,NA,NA,"SUW","exclude_PUNCT_SYM",TRUE
"test-s441","mtld",40,32,56,"ok",NA,TRUE,TRUE,0,"SUW","exclude_PUNCT_SYM",TRUE
"test-s442","ttr",28,23,0.821428571428571,"ok",NA,FALSE,NA,NA,"SUW","exclude_PUNCT_SYM",TRUE
"test-s442","mattr",28,23,NA,"missing","too_short_for_requested_parameter",TRUE,NA,NA,"SUW","exclude_PUNCT_SYM",TRUE
"test-s442","mtld",28,23,43.904,"ok",NA,TRUE,TRUE,0,"SUW","exclude_PUNCT_SYM",TRUE
"test-s443","ttr",21,19,0.904761904761905,"ok",NA,FALSE,NA,NA,"SUW","exclude_PUNCT_SYM",FALSE
"test-s443","mattr",21,19,NA,"missing","too_short_for_requested_parameter",TRUE,NA,NA,"SUW","exclude_PUNCT_SYM",FALSE
"test-s443","mtld",21,19,61.74,"ok",NA,TRUE,TRUE,0,"SUW","exclude_PUNCT_SYM",FALSE
"test-s444","ttr",48,44,0.916666666666667,"ok",NA,FALSE,NA,NA,"SUW","exclude_PUNCT_SYM",FALSE
"test-s444","mattr",48,44,NA,"missing","too_short_for_requested_parameter",TRUE,NA,NA,"SUW","exclude_PUNCT_SYM",FALSE
"test-s444","mtld",48,44,161.28,"ok",NA,TRUE,TRUE,0,"SUW","exclude_PUNCT_SYM",FALSE
"test-s445","ttr",7,6,0.857142857142857,"ok",NA,FALSE,NA,NA,"SUW","exclude_PUNCT_SYM",TRUE
"test-s445","mattr",7,6,NA,"missing","too_short_for_requested_parameter",TRUE,NA,NA,"SUW","exclude_PUNCT_SYM",TRUE
"test-s445","mtld",7,6,13.72,"ok",NA,TRUE,TRUE,0,"SUW","exclude_PUNCT_SYM",TRUE
"test-s446","ttr",8,8,1,"ok",NA,FALSE,NA,NA,"SUW","exclude_PUNCT_SYM",TRUE
"test-s446","mattr",8,8,NA,"missing","too_short_for_requested_parameter",TRUE,NA,NA,"SUW","exclude_PUNCT_SYM",TRUE
"test-s446","mtld",8,8,NA,"missing","no_factor",TRUE,NA,NA,"SUW","exclude_PUNCT_SYM",TRUE
"test-s447","ttr",11,9,0.818181818181818,"ok",NA,FALSE,NA,NA,"SUW","exclude_PUNCT_SYM",TRUE
"test-s447","mattr",11,9,NA,"missing","too_short_for_requested_parameter",TRUE,NA,NA,"SUW","exclude_PUNCT_SYM",TRUE
"test-s447","mtld",11,9,16.94,"ok",NA,TRUE,TRUE,0,"SUW","exclude_PUNCT_SYM",TRUE
"test-s448","ttr",4,4,1,"ok",NA,FALSE,NA,NA,"SUW","exclude_PUNCT_SYM",TRUE
"test-s448","mattr",4,4,NA,"missing","too_short_for_requested_parameter",TRUE,NA,NA,"SUW","exclude_PUNCT_SYM",TRUE
"test-s448","mtld",4,4,NA,"missing","no_factor",TRUE,NA,NA,"SUW","exclude_PUNCT_SYM",TRUE
"test-s449","ttr",38,35,0.921052631578947,"ok",NA,FALSE,NA,NA,"SUW","exclude_PUNCT_SYM",TRUE
"test-s449","mattr",38,35,NA,"missing","too_short_for_requested_parameter",TRUE,NA,NA,"SUW","exclude_PUNCT_SYM",TRUE
"test-s449","mtld",38,35,134.773333333333,"ok",NA,TRUE,TRUE,0,"SUW","exclude_PUNCT_SYM",TRUE
"test-s450","ttr",5,5,1,"ok",NA,FALSE,NA,NA,"SUW","exclude_PUNCT_SYM",TRUE
"test-s450","mattr",5,5,NA,"missing","too_short_for_requested_parameter",TRUE,NA,NA,"SUW","exclude_PUNCT_SYM",TRUE
"test-s450","mtld",5,5,NA,"missing","no_factor",TRUE,NA,NA,"SUW","exclude_PUNCT_SYM",TRUE
"test-s451","ttr",5,4,0.8,"ok",NA,FALSE,NA,NA,"SUW","exclude_PUNCT_SYM",TRUE
"test-s451","mattr",5,4,NA,"missing","too_short_for_requested_parameter",TRUE,NA,NA,"SUW","exclude_PUNCT_SYM",TRUE
"test-s451","mtld",5,4,7,"ok",NA,TRUE,TRUE,0,"SUW","exclude_PUNCT_SYM",TRUE
"test-s452","ttr",9,8,0.888888888888889,"ok",NA,FALSE,NA,NA,"SUW","exclude_PUNCT_SYM",TRUE
"test-s452","mattr",9,8,NA,"missing","too_short_for_requested_parameter",TRUE,NA,NA,"SUW","exclude_PUNCT_SYM",TRUE
"test-s452","mtld",9,8,22.68,"ok",NA,TRUE,TRUE,0,"SUW","exclude_PUNCT_SYM",TRUE
"test-s453","ttr",26,22,0.846153846153846,"ok",NA,FALSE,NA,NA,"SUW","exclude_PUNCT_SYM",TRUE
"test-s453","mattr",26,22,NA,"missing","too_short_for_requested_parameter",TRUE,NA,NA,"SUW","exclude_PUNCT_SYM",TRUE
"test-s453","mtld",26,22,47.32,"ok",NA,TRUE,TRUE,0,"SUW","exclude_PUNCT_SYM",TRUE
"test-s454","ttr",10,10,1,"ok",NA,FALSE,NA,NA,"SUW","exclude_PUNCT_SYM",FALSE
"test-s454","mattr",10,10,NA,"missing","too_short_for_requested_parameter",TRUE,NA,NA,"SUW","exclude_PUNCT_SYM",FALSE
"test-s454","mtld",10,10,NA,"missing","no_factor",TRUE,NA,NA,"SUW","exclude_PUNCT_SYM",FALSE
"test-s455","ttr",12,12,1,"ok",NA,FALSE,NA,NA,"SUW","exclude_PUNCT_SYM",TRUE
"test-s455","mattr",12,12,NA,"missing","too_short_for_requested_parameter",TRUE,NA,NA,"SUW","exclude_PUNCT_SYM",TRUE
"test-s455","mtld",12,12,NA,"missing","no_factor",TRUE,NA,NA,"SUW","exclude_PUNCT_SYM",TRUE
"test-s456","ttr",17,17,1,"ok",NA,FALSE,NA,NA,"SUW","exclude_PUNCT_SYM",TRUE
"test-s456","mattr",17,17,NA,"missing","too_short_for_requested_parameter",TRUE,NA,NA,"SUW","exclude_PUNCT_SYM",TRUE
"test-s456","mtld",17,17,NA,"missing","no_factor",TRUE,NA,NA,"SUW","exclude_PUNCT_SYM",TRUE
"test-s457","ttr",40,33,0.825,"ok",NA,FALSE,NA,NA,"SUW","exclude_PUNCT_SYM",TRUE
"test-s457","mattr",40,33,NA,"missing","too_short_for_requested_parameter",TRUE,NA,NA,"SUW","exclude_PUNCT_SYM",TRUE
"test-s457","mtld",40,33,64,"ok",NA,TRUE,TRUE,0,"SUW","exclude_PUNCT_SYM",TRUE
"test-s458","ttr",4,4,1,"ok",NA,FALSE,NA,NA,"SUW","exclude_PUNCT_SYM",TRUE
"test-s458","mattr",4,4,NA,"missing","too_short_for_requested_parameter",TRUE,NA,NA,"SUW","exclude_PUNCT_SYM",TRUE
"test-s458","mtld",4,4,NA,"missing","no_factor",TRUE,NA,NA,"SUW","exclude_PUNCT_SYM",TRUE
"test-s459","ttr",19,19,1,"ok",NA,FALSE,NA,NA,"SUW","exclude_PUNCT_SYM",FALSE
"test-s459","mattr",19,19,NA,"missing","too_short_for_requested_parameter",TRUE,NA,NA,"SUW","exclude_PUNCT_SYM",FALSE
"test-s459","mtld",19,19,NA,"missing","no_factor",TRUE,NA,NA,"SUW","exclude_PUNCT_SYM",FALSE
"test-s460","ttr",58,38,0.655172413793103,"ok",NA,FALSE,NA,NA,"SUW","exclude_PUNCT_SYM",TRUE
"test-s460","mattr",58,38,0.711111111111111,"ok",NA,FALSE,NA,NA,"SUW","exclude_PUNCT_SYM",TRUE
"test-s460","mtld",58,38,48.7838983050847,"ok",NA,FALSE,FALSE,37.7833753148615,"SUW","exclude_PUNCT_SYM",TRUE
"test-s461","ttr",43,34,0.790697674418605,"ok",NA,FALSE,NA,NA,"SUW","exclude_PUNCT_SYM",TRUE
"test-s461","mattr",43,34,NA,"missing","too_short_for_requested_parameter",TRUE,NA,NA,"SUW","exclude_PUNCT_SYM",TRUE
"test-s461","mtld",43,34,57.5244444444444,"ok",NA,TRUE,TRUE,0,"SUW","exclude_PUNCT_SYM",TRUE
"test-s462","ttr",111,75,0.675675675675676,"ok",NA,FALSE,NA,NA,"SUW","exclude_PUNCT_SYM",TRUE
"test-s462","mattr",111,75,0.789032258064516,"ok",NA,FALSE,NA,NA,"SUW","exclude_PUNCT_SYM",TRUE
"test-s462","mtld",111,75,77.1883994026609,"ok",NA,FALSE,FALSE,25.6235052955244,"SUW","exclude_PUNCT_SYM",TRUE
"test-s463","ttr",30,27,0.9,"ok",NA,FALSE,NA,NA,"SUW","exclude_PUNCT_SYM",TRUE
"test-s463","mattr",30,27,NA,"missing","too_short_for_requested_parameter",TRUE,NA,NA,"SUW","exclude_PUNCT_SYM",TRUE
"test-s463","mtld",30,27,84,"ok",NA,TRUE,TRUE,0,"SUW","exclude_PUNCT_SYM",TRUE
"test-s464","ttr",31,27,0.870967741935484,"ok",NA,FALSE,NA,NA,"SUW","exclude_PUNCT_SYM",TRUE
"test-s464","mattr",31,27,NA,"missing","too_short_for_requested_parameter",TRUE,NA,NA,"SUW","exclude_PUNCT_SYM",TRUE
"test-s464","mtld",31,27,67.27,"ok",NA,TRUE,TRUE,0,"SUW","exclude_PUNCT_SYM",TRUE
"test-s465","ttr",17,15,0.88235294117647,"ok",NA,FALSE,NA,NA,"SUW","exclude_PUNCT_SYM",TRUE
"test-s465","mattr",17,15,NA,"missing","too_short_for_requested_parameter",TRUE,NA,NA,"SUW","exclude_PUNCT_SYM",TRUE
"test-s465","mtld",17,15,40.46,"ok",NA,TRUE,TRUE,0,"SUW","exclude_PUNCT_SYM",TRUE
"test-s466","ttr",37,32,0.864864864864865,"ok",NA,FALSE,NA,NA,"SUW","exclude_PUNCT_SYM",TRUE
"test-s466","mattr",37,32,NA,"missing","too_short_for_requested_parameter",TRUE,NA,NA,"SUW","exclude_PUNCT_SYM",TRUE
"test-s466","mtld",37,32,76.664,"ok",NA,TRUE,TRUE,0,"SUW","exclude_PUNCT_SYM",TRUE
"test-s467","ttr",20,18,0.9,"ok",NA,FALSE,NA,NA,"SUW","exclude_PUNCT_SYM",TRUE
"test-s467","mattr",20,18,NA,"missing","too_short_for_requested_parameter",TRUE,NA,NA,"SUW","exclude_PUNCT_SYM",TRUE
"test-s467","mtld",20,18,56,"ok",NA,TRUE,TRUE,0,"SUW","exclude_PUNCT_SYM",TRUE
"test-s468","ttr",22,22,1,"ok",NA,FALSE,NA,NA,"SUW","exclude_PUNCT_SYM",FALSE
"test-s468","mattr",22,22,NA,"missing","too_short_for_requested_parameter",TRUE,NA,NA,"SUW","exclude_PUNCT_SYM",FALSE
"test-s468","mtld",22,22,NA,"missing","no_factor",TRUE,NA,NA,"SUW","exclude_PUNCT_SYM",FALSE
"test-s469","ttr",22,19,0.863636363636364,"ok",NA,FALSE,NA,NA,"SUW","exclude_PUNCT_SYM",TRUE
"test-s469","mattr",22,19,NA,"missing","too_short_for_requested_parameter",TRUE,NA,NA,"SUW","exclude_PUNCT_SYM",TRUE
"test-s469","mtld",22,19,45.1733333333333,"ok",NA,TRUE,TRUE,0,"SUW","exclude_PUNCT_SYM",TRUE
"test-s470","ttr",16,15,0.9375,"ok",NA,FALSE,NA,NA,"SUW","exclude_PUNCT_SYM",FALSE
"test-s470","mattr",16,15,NA,"missing","too_short_for_requested_parameter",TRUE,NA,NA,"SUW","exclude_PUNCT_SYM",FALSE
"test-s470","mtld",16,15,71.68,"ok",NA,TRUE,TRUE,0,"SUW","exclude_PUNCT_SYM",FALSE
"test-s471","ttr",13,13,1,"ok",NA,FALSE,NA,NA,"SUW","exclude_PUNCT_SYM",TRUE
"test-s471","mattr",13,13,NA,"missing","too_short_for_requested_parameter",TRUE,NA,NA,"SUW","exclude_PUNCT_SYM",TRUE
"test-s471","mtld",13,13,NA,"missing","no_factor",TRUE,NA,NA,"SUW","exclude_PUNCT_SYM",TRUE
"test-s472","ttr",19,15,0.789473684210526,"ok",NA,FALSE,NA,NA,"SUW","exclude_PUNCT_SYM",TRUE
"test-s472","mattr",19,15,NA,"missing","too_short_for_requested_parameter",TRUE,NA,NA,"SUW","exclude_PUNCT_SYM",TRUE
"test-s472","mtld",19,15,25.27,"ok",NA,TRUE,TRUE,0,"SUW","exclude_PUNCT_SYM",TRUE
"test-s473","ttr",6,6,1,"ok",NA,FALSE,NA,NA,"SUW","exclude_PUNCT_SYM",TRUE
"test-s473","mattr",6,6,NA,"missing","too_short_for_requested_parameter",TRUE,NA,NA,"SUW","exclude_PUNCT_SYM",TRUE
"test-s473","mtld",6,6,NA,"missing","no_factor",TRUE,NA,NA,"SUW","exclude_PUNCT_SYM",TRUE
"test-s474","ttr",26,21,0.807692307692308,"ok",NA,FALSE,NA,NA,"SUW","exclude_PUNCT_SYM",TRUE
"test-s474","mattr",26,21,NA,"missing","too_short_for_requested_parameter",TRUE,NA,NA,"SUW","exclude_PUNCT_SYM",TRUE
"test-s474","mtld",26,21,37.856,"ok",NA,TRUE,TRUE,0,"SUW","exclude_PUNCT_SYM",TRUE
"test-s475","ttr",39,33,0.846153846153846,"ok",NA,FALSE,NA,NA,"SUW","exclude_PUNCT_SYM",FALSE
"test-s475","mattr",39,33,NA,"missing","too_short_for_requested_parameter",TRUE,NA,NA,"SUW","exclude_PUNCT_SYM",FALSE
"test-s475","mtld",39,33,70.98,"ok",NA,TRUE,TRUE,0,"SUW","exclude_PUNCT_SYM",FALSE
"test-s476","ttr",23,20,0.869565217391304,"ok",NA,FALSE,NA,NA,"SUW","exclude_PUNCT_SYM",TRUE
"test-s476","mattr",23,20,NA,"missing","too_short_for_requested_parameter",TRUE,NA,NA,"SUW","exclude_PUNCT_SYM",TRUE
"test-s476","mtld",23,20,49.3733333333333,"ok",NA,TRUE,TRUE,0,"SUW","exclude_PUNCT_SYM",TRUE
"test-s477","ttr",20,17,0.85,"ok",NA,FALSE,NA,NA,"SUW","exclude_PUNCT_SYM",TRUE
"test-s477","mattr",20,17,NA,"missing","too_short_for_requested_parameter",TRUE,NA,NA,"SUW","exclude_PUNCT_SYM",TRUE
"test-s477","mtld",20,17,37.3333333333333,"ok",NA,TRUE,TRUE,0,"SUW","exclude_PUNCT_SYM",TRUE
"test-s478","ttr",6,5,0.833333333333333,"ok",NA,FALSE,NA,NA,"SUW","exclude_PUNCT_SYM",TRUE
"test-s478","mattr",6,5,NA,"missing","too_short_for_requested_parameter",TRUE,NA,NA,"SUW","exclude_PUNCT_SYM",TRUE
"test-s478","mtld",6,5,10.08,"ok",NA,TRUE,TRUE,0,"SUW","exclude_PUNCT_SYM",TRUE
"test-s479","ttr",70,45,0.642857142857143,"ok",NA,FALSE,NA,NA,"SUW","exclude_PUNCT_SYM",TRUE
"test-s479","mattr",70,45,0.725714285714286,"ok",NA,FALSE,NA,NA,"SUW","exclude_PUNCT_SYM",TRUE
"test-s479","mtld",70,45,35.0697211155378,"ok",NA,FALSE,FALSE,0.39761431411531,"SUW","exclude_PUNCT_SYM",TRUE
"test-s480","ttr",4,4,1,"ok",NA,FALSE,NA,NA,"SUW","exclude_PUNCT_SYM",TRUE
"test-s480","mattr",4,4,NA,"missing","too_short_for_requested_parameter",TRUE,NA,NA,"SUW","exclude_PUNCT_SYM",TRUE
"test-s480","mtld",4,4,NA,"missing","no_factor",TRUE,NA,NA,"SUW","exclude_PUNCT_SYM",TRUE
"test-s481","ttr",40,34,0.85,"ok",NA,FALSE,NA,NA,"SUW","exclude_PUNCT_SYM",TRUE
"test-s481","mattr",40,34,NA,"missing","too_short_for_requested_parameter",TRUE,NA,NA,"SUW","exclude_PUNCT_SYM",TRUE
"test-s481","mtld",40,34,74.6666666666667,"ok",NA,TRUE,TRUE,0,"SUW","exclude_PUNCT_SYM",TRUE
"test-s482","ttr",27,24,0.888888888888889,"ok",NA,FALSE,NA,NA,"SUW","exclude_PUNCT_SYM",TRUE
"test-s482","mattr",27,24,NA,"missing","too_short_for_requested_parameter",TRUE,NA,NA,"SUW","exclude_PUNCT_SYM",TRUE
"test-s482","mtld",27,24,68.04,"ok",NA,TRUE,TRUE,0,"SUW","exclude_PUNCT_SYM",TRUE
"test-s483","ttr",18,17,0.944444444444444,"ok",NA,FALSE,NA,NA,"SUW","exclude_PUNCT_SYM",TRUE
"test-s483","mattr",18,17,NA,"missing","too_short_for_requested_parameter",TRUE,NA,NA,"SUW","exclude_PUNCT_SYM",TRUE
"test-s483","mtld",18,17,90.72,"ok",NA,TRUE,TRUE,0,"SUW","exclude_PUNCT_SYM",TRUE
"test-s484","ttr",21,21,1,"ok",NA,FALSE,NA,NA,"SUW","exclude_PUNCT_SYM",TRUE
"test-s484","mattr",21,21,NA,"missing","too_short_for_requested_parameter",TRUE,NA,NA,"SUW","exclude_PUNCT_SYM",TRUE
"test-s484","mtld",21,21,NA,"missing","no_factor",TRUE,NA,NA,"SUW","exclude_PUNCT_SYM",TRUE
"test-s485","ttr",34,28,0.823529411764706,"ok",NA,FALSE,NA,NA,"SUW","exclude_PUNCT_SYM",TRUE
"test-s485","mattr",34,28,NA,"missing","too_short_for_requested_parameter",TRUE,NA,NA,"SUW","exclude_PUNCT_SYM",TRUE
"test-s485","mtld",34,28,53.9466666666667,"ok",NA,TRUE,TRUE,0,"SUW","exclude_PUNCT_SYM",TRUE
"test-s486","ttr",28,23,0.821428571428571,"ok",NA,FALSE,NA,NA,"SUW","exclude_PUNCT_SYM",TRUE
"test-s486","mattr",28,23,NA,"missing","too_short_for_requested_parameter",TRUE,NA,NA,"SUW","exclude_PUNCT_SYM",TRUE
"test-s486","mtld",28,23,43.904,"ok",NA,TRUE,TRUE,0,"SUW","exclude_PUNCT_SYM",TRUE
"test-s487","ttr",21,20,0.952380952380952,"ok",NA,FALSE,NA,NA,"SUW","exclude_PUNCT_SYM",TRUE
"test-s487","mattr",21,20,NA,"missing","too_short_for_requested_parameter",TRUE,NA,NA,"SUW","exclude_PUNCT_SYM",TRUE
"test-s487","mtld",21,20,123.48,"ok",NA,TRUE,TRUE,0,"SUW","exclude_PUNCT_SYM",TRUE
"test-s488","ttr",26,21,0.807692307692308,"ok",NA,FALSE,NA,NA,"SUW","exclude_PUNCT_SYM",TRUE
"test-s488","mattr",26,21,NA,"missing","too_short_for_requested_parameter",TRUE,NA,NA,"SUW","exclude_PUNCT_SYM",TRUE
"test-s488","mtld",26,21,31.928,"ok",NA,TRUE,TRUE,37.1335504885994,"SUW","exclude_PUNCT_SYM",TRUE
"test-s489","ttr",19,17,0.894736842105263,"ok",NA,FALSE,NA,NA,"SUW","exclude_PUNCT_SYM",TRUE
"test-s489","mattr",19,17,NA,"missing","too_short_for_requested_parameter",TRUE,NA,NA,"SUW","exclude_PUNCT_SYM",TRUE
"test-s489","mtld",19,17,50.54,"ok",NA,TRUE,TRUE,0,"SUW","exclude_PUNCT_SYM",TRUE
"test-s490","ttr",29,25,0.862068965517241,"ok",NA,FALSE,NA,NA,"SUW","exclude_PUNCT_SYM",TRUE
"test-s490","mattr",29,25,NA,"missing","too_short_for_requested_parameter",TRUE,NA,NA,"SUW","exclude_PUNCT_SYM",TRUE
"test-s490","mtld",29,25,58.87,"ok",NA,TRUE,TRUE,0,"SUW","exclude_PUNCT_SYM",TRUE
"test-s491","ttr",8,8,1,"ok",NA,FALSE,NA,NA,"SUW","exclude_PUNCT_SYM",TRUE
"test-s491","mattr",8,8,NA,"missing","too_short_for_requested_parameter",TRUE,NA,NA,"SUW","exclude_PUNCT_SYM",TRUE
"test-s491","mtld",8,8,NA,"missing","no_factor",TRUE,NA,NA,"SUW","exclude_PUNCT_SYM",TRUE
"test-s492","ttr",11,11,1,"ok",NA,FALSE,NA,NA,"SUW","exclude_PUNCT_SYM",TRUE
"test-s492","mattr",11,11,NA,"missing","too_short_for_requested_parameter",TRUE,NA,NA,"SUW","exclude_PUNCT_SYM",TRUE
"test-s492","mtld",11,11,NA,"missing","no_factor",TRUE,NA,NA,"SUW","exclude_PUNCT_SYM",TRUE
"test-s493","ttr",50,35,0.7,"ok",NA,FALSE,NA,NA,"SUW","exclude_PUNCT_SYM",TRUE
"test-s493","mattr",50,35,0.7,"ok",NA,FALSE,NA,NA,"SUW","exclude_PUNCT_SYM",TRUE
"test-s493","mtld",50,35,50,"ok",NA,FALSE,FALSE,0,"SUW","exclude_PUNCT_SYM",TRUE
"test-s494","ttr",21,18,0.857142857142857,"ok",NA,FALSE,NA,NA,"SUW","exclude_PUNCT_SYM",TRUE
"test-s494","mattr",21,18,NA,"missing","too_short_for_requested_parameter",TRUE,NA,NA,"SUW","exclude_PUNCT_SYM",TRUE
"test-s494","mtld",21,18,41.16,"ok",NA,TRUE,TRUE,0,"SUW","exclude_PUNCT_SYM",TRUE
"test-s495","ttr",12,11,0.916666666666667,"ok",NA,FALSE,NA,NA,"SUW","exclude_PUNCT_SYM",TRUE
"test-s495","mattr",12,11,NA,"missing","too_short_for_requested_parameter",TRUE,NA,NA,"SUW","exclude_PUNCT_SYM",TRUE
"test-s495","mtld",12,11,40.32,"ok",NA,TRUE,TRUE,0,"SUW","exclude_PUNCT_SYM",TRUE
"test-s496","ttr",16,16,1,"ok",NA,FALSE,NA,NA,"SUW","exclude_PUNCT_SYM",TRUE
"test-s496","mattr",16,16,NA,"missing","too_short_for_requested_parameter",TRUE,NA,NA,"SUW","exclude_PUNCT_SYM",TRUE
"test-s496","mtld",16,16,NA,"missing","no_factor",TRUE,NA,NA,"SUW","exclude_PUNCT_SYM",TRUE
"test-s497","ttr",33,28,0.848484848484849,"ok",NA,FALSE,NA,NA,"SUW","exclude_PUNCT_SYM",FALSE
"test-s497","mattr",33,28,NA,"missing","too_short_for_requested_parameter",TRUE,NA,NA,"SUW","exclude_PUNCT_SYM",FALSE
"test-s497","mtld",33,28,60.984,"ok",NA,TRUE,TRUE,0,"SUW","exclude_PUNCT_SYM",FALSE
"test-s498","ttr",10,10,1,"ok",NA,FALSE,NA,NA,"SUW","exclude_PUNCT_SYM",FALSE
"test-s498","mattr",10,10,NA,"missing","too_short_for_requested_parameter",TRUE,NA,NA,"SUW","exclude_PUNCT_SYM",FALSE
"test-s498","mtld",10,10,NA,"missing","no_factor",TRUE,NA,NA,"SUW","exclude_PUNCT_SYM",FALSE
"test-s499","ttr",12,12,1,"ok",NA,FALSE,NA,NA,"SUW","exclude_PUNCT_SYM",FALSE
"test-s499","mattr",12,12,NA,"missing","too_short_for_requested_parameter",TRUE,NA,NA,"SUW","exclude_PUNCT_SYM",FALSE
"test-s499","mtld",12,12,NA,"missing","no_factor",TRUE,NA,NA,"SUW","exclude_PUNCT_SYM",FALSE
"test-s500","ttr",15,13,0.866666666666667,"ok",NA,FALSE,NA,NA,"SUW","exclude_PUNCT_SYM",TRUE
"test-s500","mattr",15,13,NA,"missing","too_short_for_requested_parameter",TRUE,NA,NA,"SUW","exclude_PUNCT_SYM",TRUE
"test-s500","mtld",15,13,31.5,"ok",NA,TRUE,TRUE,0,"SUW","exclude_PUNCT_SYM",TRUE
"test-s501","ttr",15,14,0.933333333333333,"ok",NA,FALSE,NA,NA,"SUW","exclude_PUNCT_SYM",TRUE
"test-s501","mattr",15,14,NA,"missing","too_short_for_requested_parameter",TRUE,NA,NA,"SUW","exclude_PUNCT_SYM",TRUE
"test-s501","mtld",15,14,63,"ok",NA,TRUE,TRUE,0,"SUW","exclude_PUNCT_SYM",TRUE
"test-s502","ttr",19,18,0.947368421052632,"ok",NA,FALSE,NA,NA,"SUW","exclude_PUNCT_SYM",TRUE
"test-s502","mattr",19,18,NA,"missing","too_short_for_requested_parameter",TRUE,NA,NA,"SUW","exclude_PUNCT_SYM",TRUE
"test-s502","mtld",19,18,101.08,"ok",NA,TRUE,TRUE,0,"SUW","exclude_PUNCT_SYM",TRUE
"test-s503","ttr",19,16,0.842105263157895,"ok",NA,FALSE,NA,NA,"SUW","exclude_PUNCT_SYM",TRUE
"test-s503","mattr",19,16,NA,"missing","too_short_for_requested_parameter",TRUE,NA,NA,"SUW","exclude_PUNCT_SYM",TRUE
"test-s503","mtld",19,16,33.6933333333333,"ok",NA,TRUE,TRUE,0,"SUW","exclude_PUNCT_SYM",TRUE
"test-s504","ttr",31,28,0.903225806451613,"ok",NA,FALSE,NA,NA,"SUW","exclude_PUNCT_SYM",FALSE
"test-s504","mattr",31,28,NA,"missing","too_short_for_requested_parameter",TRUE,NA,NA,"SUW","exclude_PUNCT_SYM",FALSE
"test-s504","mtld",31,28,89.6933333333333,"ok",NA,TRUE,TRUE,0,"SUW","exclude_PUNCT_SYM",FALSE
"test-s505","ttr",18,16,0.888888888888889,"ok",NA,FALSE,NA,NA,"SUW","exclude_PUNCT_SYM",TRUE
"test-s505","mattr",18,16,NA,"missing","too_short_for_requested_parameter",TRUE,NA,NA,"SUW","exclude_PUNCT_SYM",TRUE
"test-s505","mtld",18,16,45.36,"ok",NA,TRUE,TRUE,0,"SUW","exclude_PUNCT_SYM",TRUE
"test-s506","ttr",4,4,1,"ok",NA,FALSE,NA,NA,"SUW","exclude_PUNCT_SYM",FALSE
"test-s506","mattr",4,4,NA,"missing","too_short_for_requested_parameter",TRUE,NA,NA,"SUW","exclude_PUNCT_SYM",FALSE
"test-s506","mtld",4,4,NA,"missing","no_factor",TRUE,NA,NA,"SUW","exclude_PUNCT_SYM",FALSE
"test-s507","ttr",31,24,0.774193548387097,"ok",NA,FALSE,NA,NA,"SUW","exclude_PUNCT_SYM",TRUE
"test-s507","mattr",31,24,NA,"missing","too_short_for_requested_parameter",TRUE,NA,NA,"SUW","exclude_PUNCT_SYM",TRUE
"test-s507","mtld",31,24,38.44,"ok",NA,TRUE,TRUE,0,"SUW","exclude_PUNCT_SYM",TRUE
"test-s508","ttr",46,37,0.804347826086957,"ok",NA,FALSE,NA,NA,"SUW","exclude_PUNCT_SYM",FALSE
"test-s508","mattr",46,37,NA,"missing","too_short_for_requested_parameter",TRUE,NA,NA,"SUW","exclude_PUNCT_SYM",FALSE
"test-s508","mtld",46,37,65.8311111111111,"ok",NA,TRUE,TRUE,0,"SUW","exclude_PUNCT_SYM",FALSE
"test-s509","ttr",47,36,0.765957446808511,"ok",NA,FALSE,NA,NA,"SUW","exclude_PUNCT_SYM",TRUE
"test-s509","mattr",47,36,NA,"missing","too_short_for_requested_parameter",TRUE,NA,NA,"SUW","exclude_PUNCT_SYM",TRUE
"test-s509","mtld",47,36,56.2290909090909,"ok",NA,TRUE,TRUE,0,"SUW","exclude_PUNCT_SYM",TRUE
"test-s510","ttr",126,78,0.619047619047619,"ok",NA,FALSE,NA,NA,"SUW","exclude_PUNCT_SYM",TRUE
"test-s510","mattr",126,78,0.753246753246753,"ok",NA,FALSE,NA,NA,"SUW","exclude_PUNCT_SYM",TRUE
"test-s510","mtld",126,78,60.7038781287025,"ok",NA,FALSE,FALSE,12.1655202218461,"SUW","exclude_PUNCT_SYM",TRUE
"test-s511","ttr",13,12,0.923076923076923,"ok",NA,FALSE,NA,NA,"SUW","exclude_PUNCT_SYM",TRUE
"test-s511","mattr",13,12,NA,"missing","too_short_for_requested_parameter",TRUE,NA,NA,"SUW","exclude_PUNCT_SYM",TRUE
"test-s511","mtld",13,12,47.32,"ok",NA,TRUE,TRUE,0,"SUW","exclude_PUNCT_SYM",TRUE
"test-s512","ttr",6,6,1,"ok",NA,FALSE,NA,NA,"SUW","exclude_PUNCT_SYM",TRUE
"test-s512","mattr",6,6,NA,"missing","too_short_for_requested_parameter",TRUE,NA,NA,"SUW","exclude_PUNCT_SYM",TRUE
"test-s512","mtld",6,6,NA,"missing","no_factor",TRUE,NA,NA,"SUW","exclude_PUNCT_SYM",TRUE
"test-s513","ttr",30,29,0.966666666666667,"ok",NA,FALSE,NA,NA,"SUW","exclude_PUNCT_SYM",TRUE
"test-s513","mattr",30,29,NA,"missing","too_short_for_requested_parameter",TRUE,NA,NA,"SUW","exclude_PUNCT_SYM",TRUE
"test-s513","mtld",30,29,252,"ok",NA,TRUE,TRUE,0,"SUW","exclude_PUNCT_SYM",TRUE
"test-s514","ttr",17,16,0.941176470588235,"ok",NA,FALSE,NA,NA,"SUW","exclude_PUNCT_SYM",TRUE
"test-s514","mattr",17,16,NA,"missing","too_short_for_requested_parameter",TRUE,NA,NA,"SUW","exclude_PUNCT_SYM",TRUE
"test-s514","mtld",17,16,80.92,"ok",NA,TRUE,TRUE,0,"SUW","exclude_PUNCT_SYM",TRUE
"test-s515","ttr",22,19,0.863636363636364,"ok",NA,FALSE,NA,NA,"SUW","exclude_PUNCT_SYM",TRUE
"test-s515","mattr",22,19,NA,"missing","too_short_for_requested_parameter",TRUE,NA,NA,"SUW","exclude_PUNCT_SYM",TRUE
"test-s515","mtld",22,19,45.1733333333333,"ok",NA,TRUE,TRUE,0,"SUW","exclude_PUNCT_SYM",TRUE
"test-s516","ttr",5,5,1,"ok",NA,FALSE,NA,NA,"SUW","exclude_PUNCT_SYM",TRUE
"test-s516","mattr",5,5,NA,"missing","too_short_for_requested_parameter",TRUE,NA,NA,"SUW","exclude_PUNCT_SYM",TRUE
"test-s516","mtld",5,5,NA,"missing","no_factor",TRUE,NA,NA,"SUW","exclude_PUNCT_SYM",TRUE
"test-s517","ttr",13,13,1,"ok",NA,FALSE,NA,NA,"SUW","exclude_PUNCT_SYM",TRUE
"test-s517","mattr",13,13,NA,"missing","too_short_for_requested_parameter",TRUE,NA,NA,"SUW","exclude_PUNCT_SYM",TRUE
"test-s517","mtld",13,13,NA,"missing","no_factor",TRUE,NA,NA,"SUW","exclude_PUNCT_SYM",TRUE
"test-s518","ttr",27,25,0.925925925925926,"ok",NA,FALSE,NA,NA,"SUW","exclude_PUNCT_SYM",TRUE
"test-s518","mattr",27,25,NA,"missing","too_short_for_requested_parameter",TRUE,NA,NA,"SUW","exclude_PUNCT_SYM",TRUE
"test-s518","mtld",27,25,102.06,"ok",NA,TRUE,TRUE,0,"SUW","exclude_PUNCT_SYM",TRUE
"test-s519","ttr",4,4,1,"ok",NA,FALSE,NA,NA,"SUW","exclude_PUNCT_SYM",TRUE
"test-s519","mattr",4,4,NA,"missing","too_short_for_requested_parameter",TRUE,NA,NA,"SUW","exclude_PUNCT_SYM",TRUE
"test-s519","mtld",4,4,NA,"missing","no_factor",TRUE,NA,NA,"SUW","exclude_PUNCT_SYM",TRUE
"test-s520","ttr",20,19,0.95,"ok",NA,FALSE,NA,NA,"SUW","exclude_PUNCT_SYM",TRUE
"test-s520","mattr",20,19,NA,"missing","too_short_for_requested_parameter",TRUE,NA,NA,"SUW","exclude_PUNCT_SYM",TRUE
"test-s520","mtld",20,19,112,"ok",NA,TRUE,TRUE,0,"SUW","exclude_PUNCT_SYM",TRUE
"test-s521","ttr",22,19,0.863636363636364,"ok",NA,FALSE,NA,NA,"SUW","exclude_PUNCT_SYM",TRUE
"test-s521","mattr",22,19,NA,"missing","too_short_for_requested_parameter",TRUE,NA,NA,"SUW","exclude_PUNCT_SYM",TRUE
"test-s521","mtld",22,19,45.1733333333333,"ok",NA,TRUE,TRUE,0,"SUW","exclude_PUNCT_SYM",TRUE
"test-s522","ttr",14,14,1,"ok",NA,FALSE,NA,NA,"SUW","exclude_PUNCT_SYM",TRUE
"test-s522","mattr",14,14,NA,"missing","too_short_for_requested_parameter",TRUE,NA,NA,"SUW","exclude_PUNCT_SYM",TRUE
"test-s522","mtld",14,14,NA,"missing","no_factor",TRUE,NA,NA,"SUW","exclude_PUNCT_SYM",TRUE
"test-s523","ttr",43,33,0.767441860465116,"ok",NA,FALSE,NA,NA,"SUW","exclude_PUNCT_SYM",FALSE
"test-s523","mattr",43,33,NA,"missing","too_short_for_requested_parameter",TRUE,NA,NA,"SUW","exclude_PUNCT_SYM",FALSE
"test-s523","mtld",43,33,51.772,"ok",NA,TRUE,TRUE,0,"SUW","exclude_PUNCT_SYM",FALSE
"test-s524","ttr",16,15,0.9375,"ok",NA,FALSE,NA,NA,"SUW","exclude_PUNCT_SYM",TRUE
"test-s524","mattr",16,15,NA,"missing","too_short_for_requested_parameter",TRUE,NA,NA,"SUW","exclude_PUNCT_SYM",TRUE
"test-s524","mtld",16,15,71.68,"ok",NA,TRUE,TRUE,0,"SUW","exclude_PUNCT_SYM",TRUE
"test-s525","ttr",31,26,0.838709677419355,"ok",NA,FALSE,NA,NA,"SUW","exclude_PUNCT_SYM",TRUE
"test-s525","mattr",31,26,NA,"missing","too_short_for_requested_parameter",TRUE,NA,NA,"SUW","exclude_PUNCT_SYM",TRUE
"test-s525","mtld",31,26,53.816,"ok",NA,TRUE,TRUE,0,"SUW","exclude_PUNCT_SYM",TRUE
"test-s526","ttr",33,26,0.787878787878788,"ok",NA,FALSE,NA,NA,"SUW","exclude_PUNCT_SYM",FALSE
"test-s526","mattr",33,26,NA,"missing","too_short_for_requested_parameter",TRUE,NA,NA,"SUW","exclude_PUNCT_SYM",FALSE
"test-s526","mtld",33,26,43.56,"ok",NA,TRUE,TRUE,0,"SUW","exclude_PUNCT_SYM",FALSE
"test-s527","ttr",42,30,0.714285714285714,"ok",NA,FALSE,NA,NA,"SUW","exclude_PUNCT_SYM",TRUE
"test-s527","mattr",42,30,NA,"missing","too_short_for_requested_parameter",TRUE,NA,NA,"SUW","exclude_PUNCT_SYM",TRUE
"test-s527","mtld",42,30,42,"ok",NA,TRUE,FALSE,0,"SUW","exclude_PUNCT_SYM",TRUE
"test-s528","ttr",40,26,0.65,"ok",NA,FALSE,NA,NA,"SUW","exclude_PUNCT_SYM",FALSE
"test-s528","mattr",40,26,NA,"missing","too_short_for_requested_parameter",TRUE,NA,NA,"SUW","exclude_PUNCT_SYM",FALSE
"test-s528","mtld",40,26,25.4451148512755,"ok",NA,TRUE,FALSE,2.91205591147349,"SUW","exclude_PUNCT_SYM",FALSE
"test-s529","ttr",10,9,0.9,"ok",NA,FALSE,NA,NA,"SUW","exclude_PUNCT_SYM",TRUE
"test-s529","mattr",10,9,NA,"missing","too_short_for_requested_parameter",TRUE,NA,NA,"SUW","exclude_PUNCT_SYM",TRUE
"test-s529","mtld",10,9,28,"ok",NA,TRUE,TRUE,0,"SUW","exclude_PUNCT_SYM",TRUE
"test-s530","ttr",12,12,1,"ok",NA,FALSE,NA,NA,"SUW","exclude_PUNCT_SYM",TRUE
"test-s530","mattr",12,12,NA,"missing","too_short_for_requested_parameter",TRUE,NA,NA,"SUW","exclude_PUNCT_SYM",TRUE
"test-s530","mtld",12,12,NA,"missing","no_factor",TRUE,NA,NA,"SUW","exclude_PUNCT_SYM",TRUE
"test-s531","ttr",3,3,1,"ok",NA,FALSE,NA,NA,"SUW","exclude_PUNCT_SYM",TRUE
"test-s531","mattr",3,3,NA,"missing","too_short_for_requested_parameter",TRUE,NA,NA,"SUW","exclude_PUNCT_SYM",TRUE
"test-s531","mtld",3,3,NA,"missing","no_factor",TRUE,NA,NA,"SUW","exclude_PUNCT_SYM",TRUE
"test-s532","ttr",28,25,0.892857142857143,"ok",NA,FALSE,NA,NA,"SUW","exclude_PUNCT_SYM",TRUE
"test-s532","mattr",28,25,NA,"missing","too_short_for_requested_parameter",TRUE,NA,NA,"SUW","exclude_PUNCT_SYM",TRUE
"test-s532","mtld",28,25,73.1733333333334,"ok",NA,TRUE,TRUE,0,"SUW","exclude_PUNCT_SYM",TRUE
"test-s533","ttr",10,9,0.9,"ok",NA,FALSE,NA,NA,"SUW","exclude_PUNCT_SYM",TRUE
"test-s533","mattr",10,9,NA,"missing","too_short_for_requested_parameter",TRUE,NA,NA,"SUW","exclude_PUNCT_SYM",TRUE
"test-s533","mtld",10,9,28,"ok",NA,TRUE,TRUE,0,"SUW","exclude_PUNCT_SYM",TRUE
"test-s534","ttr",39,32,0.82051282051282,"ok",NA,FALSE,NA,NA,"SUW","exclude_PUNCT_SYM",FALSE
"test-s534","mattr",39,32,NA,"missing","too_short_for_requested_parameter",TRUE,NA,NA,"SUW","exclude_PUNCT_SYM",FALSE
"test-s534","mtld",39,32,60.84,"ok",NA,TRUE,TRUE,0,"SUW","exclude_PUNCT_SYM",FALSE
"test-s535","ttr",20,20,1,"ok",NA,FALSE,NA,NA,"SUW","exclude_PUNCT_SYM",TRUE
"test-s535","mattr",20,20,NA,"missing","too_short_for_requested_parameter",TRUE,NA,NA,"SUW","exclude_PUNCT_SYM",TRUE
"test-s535","mtld",20,20,NA,"missing","no_factor",TRUE,NA,NA,"SUW","exclude_PUNCT_SYM",TRUE
"test-s536","ttr",29,26,0.896551724137931,"ok",NA,FALSE,NA,NA,"SUW","exclude_PUNCT_SYM",TRUE
"test-s536","mattr",29,26,NA,"missing","too_short_for_requested_parameter",TRUE,NA,NA,"SUW","exclude_PUNCT_SYM",TRUE
"test-s536","mtld",29,26,78.4933333333334,"ok",NA,TRUE,TRUE,0,"SUW","exclude_PUNCT_SYM",TRUE
"test-s537","ttr",27,26,0.962962962962963,"ok",NA,FALSE,NA,NA,"SUW","exclude_PUNCT_SYM",TRUE
"test-s537","mattr",27,26,NA,"missing","too_short_for_requested_parameter",TRUE,NA,NA,"SUW","exclude_PUNCT_SYM",TRUE
"test-s537","mtld",27,26,204.12,"ok",NA,TRUE,TRUE,0,"SUW","exclude_PUNCT_SYM",TRUE
"test-s538","ttr",27,23,0.851851851851852,"ok",NA,FALSE,NA,NA,"SUW","exclude_PUNCT_SYM",TRUE
"test-s538","mattr",27,23,NA,"missing","too_short_for_requested_parameter",TRUE,NA,NA,"SUW","exclude_PUNCT_SYM",TRUE
"test-s538","mtld",27,23,51.03,"ok",NA,TRUE,TRUE,0,"SUW","exclude_PUNCT_SYM",TRUE
"test-s539","ttr",51,43,0.843137254901961,"ok",NA,FALSE,NA,NA,"SUW","exclude_PUNCT_SYM",FALSE
"test-s539","mattr",51,43,0.84,"ok",NA,FALSE,NA,NA,"SUW","exclude_PUNCT_SYM",FALSE
"test-s539","mtld",51,43,91.035,"ok",NA,FALSE,TRUE,0,"SUW","exclude_PUNCT_SYM",FALSE
"test-s540","ttr",21,20,0.952380952380952,"ok",NA,FALSE,NA,NA,"SUW","exclude_PUNCT_SYM",FALSE
"test-s540","mattr",21,20,NA,"missing","too_short_for_requested_parameter",TRUE,NA,NA,"SUW","exclude_PUNCT_SYM",FALSE
"test-s540","mtld",21,20,123.48,"ok",NA,TRUE,TRUE,0,"SUW","exclude_PUNCT_SYM",FALSE
"test-s541","ttr",39,32,0.82051282051282,"ok",NA,FALSE,NA,NA,"SUW","exclude_PUNCT_SYM",TRUE
"test-s541","mattr",39,32,NA,"missing","too_short_for_requested_parameter",TRUE,NA,NA,"SUW","exclude_PUNCT_SYM",TRUE
"test-s541","mtld",39,32,60.84,"ok",NA,TRUE,TRUE,0,"SUW","exclude_PUNCT_SYM",TRUE
"test-s542","ttr",15,14,0.933333333333333,"ok",NA,FALSE,NA,NA,"SUW","exclude_PUNCT_SYM",TRUE
"test-s542","mattr",15,14,NA,"missing","too_short_for_requested_parameter",TRUE,NA,NA,"SUW","exclude_PUNCT_SYM",TRUE
"test-s542","mtld",15,14,63,"ok",NA,TRUE,TRUE,0,"SUW","exclude_PUNCT_SYM",TRUE
"test-s543","ttr",11,10,0.909090909090909,"ok",NA,FALSE,NA,NA,"SUW","exclude_PUNCT_SYM",TRUE
"test-s543","mattr",11,10,NA,"missing","too_short_for_requested_parameter",TRUE,NA,NA,"SUW","exclude_PUNCT_SYM",TRUE
"test-s543","mtld",11,10,33.88,"ok",NA,TRUE,TRUE,0,"SUW","exclude_PUNCT_SYM",TRUE
"test-s544","ttr",8,8,1,"ok",NA,FALSE,NA,NA,"SUW","exclude_PUNCT_SYM",TRUE
"test-s544","mattr",8,8,NA,"missing","too_short_for_requested_parameter",TRUE,NA,NA,"SUW","exclude_PUNCT_SYM",TRUE
"test-s544","mtld",8,8,NA,"missing","no_factor",TRUE,NA,NA,"SUW","exclude_PUNCT_SYM",TRUE
"test-s545","ttr",41,29,0.707317073170732,"ok",NA,FALSE,NA,NA,"SUW","exclude_PUNCT_SYM",TRUE
"test-s545","mattr",41,29,NA,"missing","too_short_for_requested_parameter",TRUE,NA,NA,"SUW","exclude_PUNCT_SYM",TRUE
"test-s545","mtld",41,29,41,"ok",NA,TRUE,FALSE,0,"SUW","exclude_PUNCT_SYM",TRUE
"test-s546","ttr",35,29,0.828571428571429,"ok",NA,FALSE,NA,NA,"SUW","exclude_PUNCT_SYM",TRUE
"test-s546","mattr",35,29,NA,"missing","too_short_for_requested_parameter",TRUE,NA,NA,"SUW","exclude_PUNCT_SYM",TRUE
"test-s546","mtld",35,29,57.1666666666667,"ok",NA,TRUE,TRUE,0,"SUW","exclude_PUNCT_SYM",TRUE
"test-s547","ttr",4,4,1,"ok",NA,FALSE,NA,NA,"SUW","exclude_PUNCT_SYM",TRUE
"test-s547","mattr",4,4,NA,"missing","too_short_for_requested_parameter",TRUE,NA,NA,"SUW","exclude_PUNCT_SYM",TRUE
"test-s547","mtld",4,4,NA,"missing","no_factor",TRUE,NA,NA,"SUW","exclude_PUNCT_SYM",TRUE
"test-s548","ttr",3,3,1,"ok",NA,FALSE,NA,NA,"SUW","exclude_PUNCT_SYM",TRUE
"test-s548","mattr",3,3,NA,"missing","too_short_for_requested_parameter",TRUE,NA,NA,"SUW","exclude_PUNCT_SYM",TRUE
"test-s548","mtld",3,3,NA,"missing","no_factor",TRUE,NA,NA,"SUW","exclude_PUNCT_SYM",TRUE
"test-s549","ttr",12,12,1,"ok",NA,FALSE,NA,NA,"SUW","exclude_PUNCT_SYM",TRUE
"test-s549","mattr",12,12,NA,"missing","too_short_for_requested_parameter",TRUE,NA,NA,"SUW","exclude_PUNCT_SYM",TRUE
"test-s549","mtld",12,12,NA,"missing","no_factor",TRUE,NA,NA,"SUW","exclude_PUNCT_SYM",TRUE
"test-s550","ttr",22,21,0.954545454545455,"ok",NA,FALSE,NA,NA,"SUW","exclude_PUNCT_SYM",FALSE
"test-s550","mattr",22,21,NA,"missing","too_short_for_requested_parameter",TRUE,NA,NA,"SUW","exclude_PUNCT_SYM",FALSE
"test-s550","mtld",22,21,135.52,"ok",NA,TRUE,TRUE,0,"SUW","exclude_PUNCT_SYM",FALSE
"test-s551","ttr",16,14,0.875,"ok",NA,FALSE,NA,NA,"SUW","exclude_PUNCT_SYM",TRUE
"test-s551","mattr",16,14,NA,"missing","too_short_for_requested_parameter",TRUE,NA,NA,"SUW","exclude_PUNCT_SYM",TRUE
"test-s551","mtld",16,14,35.84,"ok",NA,TRUE,TRUE,0,"SUW","exclude_PUNCT_SYM",TRUE
"test-s552","ttr",35,25,0.714285714285714,"ok",NA,FALSE,NA,NA,"SUW","exclude_PUNCT_SYM",TRUE
"test-s552","mattr",35,25,NA,"missing","too_short_for_requested_parameter",TRUE,NA,NA,"SUW","exclude_PUNCT_SYM",TRUE
"test-s552","mtld",35,25,35,"ok",NA,TRUE,FALSE,0,"SUW","exclude_PUNCT_SYM",TRUE
"test-s553","ttr",11,9,0.818181818181818,"ok",NA,FALSE,NA,NA,"SUW","exclude_PUNCT_SYM",TRUE
"test-s553","mattr",11,9,NA,"missing","too_short_for_requested_parameter",TRUE,NA,NA,"SUW","exclude_PUNCT_SYM",TRUE
"test-s553","mtld",11,9,16.94,"ok",NA,TRUE,TRUE,0,"SUW","exclude_PUNCT_SYM",TRUE
"test-s554","ttr",29,24,0.827586206896552,"ok",NA,FALSE,NA,NA,"SUW","exclude_PUNCT_SYM",TRUE
"test-s554","mattr",29,24,NA,"missing","too_short_for_requested_parameter",TRUE,NA,NA,"SUW","exclude_PUNCT_SYM",TRUE
"test-s554","mtld",29,24,47.096,"ok",NA,TRUE,TRUE,0,"SUW","exclude_PUNCT_SYM",TRUE
"test-s555","ttr",29,25,0.862068965517241,"ok",NA,FALSE,NA,NA,"SUW","exclude_PUNCT_SYM",TRUE
"test-s555","mattr",29,25,NA,"missing","too_short_for_requested_parameter",TRUE,NA,NA,"SUW","exclude_PUNCT_SYM",TRUE
"test-s555","mtld",29,25,58.87,"ok",NA,TRUE,TRUE,0,"SUW","exclude_PUNCT_SYM",TRUE
"test-s556","ttr",39,28,0.717948717948718,"ok",NA,FALSE,NA,NA,"SUW","exclude_PUNCT_SYM",TRUE
"test-s556","mattr",39,28,NA,"missing","too_short_for_requested_parameter",TRUE,NA,NA,"SUW","exclude_PUNCT_SYM",TRUE
"test-s556","mtld",39,28,32.4121621621622,"ok",NA,TRUE,FALSE,40.650406504065,"SUW","exclude_PUNCT_SYM",TRUE
"test-s557","ttr",21,18,0.857142857142857,"ok",NA,FALSE,NA,NA,"SUW","exclude_PUNCT_SYM",TRUE
"test-s557","mattr",21,18,NA,"missing","too_short_for_requested_parameter",TRUE,NA,NA,"SUW","exclude_PUNCT_SYM",TRUE
"test-s557","mtld",21,18,41.16,"ok",NA,TRUE,TRUE,0,"SUW","exclude_PUNCT_SYM",TRUE
"test-s1","ttr",28,24,0.857142857142857,"ok",NA,FALSE,NA,NA,"LUW","exclude_PUNCT_SYM",TRUE
"test-s1","mattr",28,24,NA,"missing","too_short_for_requested_parameter",TRUE,NA,NA,"LUW","exclude_PUNCT_SYM",TRUE
"test-s1","mtld",28,24,54.88,"ok",NA,TRUE,TRUE,0,"LUW","exclude_PUNCT_SYM",TRUE
"test-s2","ttr",13,12,0.923076923076923,"ok",NA,FALSE,NA,NA,"LUW","exclude_PUNCT_SYM",TRUE
"test-s2","mattr",13,12,NA,"missing","too_short_for_requested_parameter",TRUE,NA,NA,"LUW","exclude_PUNCT_SYM",TRUE
"test-s2","mtld",13,12,47.32,"ok",NA,TRUE,TRUE,0,"LUW","exclude_PUNCT_SYM",TRUE
"test-s3","ttr",10,9,0.9,"ok",NA,FALSE,NA,NA,"LUW","exclude_PUNCT_SYM",TRUE
"test-s3","mattr",10,9,NA,"missing","too_short_for_requested_parameter",TRUE,NA,NA,"LUW","exclude_PUNCT_SYM",TRUE
"test-s3","mtld",10,9,28,"ok",NA,TRUE,TRUE,0,"LUW","exclude_PUNCT_SYM",TRUE
"test-s4","ttr",11,11,1,"ok",NA,FALSE,NA,NA,"LUW","exclude_PUNCT_SYM",TRUE
"test-s4","mattr",11,11,NA,"missing","too_short_for_requested_parameter",TRUE,NA,NA,"LUW","exclude_PUNCT_SYM",TRUE
"test-s4","mtld",11,11,NA,"missing","no_factor",TRUE,NA,NA,"LUW","exclude_PUNCT_SYM",TRUE
"test-s5","ttr",11,10,0.909090909090909,"ok",NA,FALSE,NA,NA,"LUW","exclude_PUNCT_SYM",TRUE
"test-s5","mattr",11,10,NA,"missing","too_short_for_requested_parameter",TRUE,NA,NA,"LUW","exclude_PUNCT_SYM",TRUE
"test-s5","mtld",11,10,33.88,"ok",NA,TRUE,TRUE,0,"LUW","exclude_PUNCT_SYM",TRUE
"test-s6","ttr",6,6,1,"ok",NA,FALSE,NA,NA,"LUW","exclude_PUNCT_SYM",TRUE
"test-s6","mattr",6,6,NA,"missing","too_short_for_requested_parameter",TRUE,NA,NA,"LUW","exclude_PUNCT_SYM",TRUE
"test-s6","mtld",6,6,NA,"missing","no_factor",TRUE,NA,NA,"LUW","exclude_PUNCT_SYM",TRUE
"test-s7","ttr",14,14,1,"ok",NA,FALSE,NA,NA,"LUW","exclude_PUNCT_SYM",TRUE
"test-s7","mattr",14,14,NA,"missing","too_short_for_requested_parameter",TRUE,NA,NA,"LUW","exclude_PUNCT_SYM",TRUE
"test-s7","mtld",14,14,NA,"missing","no_factor",TRUE,NA,NA,"LUW","exclude_PUNCT_SYM",TRUE
"test-s8","ttr",27,22,0.814814814814815,"ok",NA,FALSE,NA,NA,"LUW","exclude_PUNCT_SYM",TRUE
"test-s8","mattr",27,22,NA,"missing","too_short_for_requested_parameter",TRUE,NA,NA,"LUW","exclude_PUNCT_SYM",TRUE
"test-s8","mtld",27,22,40.824,"ok",NA,TRUE,TRUE,0,"LUW","exclude_PUNCT_SYM",TRUE
"test-s9","ttr",9,9,1,"ok",NA,FALSE,NA,NA,"LUW","exclude_PUNCT_SYM",TRUE
"test-s9","mattr",9,9,NA,"missing","too_short_for_requested_parameter",TRUE,NA,NA,"LUW","exclude_PUNCT_SYM",TRUE
"test-s9","mtld",9,9,NA,"missing","no_factor",TRUE,NA,NA,"LUW","exclude_PUNCT_SYM",TRUE
"test-s10","ttr",8,8,1,"ok",NA,FALSE,NA,NA,"LUW","exclude_PUNCT_SYM",TRUE
"test-s10","mattr",8,8,NA,"missing","too_short_for_requested_parameter",TRUE,NA,NA,"LUW","exclude_PUNCT_SYM",TRUE
"test-s10","mtld",8,8,NA,"missing","no_factor",TRUE,NA,NA,"LUW","exclude_PUNCT_SYM",TRUE
"test-s11","ttr",24,24,1,"ok",NA,FALSE,NA,NA,"LUW","exclude_PUNCT_SYM",TRUE
"test-s11","mattr",24,24,NA,"missing","too_short_for_requested_parameter",TRUE,NA,NA,"LUW","exclude_PUNCT_SYM",TRUE
"test-s11","mtld",24,24,NA,"missing","no_factor",TRUE,NA,NA,"LUW","exclude_PUNCT_SYM",TRUE
"test-s12","ttr",8,8,1,"ok",NA,FALSE,NA,NA,"LUW","exclude_PUNCT_SYM",TRUE
"test-s12","mattr",8,8,NA,"missing","too_short_for_requested_parameter",TRUE,NA,NA,"LUW","exclude_PUNCT_SYM",TRUE
"test-s12","mtld",8,8,NA,"missing","no_factor",TRUE,NA,NA,"LUW","exclude_PUNCT_SYM",TRUE
"test-s13","ttr",4,4,1,"ok",NA,FALSE,NA,NA,"LUW","exclude_PUNCT_SYM",TRUE
"test-s13","mattr",4,4,NA,"missing","too_short_for_requested_parameter",TRUE,NA,NA,"LUW","exclude_PUNCT_SYM",TRUE
"test-s13","mtld",4,4,NA,"missing","no_factor",TRUE,NA,NA,"LUW","exclude_PUNCT_SYM",TRUE
"test-s14","ttr",9,9,1,"ok",NA,FALSE,NA,NA,"LUW","exclude_PUNCT_SYM",TRUE
"test-s14","mattr",9,9,NA,"missing","too_short_for_requested_parameter",TRUE,NA,NA,"LUW","exclude_PUNCT_SYM",TRUE
"test-s14","mtld",9,9,NA,"missing","no_factor",TRUE,NA,NA,"LUW","exclude_PUNCT_SYM",TRUE
"test-s15","ttr",11,11,1,"ok",NA,FALSE,NA,NA,"LUW","exclude_PUNCT_SYM",TRUE
"test-s15","mattr",11,11,NA,"missing","too_short_for_requested_parameter",TRUE,NA,NA,"LUW","exclude_PUNCT_SYM",TRUE
"test-s15","mtld",11,11,NA,"missing","no_factor",TRUE,NA,NA,"LUW","exclude_PUNCT_SYM",TRUE
"test-s16","ttr",7,7,1,"ok",NA,FALSE,NA,NA,"LUW","exclude_PUNCT_SYM",TRUE
"test-s16","mattr",7,7,NA,"missing","too_short_for_requested_parameter",TRUE,NA,NA,"LUW","exclude_PUNCT_SYM",TRUE
"test-s16","mtld",7,7,NA,"missing","no_factor",TRUE,NA,NA,"LUW","exclude_PUNCT_SYM",TRUE
"test-s17","ttr",16,13,0.8125,"ok",NA,FALSE,NA,NA,"LUW","exclude_PUNCT_SYM",TRUE
"test-s17","mattr",16,13,NA,"missing","too_short_for_requested_parameter",TRUE,NA,NA,"LUW","exclude_PUNCT_SYM",TRUE
"test-s17","mtld",16,13,17.9858823529412,"ok",NA,TRUE,TRUE,65.6898656898657,"LUW","exclude_PUNCT_SYM",TRUE
"test-s18","ttr",15,14,0.933333333333333,"ok",NA,FALSE,NA,NA,"LUW","exclude_PUNCT_SYM",TRUE
"test-s18","mattr",15,14,NA,"missing","too_short_for_requested_parameter",TRUE,NA,NA,"LUW","exclude_PUNCT_SYM",TRUE
"test-s18","mtld",15,14,63,"ok",NA,TRUE,TRUE,0,"LUW","exclude_PUNCT_SYM",TRUE
"test-s19","ttr",13,12,0.923076923076923,"ok",NA,FALSE,NA,NA,"LUW","exclude_PUNCT_SYM",TRUE
"test-s19","mattr",13,12,NA,"missing","too_short_for_requested_parameter",TRUE,NA,NA,"LUW","exclude_PUNCT_SYM",TRUE
"test-s19","mtld",13,12,47.32,"ok",NA,TRUE,TRUE,0,"LUW","exclude_PUNCT_SYM",TRUE
"test-s20","ttr",2,2,1,"ok",NA,FALSE,NA,NA,"LUW","exclude_PUNCT_SYM",TRUE
"test-s20","mattr",2,2,NA,"missing","too_short_for_requested_parameter",TRUE,NA,NA,"LUW","exclude_PUNCT_SYM",TRUE
"test-s20","mtld",2,2,NA,"missing","no_factor",TRUE,NA,NA,"LUW","exclude_PUNCT_SYM",TRUE
"test-s21","ttr",22,20,0.909090909090909,"ok",NA,FALSE,NA,NA,"LUW","exclude_PUNCT_SYM",TRUE
"test-s21","mattr",22,20,NA,"missing","too_short_for_requested_parameter",TRUE,NA,NA,"LUW","exclude_PUNCT_SYM",TRUE
"test-s21","mtld",22,20,67.76,"ok",NA,TRUE,TRUE,0,"LUW","exclude_PUNCT_SYM",TRUE
"test-s22","ttr",18,17,0.944444444444444,"ok",NA,FALSE,NA,NA,"LUW","exclude_PUNCT_SYM",TRUE
"test-s22","mattr",18,17,NA,"missing","too_short_for_requested_parameter",TRUE,NA,NA,"LUW","exclude_PUNCT_SYM",TRUE
"test-s22","mtld",18,17,90.72,"ok",NA,TRUE,TRUE,0,"LUW","exclude_PUNCT_SYM",TRUE
"test-s23","ttr",23,19,0.826086956521739,"ok",NA,FALSE,NA,NA,"LUW","exclude_PUNCT_SYM",TRUE
"test-s23","mattr",23,19,NA,"missing","too_short_for_requested_parameter",TRUE,NA,NA,"LUW","exclude_PUNCT_SYM",TRUE
"test-s23","mtld",23,19,37.03,"ok",NA,TRUE,TRUE,0,"LUW","exclude_PUNCT_SYM",TRUE
"test-s24","ttr",10,10,1,"ok",NA,FALSE,NA,NA,"LUW","exclude_PUNCT_SYM",TRUE
"test-s24","mattr",10,10,NA,"missing","too_short_for_requested_parameter",TRUE,NA,NA,"LUW","exclude_PUNCT_SYM",TRUE
"test-s24","mtld",10,10,NA,"missing","no_factor",TRUE,NA,NA,"LUW","exclude_PUNCT_SYM",TRUE
"test-s25","ttr",15,15,1,"ok",NA,FALSE,NA,NA,"LUW","exclude_PUNCT_SYM",TRUE
"test-s25","mattr",15,15,NA,"missing","too_short_for_requested_parameter",TRUE,NA,NA,"LUW","exclude_PUNCT_SYM",TRUE
"test-s25","mtld",15,15,NA,"missing","no_factor",TRUE,NA,NA,"LUW","exclude_PUNCT_SYM",TRUE
"test-s26","ttr",5,5,1,"ok",NA,FALSE,NA,NA,"LUW","exclude_PUNCT_SYM",TRUE
"test-s26","mattr",5,5,NA,"missing","too_short_for_requested_parameter",TRUE,NA,NA,"LUW","exclude_PUNCT_SYM",TRUE
"test-s26","mtld",5,5,NA,"missing","no_factor",TRUE,NA,NA,"LUW","exclude_PUNCT_SYM",TRUE
"test-s27","ttr",13,13,1,"ok",NA,FALSE,NA,NA,"LUW","exclude_PUNCT_SYM",TRUE
"test-s27","mattr",13,13,NA,"missing","too_short_for_requested_parameter",TRUE,NA,NA,"LUW","exclude_PUNCT_SYM",TRUE
"test-s27","mtld",13,13,NA,"missing","no_factor",TRUE,NA,NA,"LUW","exclude_PUNCT_SYM",TRUE
"test-s28","ttr",9,9,1,"ok",NA,FALSE,NA,NA,"LUW","exclude_PUNCT_SYM",TRUE
"test-s28","mattr",9,9,NA,"missing","too_short_for_requested_parameter",TRUE,NA,NA,"LUW","exclude_PUNCT_SYM",TRUE
"test-s28","mtld",9,9,NA,"missing","no_factor",TRUE,NA,NA,"LUW","exclude_PUNCT_SYM",TRUE
"test-s29","ttr",14,13,0.928571428571429,"ok",NA,FALSE,NA,NA,"LUW","exclude_PUNCT_SYM",TRUE
"test-s29","mattr",14,13,NA,"missing","too_short_for_requested_parameter",TRUE,NA,NA,"LUW","exclude_PUNCT_SYM",TRUE
"test-s29","mtld",14,13,54.88,"ok",NA,TRUE,TRUE,0,"LUW","exclude_PUNCT_SYM",TRUE
"test-s30","ttr",9,9,1,"ok",NA,FALSE,NA,NA,"LUW","exclude_PUNCT_SYM",TRUE
"test-s30","mattr",9,9,NA,"missing","too_short_for_requested_parameter",TRUE,NA,NA,"LUW","exclude_PUNCT_SYM",TRUE
"test-s30","mtld",9,9,NA,"missing","no_factor",TRUE,NA,NA,"LUW","exclude_PUNCT_SYM",TRUE
"test-s31","ttr",1,1,1,"ok",NA,FALSE,NA,NA,"LUW","exclude_PUNCT_SYM",TRUE
"test-s31","mattr",1,1,NA,"missing","too_short_for_requested_parameter",TRUE,NA,NA,"LUW","exclude_PUNCT_SYM",TRUE
"test-s31","mtld",1,1,NA,"missing","no_factor",TRUE,NA,NA,"LUW","exclude_PUNCT_SYM",TRUE
"test-s32","ttr",24,18,0.75,"ok",NA,FALSE,NA,NA,"LUW","exclude_PUNCT_SYM",TRUE
"test-s32","mattr",24,18,NA,"missing","too_short_for_requested_parameter",TRUE,NA,NA,"LUW","exclude_PUNCT_SYM",TRUE
"test-s32","mtld",24,18,25.44,"ok",NA,TRUE,TRUE,11.3207547169811,"LUW","exclude_PUNCT_SYM",TRUE
"test-s33","ttr",6,6,1,"ok",NA,FALSE,NA,NA,"LUW","exclude_PUNCT_SYM",TRUE
"test-s33","mattr",6,6,NA,"missing","too_short_for_requested_parameter",TRUE,NA,NA,"LUW","exclude_PUNCT_SYM",TRUE
"test-s33","mtld",6,6,NA,"missing","no_factor",TRUE,NA,NA,"LUW","exclude_PUNCT_SYM",TRUE
"test-s34","ttr",28,22,0.785714285714286,"ok",NA,FALSE,NA,NA,"LUW","exclude_PUNCT_SYM",TRUE
"test-s34","mattr",28,22,NA,"missing","too_short_for_requested_parameter",TRUE,NA,NA,"LUW","exclude_PUNCT_SYM",TRUE
"test-s34","mtld",28,22,36.5866666666667,"ok",NA,TRUE,TRUE,0,"LUW","exclude_PUNCT_SYM",TRUE
"test-s35","ttr",5,5,1,"ok",NA,FALSE,NA,NA,"LUW","exclude_PUNCT_SYM",TRUE
"test-s35","mattr",5,5,NA,"missing","too_short_for_requested_parameter",TRUE,NA,NA,"LUW","exclude_PUNCT_SYM",TRUE
"test-s35","mtld",5,5,NA,"missing","no_factor",TRUE,NA,NA,"LUW","exclude_PUNCT_SYM",TRUE
"test-s36","ttr",5,5,1,"ok",NA,FALSE,NA,NA,"LUW","exclude_PUNCT_SYM",TRUE
"test-s36","mattr",5,5,NA,"missing","too_short_for_requested_parameter",TRUE,NA,NA,"LUW","exclude_PUNCT_SYM",TRUE
"test-s36","mtld",5,5,NA,"missing","no_factor",TRUE,NA,NA,"LUW","exclude_PUNCT_SYM",TRUE
"test-s37","ttr",7,7,1,"ok",NA,FALSE,NA,NA,"LUW","exclude_PUNCT_SYM",TRUE
"test-s37","mattr",7,7,NA,"missing","too_short_for_requested_parameter",TRUE,NA,NA,"LUW","exclude_PUNCT_SYM",TRUE
"test-s37","mtld",7,7,NA,"missing","no_factor",TRUE,NA,NA,"LUW","exclude_PUNCT_SYM",TRUE
"test-s38","ttr",13,12,0.923076923076923,"ok",NA,FALSE,NA,NA,"LUW","exclude_PUNCT_SYM",TRUE
"test-s38","mattr",13,12,NA,"missing","too_short_for_requested_parameter",TRUE,NA,NA,"LUW","exclude_PUNCT_SYM",TRUE
"test-s38","mtld",13,12,30.16,"ok",NA,TRUE,TRUE,113.793103448276,"LUW","exclude_PUNCT_SYM",TRUE
"test-s39","ttr",8,8,1,"ok",NA,FALSE,NA,NA,"LUW","exclude_PUNCT_SYM",TRUE
"test-s39","mattr",8,8,NA,"missing","too_short_for_requested_parameter",TRUE,NA,NA,"LUW","exclude_PUNCT_SYM",TRUE
"test-s39","mtld",8,8,NA,"missing","no_factor",TRUE,NA,NA,"LUW","exclude_PUNCT_SYM",TRUE
"test-s40","ttr",33,26,0.787878787878788,"ok",NA,FALSE,NA,NA,"LUW","exclude_PUNCT_SYM",TRUE
"test-s40","mattr",33,26,NA,"missing","too_short_for_requested_parameter",TRUE,NA,NA,"LUW","exclude_PUNCT_SYM",TRUE
"test-s40","mtld",33,26,43.56,"ok",NA,TRUE,TRUE,0,"LUW","exclude_PUNCT_SYM",TRUE
"test-s41","ttr",14,13,0.928571428571429,"ok",NA,FALSE,NA,NA,"LUW","exclude_PUNCT_SYM",TRUE
"test-s41","mattr",14,13,NA,"missing","too_short_for_requested_parameter",TRUE,NA,NA,"LUW","exclude_PUNCT_SYM",TRUE
"test-s41","mtld",14,13,54.88,"ok",NA,TRUE,TRUE,0,"LUW","exclude_PUNCT_SYM",TRUE
"test-s42","ttr",12,10,0.833333333333333,"ok",NA,FALSE,NA,NA,"LUW","exclude_PUNCT_SYM",TRUE
"test-s42","mattr",12,10,NA,"missing","too_short_for_requested_parameter",TRUE,NA,NA,"LUW","exclude_PUNCT_SYM",TRUE
"test-s42","mtld",12,10,20.16,"ok",NA,TRUE,TRUE,0,"LUW","exclude_PUNCT_SYM",TRUE
"test-s43","ttr",23,21,0.91304347826087,"ok",NA,FALSE,NA,NA,"LUW","exclude_PUNCT_SYM",FALSE
"test-s43","mattr",23,21,NA,"missing","too_short_for_requested_parameter",TRUE,NA,NA,"LUW","exclude_PUNCT_SYM",FALSE
"test-s43","mtld",23,21,74.06,"ok",NA,TRUE,TRUE,0,"LUW","exclude_PUNCT_SYM",FALSE
"test-s44","ttr",11,11,1,"ok",NA,FALSE,NA,NA,"LUW","exclude_PUNCT_SYM",TRUE
"test-s44","mattr",11,11,NA,"missing","too_short_for_requested_parameter",TRUE,NA,NA,"LUW","exclude_PUNCT_SYM",TRUE
"test-s44","mtld",11,11,NA,"missing","no_factor",TRUE,NA,NA,"LUW","exclude_PUNCT_SYM",TRUE
"test-s45","ttr",8,8,1,"ok",NA,FALSE,NA,NA,"LUW","exclude_PUNCT_SYM",TRUE
"test-s45","mattr",8,8,NA,"missing","too_short_for_requested_parameter",TRUE,NA,NA,"LUW","exclude_PUNCT_SYM",TRUE
"test-s45","mtld",8,8,NA,"missing","no_factor",TRUE,NA,NA,"LUW","exclude_PUNCT_SYM",TRUE
"test-s46","ttr",8,8,1,"ok",NA,FALSE,NA,NA,"LUW","exclude_PUNCT_SYM",TRUE
"test-s46","mattr",8,8,NA,"missing","too_short_for_requested_parameter",TRUE,NA,NA,"LUW","exclude_PUNCT_SYM",TRUE
"test-s46","mtld",8,8,NA,"missing","no_factor",TRUE,NA,NA,"LUW","exclude_PUNCT_SYM",TRUE
"test-s47","ttr",21,19,0.904761904761905,"ok",NA,FALSE,NA,NA,"LUW","exclude_PUNCT_SYM",TRUE
"test-s47","mattr",21,19,NA,"missing","too_short_for_requested_parameter",TRUE,NA,NA,"LUW","exclude_PUNCT_SYM",TRUE
"test-s47","mtld",21,19,61.74,"ok",NA,TRUE,TRUE,0,"LUW","exclude_PUNCT_SYM",TRUE
"test-s48","ttr",22,20,0.909090909090909,"ok",NA,FALSE,NA,NA,"LUW","exclude_PUNCT_SYM",TRUE
"test-s48","mattr",22,20,NA,"missing","too_short_for_requested_parameter",TRUE,NA,NA,"LUW","exclude_PUNCT_SYM",TRUE
"test-s48","mtld",22,20,67.76,"ok",NA,TRUE,TRUE,0,"LUW","exclude_PUNCT_SYM",TRUE
"test-s49","ttr",11,11,1,"ok",NA,FALSE,NA,NA,"LUW","exclude_PUNCT_SYM",TRUE
"test-s49","mattr",11,11,NA,"missing","too_short_for_requested_parameter",TRUE,NA,NA,"LUW","exclude_PUNCT_SYM",TRUE
"test-s49","mtld",11,11,NA,"missing","no_factor",TRUE,NA,NA,"LUW","exclude_PUNCT_SYM",TRUE
"test-s50","ttr",10,10,1,"ok",NA,FALSE,NA,NA,"LUW","exclude_PUNCT_SYM",TRUE
"test-s50","mattr",10,10,NA,"missing","too_short_for_requested_parameter",TRUE,NA,NA,"LUW","exclude_PUNCT_SYM",TRUE
"test-s50","mtld",10,10,NA,"missing","no_factor",TRUE,NA,NA,"LUW","exclude_PUNCT_SYM",TRUE
"test-s51","ttr",14,14,1,"ok",NA,FALSE,NA,NA,"LUW","exclude_PUNCT_SYM",TRUE
"test-s51","mattr",14,14,NA,"missing","too_short_for_requested_parameter",TRUE,NA,NA,"LUW","exclude_PUNCT_SYM",TRUE
"test-s51","mtld",14,14,NA,"missing","no_factor",TRUE,NA,NA,"LUW","exclude_PUNCT_SYM",TRUE
"test-s52","ttr",19,15,0.789473684210526,"ok",NA,FALSE,NA,NA,"LUW","exclude_PUNCT_SYM",TRUE
"test-s52","mattr",19,15,NA,"missing","too_short_for_requested_parameter",TRUE,NA,NA,"LUW","exclude_PUNCT_SYM",TRUE
"test-s52","mtld",19,15,19.9561009174312,"ok",NA,TRUE,TRUE,53.2558850504433,"LUW","exclude_PUNCT_SYM",TRUE
"test-s53","ttr",7,7,1,"ok",NA,FALSE,NA,NA,"LUW","exclude_PUNCT_SYM",TRUE
"test-s53","mattr",7,7,NA,"missing","too_short_for_requested_parameter",TRUE,NA,NA,"LUW","exclude_PUNCT_SYM",TRUE
"test-s53","mtld",7,7,NA,"missing","no_factor",TRUE,NA,NA,"LUW","exclude_PUNCT_SYM",TRUE
"test-s54","ttr",8,8,1,"ok",NA,FALSE,NA,NA,"LUW","exclude_PUNCT_SYM",TRUE
"test-s54","mattr",8,8,NA,"missing","too_short_for_requested_parameter",TRUE,NA,NA,"LUW","exclude_PUNCT_SYM",TRUE
"test-s54","mtld",8,8,NA,"missing","no_factor",TRUE,NA,NA,"LUW","exclude_PUNCT_SYM",TRUE
"test-s55","ttr",9,9,1,"ok",NA,FALSE,NA,NA,"LUW","exclude_PUNCT_SYM",FALSE
"test-s55","mattr",9,9,NA,"missing","too_short_for_requested_parameter",TRUE,NA,NA,"LUW","exclude_PUNCT_SYM",FALSE
"test-s55","mtld",9,9,NA,"missing","no_factor",TRUE,NA,NA,"LUW","exclude_PUNCT_SYM",FALSE
"test-s56","ttr",12,10,0.833333333333333,"ok",NA,FALSE,NA,NA,"LUW","exclude_PUNCT_SYM",TRUE
"test-s56","mattr",12,10,NA,"missing","too_short_for_requested_parameter",TRUE,NA,NA,"LUW","exclude_PUNCT_SYM",TRUE
"test-s56","mtld",12,10,20.16,"ok",NA,TRUE,TRUE,0,"LUW","exclude_PUNCT_SYM",TRUE
"test-s57","ttr",13,11,0.846153846153846,"ok",NA,FALSE,NA,NA,"LUW","exclude_PUNCT_SYM",TRUE
"test-s57","mattr",13,11,NA,"missing","too_short_for_requested_parameter",TRUE,NA,NA,"LUW","exclude_PUNCT_SYM",TRUE
"test-s57","mtld",13,11,23.66,"ok",NA,TRUE,TRUE,0,"LUW","exclude_PUNCT_SYM",TRUE
"test-s58","ttr",3,3,1,"ok",NA,FALSE,NA,NA,"LUW","exclude_PUNCT_SYM",TRUE
"test-s58","mattr",3,3,NA,"missing","too_short_for_requested_parameter",TRUE,NA,NA,"LUW","exclude_PUNCT_SYM",TRUE
"test-s58","mtld",3,3,NA,"missing","no_factor",TRUE,NA,NA,"LUW","exclude_PUNCT_SYM",TRUE
"test-s59","ttr",16,16,1,"ok",NA,FALSE,NA,NA,"LUW","exclude_PUNCT_SYM",TRUE
"test-s59","mattr",16,16,NA,"missing","too_short_for_requested_parameter",TRUE,NA,NA,"LUW","exclude_PUNCT_SYM",TRUE
"test-s59","mtld",16,16,NA,"missing","no_factor",TRUE,NA,NA,"LUW","exclude_PUNCT_SYM",TRUE
"test-s60","ttr",15,14,0.933333333333333,"ok",NA,FALSE,NA,NA,"LUW","exclude_PUNCT_SYM",TRUE
"test-s60","mattr",15,14,NA,"missing","too_short_for_requested_parameter",TRUE,NA,NA,"LUW","exclude_PUNCT_SYM",TRUE
"test-s60","mtld",15,14,63,"ok",NA,TRUE,TRUE,0,"LUW","exclude_PUNCT_SYM",TRUE
"test-s61","ttr",5,5,1,"ok",NA,FALSE,NA,NA,"LUW","exclude_PUNCT_SYM",TRUE
"test-s61","mattr",5,5,NA,"missing","too_short_for_requested_parameter",TRUE,NA,NA,"LUW","exclude_PUNCT_SYM",TRUE
"test-s61","mtld",5,5,NA,"missing","no_factor",TRUE,NA,NA,"LUW","exclude_PUNCT_SYM",TRUE
"test-s62","ttr",15,13,0.866666666666667,"ok",NA,FALSE,NA,NA,"LUW","exclude_PUNCT_SYM",TRUE
"test-s62","mattr",15,13,NA,"missing","too_short_for_requested_parameter",TRUE,NA,NA,"LUW","exclude_PUNCT_SYM",TRUE
"test-s62","mtld",15,13,31.5,"ok",NA,TRUE,TRUE,0,"LUW","exclude_PUNCT_SYM",TRUE
"test-s63","ttr",10,10,1,"ok",NA,FALSE,NA,NA,"LUW","exclude_PUNCT_SYM",TRUE
"test-s63","mattr",10,10,NA,"missing","too_short_for_requested_parameter",TRUE,NA,NA,"LUW","exclude_PUNCT_SYM",TRUE
"test-s63","mtld",10,10,NA,"missing","no_factor",TRUE,NA,NA,"LUW","exclude_PUNCT_SYM",TRUE
"test-s64","ttr",15,14,0.933333333333333,"ok",NA,FALSE,NA,NA,"LUW","exclude_PUNCT_SYM",TRUE
"test-s64","mattr",15,14,NA,"missing","too_short_for_requested_parameter",TRUE,NA,NA,"LUW","exclude_PUNCT_SYM",TRUE
"test-s64","mtld",15,14,63,"ok",NA,TRUE,TRUE,0,"LUW","exclude_PUNCT_SYM",TRUE
"test-s65","ttr",6,6,1,"ok",NA,FALSE,NA,NA,"LUW","exclude_PUNCT_SYM",TRUE
"test-s65","mattr",6,6,NA,"missing","too_short_for_requested_parameter",TRUE,NA,NA,"LUW","exclude_PUNCT_SYM",TRUE
"test-s65","mtld",6,6,NA,"missing","no_factor",TRUE,NA,NA,"LUW","exclude_PUNCT_SYM",TRUE
"test-s66","ttr",6,6,1,"ok",NA,FALSE,NA,NA,"LUW","exclude_PUNCT_SYM",TRUE
"test-s66","mattr",6,6,NA,"missing","too_short_for_requested_parameter",TRUE,NA,NA,"LUW","exclude_PUNCT_SYM",TRUE
"test-s66","mtld",6,6,NA,"missing","no_factor",TRUE,NA,NA,"LUW","exclude_PUNCT_SYM",TRUE
"test-s67","ttr",4,4,1,"ok",NA,FALSE,NA,NA,"LUW","exclude_PUNCT_SYM",TRUE
"test-s67","mattr",4,4,NA,"missing","too_short_for_requested_parameter",TRUE,NA,NA,"LUW","exclude_PUNCT_SYM",TRUE
"test-s67","mtld",4,4,NA,"missing","no_factor",TRUE,NA,NA,"LUW","exclude_PUNCT_SYM",TRUE
"test-s68","ttr",18,17,0.944444444444444,"ok",NA,FALSE,NA,NA,"LUW","exclude_PUNCT_SYM",TRUE
"test-s68","mattr",18,17,NA,"missing","too_short_for_requested_parameter",TRUE,NA,NA,"LUW","exclude_PUNCT_SYM",TRUE
"test-s68","mtld",18,17,90.72,"ok",NA,TRUE,TRUE,0,"LUW","exclude_PUNCT_SYM",TRUE
"test-s69","ttr",17,17,1,"ok",NA,FALSE,NA,NA,"LUW","exclude_PUNCT_SYM",TRUE
"test-s69","mattr",17,17,NA,"missing","too_short_for_requested_parameter",TRUE,NA,NA,"LUW","exclude_PUNCT_SYM",TRUE
"test-s69","mtld",17,17,NA,"missing","no_factor",TRUE,NA,NA,"LUW","exclude_PUNCT_SYM",TRUE
"test-s70","ttr",11,11,1,"ok",NA,FALSE,NA,NA,"LUW","exclude_PUNCT_SYM",TRUE
"test-s70","mattr",11,11,NA,"missing","too_short_for_requested_parameter",TRUE,NA,NA,"LUW","exclude_PUNCT_SYM",TRUE
"test-s70","mtld",11,11,NA,"missing","no_factor",TRUE,NA,NA,"LUW","exclude_PUNCT_SYM",TRUE
"test-s71","ttr",21,17,0.80952380952381,"ok",NA,FALSE,NA,NA,"LUW","exclude_PUNCT_SYM",TRUE
"test-s71","mattr",21,17,NA,"missing","too_short_for_requested_parameter",TRUE,NA,NA,"LUW","exclude_PUNCT_SYM",TRUE
"test-s71","mtld",21,17,30.87,"ok",NA,TRUE,TRUE,0,"LUW","exclude_PUNCT_SYM",TRUE
"test-s72","ttr",2,2,1,"ok",NA,FALSE,NA,NA,"LUW","exclude_PUNCT_SYM",TRUE
"test-s72","mattr",2,2,NA,"missing","too_short_for_requested_parameter",TRUE,NA,NA,"LUW","exclude_PUNCT_SYM",TRUE
"test-s72","mtld",2,2,NA,"missing","no_factor",TRUE,NA,NA,"LUW","exclude_PUNCT_SYM",TRUE
"test-s73","ttr",2,1,0.5,"ok",NA,FALSE,NA,NA,"LUW","exclude_PUNCT_SYM",TRUE
"test-s73","mattr",2,1,NA,"missing","too_short_for_requested_parameter",TRUE,NA,NA,"LUW","exclude_PUNCT_SYM",TRUE
"test-s73","mtld",2,1,2,"ok",NA,TRUE,FALSE,0,"LUW","exclude_PUNCT_SYM",TRUE
"test-s74","ttr",32,25,0.78125,"ok",NA,FALSE,NA,NA,"LUW","exclude_PUNCT_SYM",TRUE
"test-s74","mattr",32,25,NA,"missing","too_short_for_requested_parameter",TRUE,NA,NA,"LUW","exclude_PUNCT_SYM",TRUE
"test-s74","mtld",32,25,40.96,"ok",NA,TRUE,TRUE,0,"LUW","exclude_PUNCT_SYM",TRUE
"test-s75","ttr",7,7,1,"ok",NA,FALSE,NA,NA,"LUW","exclude_PUNCT_SYM",TRUE
"test-s75","mattr",7,7,NA,"missing","too_short_for_requested_parameter",TRUE,NA,NA,"LUW","exclude_PUNCT_SYM",TRUE
"test-s75","mtld",7,7,NA,"missing","no_factor",TRUE,NA,NA,"LUW","exclude_PUNCT_SYM",TRUE
"test-s76","ttr",17,15,0.88235294117647,"ok",NA,FALSE,NA,NA,"LUW","exclude_PUNCT_SYM",TRUE
"test-s76","mattr",17,15,NA,"missing","too_short_for_requested_parameter",TRUE,NA,NA,"LUW","exclude_PUNCT_SYM",TRUE
"test-s76","mtld",17,15,40.46,"ok",NA,TRUE,TRUE,0,"LUW","exclude_PUNCT_SYM",TRUE
"test-s77","ttr",24,22,0.916666666666667,"ok",NA,FALSE,NA,NA,"LUW","exclude_PUNCT_SYM",TRUE
"test-s77","mattr",24,22,NA,"missing","too_short_for_requested_parameter",TRUE,NA,NA,"LUW","exclude_PUNCT_SYM",TRUE
"test-s77","mtld",24,22,80.64,"ok",NA,TRUE,TRUE,0,"LUW","exclude_PUNCT_SYM",TRUE
"test-s78","ttr",21,21,1,"ok",NA,FALSE,NA,NA,"LUW","exclude_PUNCT_SYM",TRUE
"test-s78","mattr",21,21,NA,"missing","too_short_for_requested_parameter",TRUE,NA,NA,"LUW","exclude_PUNCT_SYM",TRUE
"test-s78","mtld",21,21,NA,"missing","no_factor",TRUE,NA,NA,"LUW","exclude_PUNCT_SYM",TRUE
"test-s79","ttr",13,13,1,"ok",NA,FALSE,NA,NA,"LUW","exclude_PUNCT_SYM",TRUE
"test-s79","mattr",13,13,NA,"missing","too_short_for_requested_parameter",TRUE,NA,NA,"LUW","exclude_PUNCT_SYM",TRUE
"test-s79","mtld",13,13,NA,"missing","no_factor",TRUE,NA,NA,"LUW","exclude_PUNCT_SYM",TRUE
"test-s80","ttr",11,11,1,"ok",NA,FALSE,NA,NA,"LUW","exclude_PUNCT_SYM",TRUE
"test-s80","mattr",11,11,NA,"missing","too_short_for_requested_parameter",TRUE,NA,NA,"LUW","exclude_PUNCT_SYM",TRUE
"test-s80","mtld",11,11,NA,"missing","no_factor",TRUE,NA,NA,"LUW","exclude_PUNCT_SYM",TRUE
"test-s81","ttr",21,19,0.904761904761905,"ok",NA,FALSE,NA,NA,"LUW","exclude_PUNCT_SYM",TRUE
"test-s81","mattr",21,19,NA,"missing","too_short_for_requested_parameter",TRUE,NA,NA,"LUW","exclude_PUNCT_SYM",TRUE
"test-s81","mtld",21,19,61.74,"ok",NA,TRUE,TRUE,0,"LUW","exclude_PUNCT_SYM",TRUE
"test-s82","ttr",4,4,1,"ok",NA,FALSE,NA,NA,"LUW","exclude_PUNCT_SYM",TRUE
"test-s82","mattr",4,4,NA,"missing","too_short_for_requested_parameter",TRUE,NA,NA,"LUW","exclude_PUNCT_SYM",TRUE
"test-s82","mtld",4,4,NA,"missing","no_factor",TRUE,NA,NA,"LUW","exclude_PUNCT_SYM",TRUE
"test-s83","ttr",8,8,1,"ok",NA,FALSE,NA,NA,"LUW","exclude_PUNCT_SYM",TRUE
"test-s83","mattr",8,8,NA,"missing","too_short_for_requested_parameter",TRUE,NA,NA,"LUW","exclude_PUNCT_SYM",TRUE
"test-s83","mtld",8,8,NA,"missing","no_factor",TRUE,NA,NA,"LUW","exclude_PUNCT_SYM",TRUE
"test-s84","ttr",32,27,0.84375,"ok",NA,FALSE,NA,NA,"LUW","exclude_PUNCT_SYM",TRUE
"test-s84","mattr",32,27,NA,"missing","too_short_for_requested_parameter",TRUE,NA,NA,"LUW","exclude_PUNCT_SYM",TRUE
"test-s84","mtld",32,27,57.344,"ok",NA,TRUE,TRUE,0,"LUW","exclude_PUNCT_SYM",TRUE
"test-s85","ttr",22,21,0.954545454545455,"ok",NA,FALSE,NA,NA,"LUW","exclude_PUNCT_SYM",TRUE
"test-s85","mattr",22,21,NA,"missing","too_short_for_requested_parameter",TRUE,NA,NA,"LUW","exclude_PUNCT_SYM",TRUE
"test-s85","mtld",22,21,135.52,"ok",NA,TRUE,TRUE,0,"LUW","exclude_PUNCT_SYM",TRUE
"test-s86","ttr",7,7,1,"ok",NA,FALSE,NA,NA,"LUW","exclude_PUNCT_SYM",TRUE
"test-s86","mattr",7,7,NA,"missing","too_short_for_requested_parameter",TRUE,NA,NA,"LUW","exclude_PUNCT_SYM",TRUE
"test-s86","mtld",7,7,NA,"missing","no_factor",TRUE,NA,NA,"LUW","exclude_PUNCT_SYM",TRUE
"test-s87","ttr",8,8,1,"ok",NA,FALSE,NA,NA,"LUW","exclude_PUNCT_SYM",TRUE
"test-s87","mattr",8,8,NA,"missing","too_short_for_requested_parameter",TRUE,NA,NA,"LUW","exclude_PUNCT_SYM",TRUE
"test-s87","mtld",8,8,NA,"missing","no_factor",TRUE,NA,NA,"LUW","exclude_PUNCT_SYM",TRUE
"test-s88","ttr",28,24,0.857142857142857,"ok",NA,FALSE,NA,NA,"LUW","exclude_PUNCT_SYM",TRUE
"test-s88","mattr",28,24,NA,"missing","too_short_for_requested_parameter",TRUE,NA,NA,"LUW","exclude_PUNCT_SYM",TRUE
"test-s88","mtld",28,24,54.88,"ok",NA,TRUE,TRUE,0,"LUW","exclude_PUNCT_SYM",TRUE
"test-s89","ttr",33,27,0.818181818181818,"ok",NA,FALSE,NA,NA,"LUW","exclude_PUNCT_SYM",TRUE
"test-s89","mattr",33,27,NA,"missing","too_short_for_requested_parameter",TRUE,NA,NA,"LUW","exclude_PUNCT_SYM",TRUE
"test-s89","mtld",33,27,50.82,"ok",NA,TRUE,TRUE,0,"LUW","exclude_PUNCT_SYM",TRUE
"test-s90","ttr",13,12,0.923076923076923,"ok",NA,FALSE,NA,NA,"LUW","exclude_PUNCT_SYM",TRUE
"test-s90","mattr",13,12,NA,"missing","too_short_for_requested_parameter",TRUE,NA,NA,"LUW","exclude_PUNCT_SYM",TRUE
"test-s90","mtld",13,12,47.32,"ok",NA,TRUE,TRUE,0,"LUW","exclude_PUNCT_SYM",TRUE
"test-s91","ttr",12,12,1,"ok",NA,FALSE,NA,NA,"LUW","exclude_PUNCT_SYM",TRUE
"test-s91","mattr",12,12,NA,"missing","too_short_for_requested_parameter",TRUE,NA,NA,"LUW","exclude_PUNCT_SYM",TRUE
"test-s91","mtld",12,12,NA,"missing","no_factor",TRUE,NA,NA,"LUW","exclude_PUNCT_SYM",TRUE
"test-s92","ttr",8,8,1,"ok",NA,FALSE,NA,NA,"LUW","exclude_PUNCT_SYM",TRUE
"test-s92","mattr",8,8,NA,"missing","too_short_for_requested_parameter",TRUE,NA,NA,"LUW","exclude_PUNCT_SYM",TRUE
"test-s92","mtld",8,8,NA,"missing","no_factor",TRUE,NA,NA,"LUW","exclude_PUNCT_SYM",TRUE
"test-s93","ttr",7,7,1,"ok",NA,FALSE,NA,NA,"LUW","exclude_PUNCT_SYM",TRUE
"test-s93","mattr",7,7,NA,"missing","too_short_for_requested_parameter",TRUE,NA,NA,"LUW","exclude_PUNCT_SYM",TRUE
"test-s93","mtld",7,7,NA,"missing","no_factor",TRUE,NA,NA,"LUW","exclude_PUNCT_SYM",TRUE
"test-s94","ttr",25,22,0.88,"ok",NA,FALSE,NA,NA,"LUW","exclude_PUNCT_SYM",TRUE
"test-s94","mattr",25,22,NA,"missing","too_short_for_requested_parameter",TRUE,NA,NA,"LUW","exclude_PUNCT_SYM",TRUE
"test-s94","mtld",25,22,58.3333333333333,"ok",NA,TRUE,TRUE,0,"LUW","exclude_PUNCT_SYM",TRUE
"test-s95","ttr",27,19,0.703703703703704,"ok",NA,FALSE,NA,NA,"LUW","exclude_PUNCT_SYM",TRUE
"test-s95","mattr",27,19,NA,"missing","too_short_for_requested_parameter",TRUE,NA,NA,"LUW","exclude_PUNCT_SYM",TRUE
"test-s95","mtld",27,19,23.6911764705882,"ok",NA,TRUE,FALSE,27.9329608938547,"LUW","exclude_PUNCT_SYM",TRUE
"test-s96","ttr",3,3,1,"ok",NA,FALSE,NA,NA,"LUW","exclude_PUNCT_SYM",TRUE
"test-s96","mattr",3,3,NA,"missing","too_short_for_requested_parameter",TRUE,NA,NA,"LUW","exclude_PUNCT_SYM",TRUE
"test-s96","mtld",3,3,NA,"missing","no_factor",TRUE,NA,NA,"LUW","exclude_PUNCT_SYM",TRUE
"test-s97","ttr",7,7,1,"ok",NA,FALSE,NA,NA,"LUW","exclude_PUNCT_SYM",TRUE
"test-s97","mattr",7,7,NA,"missing","too_short_for_requested_parameter",TRUE,NA,NA,"LUW","exclude_PUNCT_SYM",TRUE
"test-s97","mtld",7,7,NA,"missing","no_factor",TRUE,NA,NA,"LUW","exclude_PUNCT_SYM",TRUE
"test-s98","ttr",7,7,1,"ok",NA,FALSE,NA,NA,"LUW","exclude_PUNCT_SYM",TRUE
"test-s98","mattr",7,7,NA,"missing","too_short_for_requested_parameter",TRUE,NA,NA,"LUW","exclude_PUNCT_SYM",TRUE
"test-s98","mtld",7,7,NA,"missing","no_factor",TRUE,NA,NA,"LUW","exclude_PUNCT_SYM",TRUE
"test-s99","ttr",12,12,1,"ok",NA,FALSE,NA,NA,"LUW","exclude_PUNCT_SYM",TRUE
"test-s99","mattr",12,12,NA,"missing","too_short_for_requested_parameter",TRUE,NA,NA,"LUW","exclude_PUNCT_SYM",TRUE
"test-s99","mtld",12,12,NA,"missing","no_factor",TRUE,NA,NA,"LUW","exclude_PUNCT_SYM",TRUE
"test-s100","ttr",30,23,0.766666666666667,"ok",NA,FALSE,NA,NA,"LUW","exclude_PUNCT_SYM",TRUE
"test-s100","mattr",30,23,NA,"missing","too_short_for_requested_parameter",TRUE,NA,NA,"LUW","exclude_PUNCT_SYM",TRUE
"test-s100","mtld",30,23,36,"ok",NA,TRUE,TRUE,0,"LUW","exclude_PUNCT_SYM",TRUE
"test-s101","ttr",17,17,1,"ok",NA,FALSE,NA,NA,"LUW","exclude_PUNCT_SYM",TRUE
"test-s101","mattr",17,17,NA,"missing","too_short_for_requested_parameter",TRUE,NA,NA,"LUW","exclude_PUNCT_SYM",TRUE
"test-s101","mtld",17,17,NA,"missing","no_factor",TRUE,NA,NA,"LUW","exclude_PUNCT_SYM",TRUE
"test-s102","ttr",10,10,1,"ok",NA,FALSE,NA,NA,"LUW","exclude_PUNCT_SYM",TRUE
"test-s102","mattr",10,10,NA,"missing","too_short_for_requested_parameter",TRUE,NA,NA,"LUW","exclude_PUNCT_SYM",TRUE
"test-s102","mtld",10,10,NA,"missing","no_factor",TRUE,NA,NA,"LUW","exclude_PUNCT_SYM",TRUE
"test-s103","ttr",34,28,0.823529411764706,"ok",NA,FALSE,NA,NA,"LUW","exclude_PUNCT_SYM",TRUE
"test-s103","mattr",34,28,NA,"missing","too_short_for_requested_parameter",TRUE,NA,NA,"LUW","exclude_PUNCT_SYM",TRUE
"test-s103","mtld",34,28,53.9466666666667,"ok",NA,TRUE,TRUE,0,"LUW","exclude_PUNCT_SYM",TRUE
"test-s104","ttr",12,11,0.916666666666667,"ok",NA,FALSE,NA,NA,"LUW","exclude_PUNCT_SYM",TRUE
"test-s104","mattr",12,11,NA,"missing","too_short_for_requested_parameter",TRUE,NA,NA,"LUW","exclude_PUNCT_SYM",TRUE
"test-s104","mtld",12,11,40.32,"ok",NA,TRUE,TRUE,0,"LUW","exclude_PUNCT_SYM",TRUE
"test-s105","ttr",40,29,0.725,"ok",NA,FALSE,NA,NA,"LUW","exclude_PUNCT_SYM",TRUE
"test-s105","mattr",40,29,NA,"missing","too_short_for_requested_parameter",TRUE,NA,NA,"LUW","exclude_PUNCT_SYM",TRUE
"test-s105","mtld",40,29,40,"ok",NA,TRUE,FALSE,0,"LUW","exclude_PUNCT_SYM",TRUE
"test-s106","ttr",17,16,0.941176470588235,"ok",NA,FALSE,NA,NA,"LUW","exclude_PUNCT_SYM",TRUE
"test-s106","mattr",17,16,NA,"missing","too_short_for_requested_parameter",TRUE,NA,NA,"LUW","exclude_PUNCT_SYM",TRUE
"test-s106","mtld",17,16,80.92,"ok",NA,TRUE,TRUE,0,"LUW","exclude_PUNCT_SYM",TRUE
"test-s107","ttr",38,27,0.710526315789474,"ok",NA,FALSE,NA,NA,"LUW","exclude_PUNCT_SYM",TRUE
"test-s107","mattr",38,27,NA,"missing","too_short_for_requested_parameter",TRUE,NA,NA,"LUW","exclude_PUNCT_SYM",TRUE
"test-s107","mtld",38,27,38,"ok",NA,TRUE,FALSE,0,"LUW","exclude_PUNCT_SYM",TRUE
"test-s108","ttr",32,26,0.8125,"ok",NA,FALSE,NA,NA,"LUW","exclude_PUNCT_SYM",TRUE
"test-s108","mattr",32,26,NA,"missing","too_short_for_requested_parameter",TRUE,NA,NA,"LUW","exclude_PUNCT_SYM",TRUE
"test-s108","mtld",32,26,47.7866666666667,"ok",NA,TRUE,TRUE,0,"LUW","exclude_PUNCT_SYM",TRUE
"test-s109","ttr",13,13,1,"ok",NA,FALSE,NA,NA,"LUW","exclude_PUNCT_SYM",FALSE
"test-s109","mattr",13,13,NA,"missing","too_short_for_requested_parameter",TRUE,NA,NA,"LUW","exclude_PUNCT_SYM",FALSE
"test-s109","mtld",13,13,NA,"missing","no_factor",TRUE,NA,NA,"LUW","exclude_PUNCT_SYM",FALSE
"test-s110","ttr",15,13,0.866666666666667,"ok",NA,FALSE,NA,NA,"LUW","exclude_PUNCT_SYM",TRUE
"test-s110","mattr",15,13,NA,"missing","too_short_for_requested_parameter",TRUE,NA,NA,"LUW","exclude_PUNCT_SYM",TRUE
"test-s110","mtld",15,13,31.5,"ok",NA,TRUE,TRUE,0,"LUW","exclude_PUNCT_SYM",TRUE
"test-s111","ttr",15,14,0.933333333333333,"ok",NA,FALSE,NA,NA,"LUW","exclude_PUNCT_SYM",TRUE
"test-s111","mattr",15,14,NA,"missing","too_short_for_requested_parameter",TRUE,NA,NA,"LUW","exclude_PUNCT_SYM",TRUE
"test-s111","mtld",15,14,63,"ok",NA,TRUE,TRUE,0,"LUW","exclude_PUNCT_SYM",TRUE
"test-s112","ttr",25,20,0.8,"ok",NA,FALSE,NA,NA,"LUW","exclude_PUNCT_SYM",TRUE
"test-s112","mattr",25,20,NA,"missing","too_short_for_requested_parameter",TRUE,NA,NA,"LUW","exclude_PUNCT_SYM",TRUE
"test-s112","mtld",25,20,35,"ok",NA,TRUE,TRUE,0,"LUW","exclude_PUNCT_SYM",TRUE
"test-s113","ttr",26,22,0.846153846153846,"ok",NA,FALSE,NA,NA,"LUW","exclude_PUNCT_SYM",TRUE
"test-s113","mattr",26,22,NA,"missing","too_short_for_requested_parameter",TRUE,NA,NA,"LUW","exclude_PUNCT_SYM",TRUE
"test-s113","mtld",26,22,47.32,"ok",NA,TRUE,TRUE,0,"LUW","exclude_PUNCT_SYM",TRUE
"test-s114","ttr",30,24,0.8,"ok",NA,FALSE,NA,NA,"LUW","exclude_PUNCT_SYM",FALSE
"test-s114","mattr",30,24,NA,"missing","too_short_for_requested_parameter",TRUE,NA,NA,"LUW","exclude_PUNCT_SYM",FALSE
"test-s114","mtld",30,24,42,"ok",NA,TRUE,TRUE,0,"LUW","exclude_PUNCT_SYM",FALSE
"test-s115","ttr",28,23,0.821428571428571,"ok",NA,FALSE,NA,NA,"LUW","exclude_PUNCT_SYM",TRUE
"test-s115","mattr",28,23,NA,"missing","too_short_for_requested_parameter",TRUE,NA,NA,"LUW","exclude_PUNCT_SYM",TRUE
"test-s115","mtld",28,23,43.904,"ok",NA,TRUE,TRUE,0,"LUW","exclude_PUNCT_SYM",TRUE
"test-s116","ttr",11,11,1,"ok",NA,FALSE,NA,NA,"LUW","exclude_PUNCT_SYM",TRUE
"test-s116","mattr",11,11,NA,"missing","too_short_for_requested_parameter",TRUE,NA,NA,"LUW","exclude_PUNCT_SYM",TRUE
"test-s116","mtld",11,11,NA,"missing","no_factor",TRUE,NA,NA,"LUW","exclude_PUNCT_SYM",TRUE
"test-s117","ttr",19,17,0.894736842105263,"ok",NA,FALSE,NA,NA,"LUW","exclude_PUNCT_SYM",TRUE
"test-s117","mattr",19,17,NA,"missing","too_short_for_requested_parameter",TRUE,NA,NA,"LUW","exclude_PUNCT_SYM",TRUE
"test-s117","mtld",19,17,50.54,"ok",NA,TRUE,TRUE,0,"LUW","exclude_PUNCT_SYM",TRUE
"test-s118","ttr",23,18,0.782608695652174,"ok",NA,FALSE,NA,NA,"LUW","exclude_PUNCT_SYM",TRUE
"test-s118","mattr",23,18,NA,"missing","too_short_for_requested_parameter",TRUE,NA,NA,"LUW","exclude_PUNCT_SYM",TRUE
"test-s118","mtld",23,18,29.624,"ok",NA,TRUE,TRUE,0,"LUW","exclude_PUNCT_SYM",TRUE
"test-s119","ttr",46,36,0.782608695652174,"ok",NA,FALSE,NA,NA,"LUW","exclude_PUNCT_SYM",FALSE
"test-s119","mattr",46,36,NA,"missing","too_short_for_requested_parameter",TRUE,NA,NA,"LUW","exclude_PUNCT_SYM",FALSE
"test-s119","mtld",46,36,59.248,"ok",NA,TRUE,TRUE,0,"LUW","exclude_PUNCT_SYM",FALSE
"test-s120","ttr",9,8,0.888888888888889,"ok",NA,FALSE,NA,NA,"LUW","exclude_PUNCT_SYM",TRUE
"test-s120","mattr",9,8,NA,"missing","too_short_for_requested_parameter",TRUE,NA,NA,"LUW","exclude_PUNCT_SYM",TRUE
"test-s120","mtld",9,8,22.68,"ok",NA,TRUE,TRUE,0,"LUW","exclude_PUNCT_SYM",TRUE
"test-s121","ttr",11,11,1,"ok",NA,FALSE,NA,NA,"LUW","exclude_PUNCT_SYM",TRUE
"test-s121","mattr",11,11,NA,"missing","too_short_for_requested_parameter",TRUE,NA,NA,"LUW","exclude_PUNCT_SYM",TRUE
"test-s121","mtld",11,11,NA,"missing","no_factor",TRUE,NA,NA,"LUW","exclude_PUNCT_SYM",TRUE
"test-s122","ttr",14,12,0.857142857142857,"ok",NA,FALSE,NA,NA,"LUW","exclude_PUNCT_SYM",TRUE
"test-s122","mattr",14,12,NA,"missing","too_short_for_requested_parameter",TRUE,NA,NA,"LUW","exclude_PUNCT_SYM",TRUE
"test-s122","mtld",14,12,27.44,"ok",NA,TRUE,TRUE,0,"LUW","exclude_PUNCT_SYM",TRUE
"test-s123","ttr",15,14,0.933333333333333,"ok",NA,FALSE,NA,NA,"LUW","exclude_PUNCT_SYM",TRUE
"test-s123","mattr",15,14,NA,"missing","too_short_for_requested_parameter",TRUE,NA,NA,"LUW","exclude_PUNCT_SYM",TRUE
"test-s123","mtld",15,14,63,"ok",NA,TRUE,TRUE,0,"LUW","exclude_PUNCT_SYM",TRUE
"test-s124","ttr",31,27,0.870967741935484,"ok",NA,FALSE,NA,NA,"LUW","exclude_PUNCT_SYM",TRUE
"test-s124","mattr",31,27,NA,"missing","too_short_for_requested_parameter",TRUE,NA,NA,"LUW","exclude_PUNCT_SYM",TRUE
"test-s124","mtld",31,27,67.27,"ok",NA,TRUE,TRUE,0,"LUW","exclude_PUNCT_SYM",TRUE
"test-s125","ttr",23,21,0.91304347826087,"ok",NA,FALSE,NA,NA,"LUW","exclude_PUNCT_SYM",TRUE
"test-s125","mattr",23,21,NA,"missing","too_short_for_requested_parameter",TRUE,NA,NA,"LUW","exclude_PUNCT_SYM",TRUE
"test-s125","mtld",23,21,74.06,"ok",NA,TRUE,TRUE,0,"LUW","exclude_PUNCT_SYM",TRUE
"test-s126","ttr",17,17,1,"ok",NA,FALSE,NA,NA,"LUW","exclude_PUNCT_SYM",FALSE
"test-s126","mattr",17,17,NA,"missing","too_short_for_requested_parameter",TRUE,NA,NA,"LUW","exclude_PUNCT_SYM",FALSE
"test-s126","mtld",17,17,NA,"missing","no_factor",TRUE,NA,NA,"LUW","exclude_PUNCT_SYM",FALSE
"test-s127","ttr",16,15,0.9375,"ok",NA,FALSE,NA,NA,"LUW","exclude_PUNCT_SYM",TRUE
"test-s127","mattr",16,15,NA,"missing","too_short_for_requested_parameter",TRUE,NA,NA,"LUW","exclude_PUNCT_SYM",TRUE
"test-s127","mtld",16,15,71.68,"ok",NA,TRUE,TRUE,0,"LUW","exclude_PUNCT_SYM",TRUE
"test-s128","ttr",2,2,1,"ok",NA,FALSE,NA,NA,"LUW","exclude_PUNCT_SYM",TRUE
"test-s128","mattr",2,2,NA,"missing","too_short_for_requested_parameter",TRUE,NA,NA,"LUW","exclude_PUNCT_SYM",TRUE
"test-s128","mtld",2,2,NA,"missing","no_factor",TRUE,NA,NA,"LUW","exclude_PUNCT_SYM",TRUE
"test-s129","ttr",16,15,0.9375,"ok",NA,FALSE,NA,NA,"LUW","exclude_PUNCT_SYM",TRUE
"test-s129","mattr",16,15,NA,"missing","too_short_for_requested_parameter",TRUE,NA,NA,"LUW","exclude_PUNCT_SYM",TRUE
"test-s129","mtld",16,15,71.68,"ok",NA,TRUE,TRUE,0,"LUW","exclude_PUNCT_SYM",TRUE
"test-s130","ttr",32,26,0.8125,"ok",NA,FALSE,NA,NA,"LUW","exclude_PUNCT_SYM",TRUE
"test-s130","mattr",32,26,NA,"missing","too_short_for_requested_parameter",TRUE,NA,NA,"LUW","exclude_PUNCT_SYM",TRUE
"test-s130","mtld",32,26,47.7866666666667,"ok",NA,TRUE,TRUE,0,"LUW","exclude_PUNCT_SYM",TRUE
"test-s131","ttr",14,14,1,"ok",NA,FALSE,NA,NA,"LUW","exclude_PUNCT_SYM",TRUE
"test-s131","mattr",14,14,NA,"missing","too_short_for_requested_parameter",TRUE,NA,NA,"LUW","exclude_PUNCT_SYM",TRUE
"test-s131","mtld",14,14,NA,"missing","no_factor",TRUE,NA,NA,"LUW","exclude_PUNCT_SYM",TRUE
"test-s132","ttr",36,31,0.861111111111111,"ok",NA,FALSE,NA,NA,"LUW","exclude_PUNCT_SYM",TRUE
"test-s132","mattr",36,31,NA,"missing","too_short_for_requested_parameter",TRUE,NA,NA,"LUW","exclude_PUNCT_SYM",TRUE
"test-s132","mtld",36,31,72.576,"ok",NA,TRUE,TRUE,0,"LUW","exclude_PUNCT_SYM",TRUE
"test-s133","ttr",9,9,1,"ok",NA,FALSE,NA,NA,"LUW","exclude_PUNCT_SYM",TRUE
"test-s133","mattr",9,9,NA,"missing","too_short_for_requested_parameter",TRUE,NA,NA,"LUW","exclude_PUNCT_SYM",TRUE
"test-s133","mtld",9,9,NA,"missing","no_factor",TRUE,NA,NA,"LUW","exclude_PUNCT_SYM",TRUE
"test-s134","ttr",16,15,0.9375,"ok",NA,FALSE,NA,NA,"LUW","exclude_PUNCT_SYM",FALSE
"test-s134","mattr",16,15,NA,"missing","too_short_for_requested_parameter",TRUE,NA,NA,"LUW","exclude_PUNCT_SYM",FALSE
"test-s134","mtld",16,15,71.68,"ok",NA,TRUE,TRUE,0,"LUW","exclude_PUNCT_SYM",FALSE
"test-s135","ttr",11,10,0.909090909090909,"ok",NA,FALSE,NA,NA,"LUW","exclude_PUNCT_SYM",TRUE
"test-s135","mattr",11,10,NA,"missing","too_short_for_requested_parameter",TRUE,NA,NA,"LUW","exclude_PUNCT_SYM",TRUE
"test-s135","mtld",11,10,33.88,"ok",NA,TRUE,TRUE,0,"LUW","exclude_PUNCT_SYM",TRUE
"test-s136","ttr",3,3,1,"ok",NA,FALSE,NA,NA,"LUW","exclude_PUNCT_SYM",TRUE
"test-s136","mattr",3,3,NA,"missing","too_short_for_requested_parameter",TRUE,NA,NA,"LUW","exclude_PUNCT_SYM",TRUE
"test-s136","mtld",3,3,NA,"missing","no_factor",TRUE,NA,NA,"LUW","exclude_PUNCT_SYM",TRUE
"test-s137","ttr",5,5,1,"ok",NA,FALSE,NA,NA,"LUW","exclude_PUNCT_SYM",TRUE
"test-s137","mattr",5,5,NA,"missing","too_short_for_requested_parameter",TRUE,NA,NA,"LUW","exclude_PUNCT_SYM",TRUE
"test-s137","mtld",5,5,NA,"missing","no_factor",TRUE,NA,NA,"LUW","exclude_PUNCT_SYM",TRUE
"test-s138","ttr",14,13,0.928571428571429,"ok",NA,FALSE,NA,NA,"LUW","exclude_PUNCT_SYM",TRUE
"test-s138","mattr",14,13,NA,"missing","too_short_for_requested_parameter",TRUE,NA,NA,"LUW","exclude_PUNCT_SYM",TRUE
"test-s138","mtld",14,13,54.88,"ok",NA,TRUE,TRUE,0,"LUW","exclude_PUNCT_SYM",TRUE
"test-s139","ttr",28,23,0.821428571428571,"ok",NA,FALSE,NA,NA,"LUW","exclude_PUNCT_SYM",TRUE
"test-s139","mattr",28,23,NA,"missing","too_short_for_requested_parameter",TRUE,NA,NA,"LUW","exclude_PUNCT_SYM",TRUE
"test-s139","mtld",28,23,43.904,"ok",NA,TRUE,TRUE,0,"LUW","exclude_PUNCT_SYM",TRUE
"test-s140","ttr",20,16,0.8,"ok",NA,FALSE,NA,NA,"LUW","exclude_PUNCT_SYM",TRUE
"test-s140","mattr",20,16,NA,"missing","too_short_for_requested_parameter",TRUE,NA,NA,"LUW","exclude_PUNCT_SYM",TRUE
"test-s140","mtld",20,16,28,"ok",NA,TRUE,TRUE,0,"LUW","exclude_PUNCT_SYM",TRUE
"test-s141","ttr",8,7,0.875,"ok",NA,FALSE,NA,NA,"LUW","exclude_PUNCT_SYM",FALSE
"test-s141","mattr",8,7,NA,"missing","too_short_for_requested_parameter",TRUE,NA,NA,"LUW","exclude_PUNCT_SYM",FALSE
"test-s141","mtld",8,7,17.92,"ok",NA,TRUE,TRUE,0,"LUW","exclude_PUNCT_SYM",FALSE
"test-s142","ttr",40,33,0.825,"ok",NA,FALSE,NA,NA,"LUW","exclude_PUNCT_SYM",TRUE
"test-s142","mattr",40,33,NA,"missing","too_short_for_requested_parameter",TRUE,NA,NA,"LUW","exclude_PUNCT_SYM",TRUE
"test-s142","mtld",40,33,64,"ok",NA,TRUE,TRUE,0,"LUW","exclude_PUNCT_SYM",TRUE
"test-s143","ttr",9,8,0.888888888888889,"ok",NA,FALSE,NA,NA,"LUW","exclude_PUNCT_SYM",TRUE
"test-s143","mattr",9,8,NA,"missing","too_short_for_requested_parameter",TRUE,NA,NA,"LUW","exclude_PUNCT_SYM",TRUE
"test-s143","mtld",9,8,22.68,"ok",NA,TRUE,TRUE,0,"LUW","exclude_PUNCT_SYM",TRUE
"test-s144","ttr",8,8,1,"ok",NA,FALSE,NA,NA,"LUW","exclude_PUNCT_SYM",TRUE
"test-s144","mattr",8,8,NA,"missing","too_short_for_requested_parameter",TRUE,NA,NA,"LUW","exclude_PUNCT_SYM",TRUE
"test-s144","mtld",8,8,NA,"missing","no_factor",TRUE,NA,NA,"LUW","exclude_PUNCT_SYM",TRUE
"test-s145","ttr",13,12,0.923076923076923,"ok",NA,FALSE,NA,NA,"LUW","exclude_PUNCT_SYM",TRUE
"test-s145","mattr",13,12,NA,"missing","too_short_for_requested_parameter",TRUE,NA,NA,"LUW","exclude_PUNCT_SYM",TRUE
"test-s145","mtld",13,12,47.32,"ok",NA,TRUE,TRUE,0,"LUW","exclude_PUNCT_SYM",TRUE
"test-s146","ttr",16,15,0.9375,"ok",NA,FALSE,NA,NA,"LUW","exclude_PUNCT_SYM",TRUE
"test-s146","mattr",16,15,NA,"missing","too_short_for_requested_parameter",TRUE,NA,NA,"LUW","exclude_PUNCT_SYM",TRUE
"test-s146","mtld",16,15,71.68,"ok",NA,TRUE,TRUE,0,"LUW","exclude_PUNCT_SYM",TRUE
"test-s149","ttr",31,26,0.838709677419355,"ok",NA,FALSE,NA,NA,"LUW","exclude_PUNCT_SYM",TRUE
"test-s149","mattr",31,26,NA,"missing","too_short_for_requested_parameter",TRUE,NA,NA,"LUW","exclude_PUNCT_SYM",TRUE
"test-s149","mtld",31,26,53.816,"ok",NA,TRUE,TRUE,0,"LUW","exclude_PUNCT_SYM",TRUE
"test-s150","ttr",7,7,1,"ok",NA,FALSE,NA,NA,"LUW","exclude_PUNCT_SYM",TRUE
"test-s150","mattr",7,7,NA,"missing","too_short_for_requested_parameter",TRUE,NA,NA,"LUW","exclude_PUNCT_SYM",TRUE
"test-s150","mtld",7,7,NA,"missing","no_factor",TRUE,NA,NA,"LUW","exclude_PUNCT_SYM",TRUE
"test-s151","ttr",1,1,1,"ok",NA,FALSE,NA,NA,"LUW","exclude_PUNCT_SYM",TRUE
"test-s151","mattr",1,1,NA,"missing","too_short_for_requested_parameter",TRUE,NA,NA,"LUW","exclude_PUNCT_SYM",TRUE
"test-s151","mtld",1,1,NA,"missing","no_factor",TRUE,NA,NA,"LUW","exclude_PUNCT_SYM",TRUE
"test-s152","ttr",6,6,1,"ok",NA,FALSE,NA,NA,"LUW","exclude_PUNCT_SYM",TRUE
"test-s152","mattr",6,6,NA,"missing","too_short_for_requested_parameter",TRUE,NA,NA,"LUW","exclude_PUNCT_SYM",TRUE
"test-s152","mtld",6,6,NA,"missing","no_factor",TRUE,NA,NA,"LUW","exclude_PUNCT_SYM",TRUE
"test-s153","ttr",22,18,0.818181818181818,"ok",NA,FALSE,NA,NA,"LUW","exclude_PUNCT_SYM",FALSE
"test-s153","mattr",22,18,NA,"missing","too_short_for_requested_parameter",TRUE,NA,NA,"LUW","exclude_PUNCT_SYM",FALSE
"test-s153","mtld",22,18,33.88,"ok",NA,TRUE,TRUE,0,"LUW","exclude_PUNCT_SYM",FALSE
"test-s154","ttr",13,12,0.923076923076923,"ok",NA,FALSE,NA,NA,"LUW","exclude_PUNCT_SYM",TRUE
"test-s154","mattr",13,12,NA,"missing","too_short_for_requested_parameter",TRUE,NA,NA,"LUW","exclude_PUNCT_SYM",TRUE
"test-s154","mtld",13,12,47.32,"ok",NA,TRUE,TRUE,0,"LUW","exclude_PUNCT_SYM",TRUE
"test-s155","ttr",21,18,0.857142857142857,"ok",NA,FALSE,NA,NA,"LUW","exclude_PUNCT_SYM",TRUE
"test-s155","mattr",21,18,NA,"missing","too_short_for_requested_parameter",TRUE,NA,NA,"LUW","exclude_PUNCT_SYM",TRUE
"test-s155","mtld",21,18,41.16,"ok",NA,TRUE,TRUE,0,"LUW","exclude_PUNCT_SYM",TRUE
"test-s156","ttr",22,19,0.863636363636364,"ok",NA,FALSE,NA,NA,"LUW","exclude_PUNCT_SYM",TRUE
"test-s156","mattr",22,19,NA,"missing","too_short_for_requested_parameter",TRUE,NA,NA,"LUW","exclude_PUNCT_SYM",TRUE
"test-s156","mtld",22,19,45.1733333333333,"ok",NA,TRUE,TRUE,0,"LUW","exclude_PUNCT_SYM",TRUE
"test-s157","ttr",11,11,1,"ok",NA,FALSE,NA,NA,"LUW","exclude_PUNCT_SYM",TRUE
"test-s157","mattr",11,11,NA,"missing","too_short_for_requested_parameter",TRUE,NA,NA,"LUW","exclude_PUNCT_SYM",TRUE
"test-s157","mtld",11,11,NA,"missing","no_factor",TRUE,NA,NA,"LUW","exclude_PUNCT_SYM",TRUE
"test-s158","ttr",12,11,0.916666666666667,"ok",NA,FALSE,NA,NA,"LUW","exclude_PUNCT_SYM",TRUE
"test-s158","mattr",12,11,NA,"missing","too_short_for_requested_parameter",TRUE,NA,NA,"LUW","exclude_PUNCT_SYM",TRUE
"test-s158","mtld",12,11,40.32,"ok",NA,TRUE,TRUE,0,"LUW","exclude_PUNCT_SYM",TRUE
"test-s159","ttr",17,16,0.941176470588235,"ok",NA,FALSE,NA,NA,"LUW","exclude_PUNCT_SYM",TRUE
"test-s159","mattr",17,16,NA,"missing","too_short_for_requested_parameter",TRUE,NA,NA,"LUW","exclude_PUNCT_SYM",TRUE
"test-s159","mtld",17,16,80.92,"ok",NA,TRUE,TRUE,0,"LUW","exclude_PUNCT_SYM",TRUE
"test-s160","ttr",14,13,0.928571428571429,"ok",NA,FALSE,NA,NA,"LUW","exclude_PUNCT_SYM",TRUE
"test-s160","mattr",14,13,NA,"missing","too_short_for_requested_parameter",TRUE,NA,NA,"LUW","exclude_PUNCT_SYM",TRUE
"test-s160","mtld",14,13,54.88,"ok",NA,TRUE,TRUE,0,"LUW","exclude_PUNCT_SYM",TRUE
"test-s161","ttr",10,9,0.9,"ok",NA,FALSE,NA,NA,"LUW","exclude_PUNCT_SYM",TRUE
"test-s161","mattr",10,9,NA,"missing","too_short_for_requested_parameter",TRUE,NA,NA,"LUW","exclude_PUNCT_SYM",TRUE
"test-s161","mtld",10,9,28,"ok",NA,TRUE,TRUE,0,"LUW","exclude_PUNCT_SYM",TRUE
"test-s162","ttr",6,6,1,"ok",NA,FALSE,NA,NA,"LUW","exclude_PUNCT_SYM",FALSE
"test-s162","mattr",6,6,NA,"missing","too_short_for_requested_parameter",TRUE,NA,NA,"LUW","exclude_PUNCT_SYM",FALSE
"test-s162","mtld",6,6,NA,"missing","no_factor",TRUE,NA,NA,"LUW","exclude_PUNCT_SYM",FALSE
"test-s163","ttr",44,32,0.727272727272727,"ok",NA,FALSE,NA,NA,"LUW","exclude_PUNCT_SYM",TRUE
"test-s163","mattr",44,32,NA,"missing","too_short_for_requested_parameter",TRUE,NA,NA,"LUW","exclude_PUNCT_SYM",TRUE
"test-s163","mtld",44,32,45.1733333333333,"ok",NA,TRUE,TRUE,0,"LUW","exclude_PUNCT_SYM",TRUE
"test-s164","ttr",48,39,0.8125,"ok",NA,FALSE,NA,NA,"LUW","exclude_PUNCT_SYM",TRUE
"test-s164","mattr",48,39,NA,"missing","too_short_for_requested_parameter",TRUE,NA,NA,"LUW","exclude_PUNCT_SYM",TRUE
"test-s164","mtld",48,39,71.68,"ok",NA,TRUE,TRUE,0,"LUW","exclude_PUNCT_SYM",TRUE
"test-s165","ttr",10,9,0.9,"ok",NA,FALSE,NA,NA,"LUW","exclude_PUNCT_SYM",TRUE
"test-s165","mattr",10,9,NA,"missing","too_short_for_requested_parameter",TRUE,NA,NA,"LUW","exclude_PUNCT_SYM",TRUE
"test-s165","mtld",10,9,28,"ok",NA,TRUE,TRUE,0,"LUW","exclude_PUNCT_SYM",TRUE
"test-s166","ttr",27,22,0.814814814814815,"ok",NA,FALSE,NA,NA,"LUW","exclude_PUNCT_SYM",FALSE
"test-s166","mattr",27,22,NA,"missing","too_short_for_requested_parameter",TRUE,NA,NA,"LUW","exclude_PUNCT_SYM",FALSE
"test-s166","mtld",27,22,40.824,"ok",NA,TRUE,TRUE,0,"LUW","exclude_PUNCT_SYM",FALSE
"test-s167","ttr",15,15,1,"ok",NA,FALSE,NA,NA,"LUW","exclude_PUNCT_SYM",TRUE
"test-s167","mattr",15,15,NA,"missing","too_short_for_requested_parameter",TRUE,NA,NA,"LUW","exclude_PUNCT_SYM",TRUE
"test-s167","mtld",15,15,NA,"missing","no_factor",TRUE,NA,NA,"LUW","exclude_PUNCT_SYM",TRUE
"test-s168","ttr",9,9,1,"ok",NA,FALSE,NA,NA,"LUW","exclude_PUNCT_SYM",TRUE
"test-s168","mattr",9,9,NA,"missing","too_short_for_requested_parameter",TRUE,NA,NA,"LUW","exclude_PUNCT_SYM",TRUE
"test-s168","mtld",9,9,NA,"missing","no_factor",TRUE,NA,NA,"LUW","exclude_PUNCT_SYM",TRUE
"test-s169","ttr",7,7,1,"ok",NA,FALSE,NA,NA,"LUW","exclude_PUNCT_SYM",TRUE
"test-s169","mattr",7,7,NA,"missing","too_short_for_requested_parameter",TRUE,NA,NA,"LUW","exclude_PUNCT_SYM",TRUE
"test-s169","mtld",7,7,NA,"missing","no_factor",TRUE,NA,NA,"LUW","exclude_PUNCT_SYM",TRUE
"test-s170","ttr",23,21,0.91304347826087,"ok",NA,FALSE,NA,NA,"LUW","exclude_PUNCT_SYM",TRUE
"test-s170","mattr",23,21,NA,"missing","too_short_for_requested_parameter",TRUE,NA,NA,"LUW","exclude_PUNCT_SYM",TRUE
"test-s170","mtld",23,21,74.06,"ok",NA,TRUE,TRUE,0,"LUW","exclude_PUNCT_SYM",TRUE
"test-s171","ttr",31,26,0.838709677419355,"ok",NA,FALSE,NA,NA,"LUW","exclude_PUNCT_SYM",TRUE
"test-s171","mattr",31,26,NA,"missing","too_short_for_requested_parameter",TRUE,NA,NA,"LUW","exclude_PUNCT_SYM",TRUE
"test-s171","mtld",31,26,53.816,"ok",NA,TRUE,TRUE,0,"LUW","exclude_PUNCT_SYM",TRUE
"test-s172","ttr",25,21,0.84,"ok",NA,FALSE,NA,NA,"LUW","exclude_PUNCT_SYM",TRUE
"test-s172","mattr",25,21,NA,"missing","too_short_for_requested_parameter",TRUE,NA,NA,"LUW","exclude_PUNCT_SYM",TRUE
"test-s172","mtld",25,21,43.75,"ok",NA,TRUE,TRUE,0,"LUW","exclude_PUNCT_SYM",TRUE
"test-s173","ttr",19,18,0.947368421052632,"ok",NA,FALSE,NA,NA,"LUW","exclude_PUNCT_SYM",TRUE
"test-s173","mattr",19,18,NA,"missing","too_short_for_requested_parameter",TRUE,NA,NA,"LUW","exclude_PUNCT_SYM",TRUE
"test-s173","mtld",19,18,101.08,"ok",NA,TRUE,TRUE,0,"LUW","exclude_PUNCT_SYM",TRUE
"test-s174","ttr",26,20,0.769230769230769,"ok",NA,FALSE,NA,NA,"LUW","exclude_PUNCT_SYM",FALSE
"test-s174","mattr",26,20,NA,"missing","too_short_for_requested_parameter",TRUE,NA,NA,"LUW","exclude_PUNCT_SYM",FALSE
"test-s174","mtld",26,20,31.5466666666667,"ok",NA,TRUE,TRUE,0,"LUW","exclude_PUNCT_SYM",FALSE
"test-s175","ttr",14,14,1,"ok",NA,FALSE,NA,NA,"LUW","exclude_PUNCT_SYM",TRUE
"test-s175","mattr",14,14,NA,"missing","too_short_for_requested_parameter",TRUE,NA,NA,"LUW","exclude_PUNCT_SYM",TRUE
"test-s175","mtld",14,14,NA,"missing","no_factor",TRUE,NA,NA,"LUW","exclude_PUNCT_SYM",TRUE
"test-s176","ttr",6,6,1,"ok",NA,FALSE,NA,NA,"LUW","exclude_PUNCT_SYM",TRUE
"test-s176","mattr",6,6,NA,"missing","too_short_for_requested_parameter",TRUE,NA,NA,"LUW","exclude_PUNCT_SYM",TRUE
"test-s176","mtld",6,6,NA,"missing","no_factor",TRUE,NA,NA,"LUW","exclude_PUNCT_SYM",TRUE
"test-s177","ttr",9,9,1,"ok",NA,FALSE,NA,NA,"LUW","exclude_PUNCT_SYM",TRUE
"test-s177","mattr",9,9,NA,"missing","too_short_for_requested_parameter",TRUE,NA,NA,"LUW","exclude_PUNCT_SYM",TRUE
"test-s177","mtld",9,9,NA,"missing","no_factor",TRUE,NA,NA,"LUW","exclude_PUNCT_SYM",TRUE
"test-s178","ttr",14,13,0.928571428571429,"ok",NA,FALSE,NA,NA,"LUW","exclude_PUNCT_SYM",TRUE
"test-s178","mattr",14,13,NA,"missing","too_short_for_requested_parameter",TRUE,NA,NA,"LUW","exclude_PUNCT_SYM",TRUE
"test-s178","mtld",14,13,54.88,"ok",NA,TRUE,TRUE,0,"LUW","exclude_PUNCT_SYM",TRUE
"test-s179","ttr",9,9,1,"ok",NA,FALSE,NA,NA,"LUW","exclude_PUNCT_SYM",TRUE
"test-s179","mattr",9,9,NA,"missing","too_short_for_requested_parameter",TRUE,NA,NA,"LUW","exclude_PUNCT_SYM",TRUE
"test-s179","mtld",9,9,NA,"missing","no_factor",TRUE,NA,NA,"LUW","exclude_PUNCT_SYM",TRUE
"test-s180","ttr",10,10,1,"ok",NA,FALSE,NA,NA,"LUW","exclude_PUNCT_SYM",FALSE
"test-s180","mattr",10,10,NA,"missing","too_short_for_requested_parameter",TRUE,NA,NA,"LUW","exclude_PUNCT_SYM",FALSE
"test-s180","mtld",10,10,NA,"missing","no_factor",TRUE,NA,NA,"LUW","exclude_PUNCT_SYM",FALSE
"test-s181","ttr",19,17,0.894736842105263,"ok",NA,FALSE,NA,NA,"LUW","exclude_PUNCT_SYM",TRUE
"test-s181","mattr",19,17,NA,"missing","too_short_for_requested_parameter",TRUE,NA,NA,"LUW","exclude_PUNCT_SYM",TRUE
"test-s181","mtld",19,17,50.54,"ok",NA,TRUE,TRUE,0,"LUW","exclude_PUNCT_SYM",TRUE
"test-s182","ttr",13,12,0.923076923076923,"ok",NA,FALSE,NA,NA,"LUW","exclude_PUNCT_SYM",TRUE
"test-s182","mattr",13,12,NA,"missing","too_short_for_requested_parameter",TRUE,NA,NA,"LUW","exclude_PUNCT_SYM",TRUE
"test-s182","mtld",13,12,47.32,"ok",NA,TRUE,TRUE,0,"LUW","exclude_PUNCT_SYM",TRUE
"test-s183","ttr",41,32,0.780487804878049,"ok",NA,FALSE,NA,NA,"LUW","exclude_PUNCT_SYM",TRUE
"test-s183","mattr",41,32,NA,"missing","too_short_for_requested_parameter",TRUE,NA,NA,"LUW","exclude_PUNCT_SYM",TRUE
"test-s183","mtld",41,32,52.2977777777778,"ok",NA,TRUE,TRUE,0,"LUW","exclude_PUNCT_SYM",TRUE
"test-s184","ttr",21,21,1,"ok",NA,FALSE,NA,NA,"LUW","exclude_PUNCT_SYM",TRUE
"test-s184","mattr",21,21,NA,"missing","too_short_for_requested_parameter",TRUE,NA,NA,"LUW","exclude_PUNCT_SYM",TRUE
"test-s184","mtld",21,21,NA,"missing","no_factor",TRUE,NA,NA,"LUW","exclude_PUNCT_SYM",TRUE
"test-s185","ttr",15,13,0.866666666666667,"ok",NA,FALSE,NA,NA,"LUW","exclude_PUNCT_SYM",TRUE
"test-s185","mattr",15,13,NA,"missing","too_short_for_requested_parameter",TRUE,NA,NA,"LUW","exclude_PUNCT_SYM",TRUE
"test-s185","mtld",15,13,31.5,"ok",NA,TRUE,TRUE,0,"LUW","exclude_PUNCT_SYM",TRUE
"test-s186","ttr",7,7,1,"ok",NA,FALSE,NA,NA,"LUW","exclude_PUNCT_SYM",TRUE
"test-s186","mattr",7,7,NA,"missing","too_short_for_requested_parameter",TRUE,NA,NA,"LUW","exclude_PUNCT_SYM",TRUE
"test-s186","mtld",7,7,NA,"missing","no_factor",TRUE,NA,NA,"LUW","exclude_PUNCT_SYM",TRUE
"test-s187","ttr",4,4,1,"ok",NA,FALSE,NA,NA,"LUW","exclude_PUNCT_SYM",TRUE
"test-s187","mattr",4,4,NA,"missing","too_short_for_requested_parameter",TRUE,NA,NA,"LUW","exclude_PUNCT_SYM",TRUE
"test-s187","mtld",4,4,NA,"missing","no_factor",TRUE,NA,NA,"LUW","exclude_PUNCT_SYM",TRUE
"test-s188","ttr",12,12,1,"ok",NA,FALSE,NA,NA,"LUW","exclude_PUNCT_SYM",TRUE
"test-s188","mattr",12,12,NA,"missing","too_short_for_requested_parameter",TRUE,NA,NA,"LUW","exclude_PUNCT_SYM",TRUE
"test-s188","mtld",12,12,NA,"missing","no_factor",TRUE,NA,NA,"LUW","exclude_PUNCT_SYM",TRUE
"test-s189","ttr",33,25,0.757575757575758,"ok",NA,FALSE,NA,NA,"LUW","exclude_PUNCT_SYM",TRUE
"test-s189","mattr",33,25,NA,"missing","too_short_for_requested_parameter",TRUE,NA,NA,"LUW","exclude_PUNCT_SYM",TRUE
"test-s189","mtld",33,25,38.115,"ok",NA,TRUE,TRUE,0,"LUW","exclude_PUNCT_SYM",TRUE
"test-s190","ttr",7,7,1,"ok",NA,FALSE,NA,NA,"LUW","exclude_PUNCT_SYM",TRUE
"test-s190","mattr",7,7,NA,"missing","too_short_for_requested_parameter",TRUE,NA,NA,"LUW","exclude_PUNCT_SYM",TRUE
"test-s190","mtld",7,7,NA,"missing","no_factor",TRUE,NA,NA,"LUW","exclude_PUNCT_SYM",TRUE
"test-s191","ttr",10,9,0.9,"ok",NA,FALSE,NA,NA,"LUW","exclude_PUNCT_SYM",TRUE
"test-s191","mattr",10,9,NA,"missing","too_short_for_requested_parameter",TRUE,NA,NA,"LUW","exclude_PUNCT_SYM",TRUE
"test-s191","mtld",10,9,28,"ok",NA,TRUE,TRUE,0,"LUW","exclude_PUNCT_SYM",TRUE
"test-s192","ttr",5,5,1,"ok",NA,FALSE,NA,NA,"LUW","exclude_PUNCT_SYM",TRUE
"test-s192","mattr",5,5,NA,"missing","too_short_for_requested_parameter",TRUE,NA,NA,"LUW","exclude_PUNCT_SYM",TRUE
"test-s192","mtld",5,5,NA,"missing","no_factor",TRUE,NA,NA,"LUW","exclude_PUNCT_SYM",TRUE
"test-s193","ttr",26,21,0.807692307692308,"ok",NA,FALSE,NA,NA,"LUW","exclude_PUNCT_SYM",TRUE
"test-s193","mattr",26,21,NA,"missing","too_short_for_requested_parameter",TRUE,NA,NA,"LUW","exclude_PUNCT_SYM",TRUE
"test-s193","mtld",26,21,37.856,"ok",NA,TRUE,TRUE,0,"LUW","exclude_PUNCT_SYM",TRUE
"test-s194","ttr",20,17,0.85,"ok",NA,FALSE,NA,NA,"LUW","exclude_PUNCT_SYM",TRUE
"test-s194","mattr",20,17,NA,"missing","too_short_for_requested_parameter",TRUE,NA,NA,"LUW","exclude_PUNCT_SYM",TRUE
"test-s194","mtld",20,17,37.3333333333333,"ok",NA,TRUE,TRUE,0,"LUW","exclude_PUNCT_SYM",TRUE
"test-s195","ttr",9,8,0.888888888888889,"ok",NA,FALSE,NA,NA,"LUW","exclude_PUNCT_SYM",TRUE
"test-s195","mattr",9,8,NA,"missing","too_short_for_requested_parameter",TRUE,NA,NA,"LUW","exclude_PUNCT_SYM",TRUE
"test-s195","mtld",9,8,22.68,"ok",NA,TRUE,TRUE,0,"LUW","exclude_PUNCT_SYM",TRUE
"test-s196","ttr",3,3,1,"ok",NA,FALSE,NA,NA,"LUW","exclude_PUNCT_SYM",TRUE
"test-s196","mattr",3,3,NA,"missing","too_short_for_requested_parameter",TRUE,NA,NA,"LUW","exclude_PUNCT_SYM",TRUE
"test-s196","mtld",3,3,NA,"missing","no_factor",TRUE,NA,NA,"LUW","exclude_PUNCT_SYM",TRUE
"test-s197","ttr",28,21,0.75,"ok",NA,FALSE,NA,NA,"LUW","exclude_PUNCT_SYM",TRUE
"test-s197","mattr",28,21,NA,"missing","too_short_for_requested_parameter",TRUE,NA,NA,"LUW","exclude_PUNCT_SYM",TRUE
"test-s197","mtld",28,21,31.36,"ok",NA,TRUE,TRUE,0,"LUW","exclude_PUNCT_SYM",TRUE
"test-s198","ttr",19,18,0.947368421052632,"ok",NA,FALSE,NA,NA,"LUW","exclude_PUNCT_SYM",TRUE
"test-s198","mattr",19,18,NA,"missing","too_short_for_requested_parameter",TRUE,NA,NA,"LUW","exclude_PUNCT_SYM",TRUE
"test-s198","mtld",19,18,101.08,"ok",NA,TRUE,TRUE,0,"LUW","exclude_PUNCT_SYM",TRUE
"test-s199","ttr",14,12,0.857142857142857,"ok",NA,FALSE,NA,NA,"LUW","exclude_PUNCT_SYM",TRUE
"test-s199","mattr",14,12,NA,"missing","too_short_for_requested_parameter",TRUE,NA,NA,"LUW","exclude_PUNCT_SYM",TRUE
"test-s199","mtld",14,12,27.44,"ok",NA,TRUE,TRUE,0,"LUW","exclude_PUNCT_SYM",TRUE
"test-s200","ttr",24,19,0.791666666666667,"ok",NA,FALSE,NA,NA,"LUW","exclude_PUNCT_SYM",TRUE
"test-s200","mattr",24,19,NA,"missing","too_short_for_requested_parameter",TRUE,NA,NA,"LUW","exclude_PUNCT_SYM",TRUE
"test-s200","mtld",24,19,32.256,"ok",NA,TRUE,TRUE,0,"LUW","exclude_PUNCT_SYM",TRUE
"test-s201","ttr",12,11,0.916666666666667,"ok",NA,FALSE,NA,NA,"LUW","exclude_PUNCT_SYM",TRUE
"test-s201","mattr",12,11,NA,"missing","too_short_for_requested_parameter",TRUE,NA,NA,"LUW","exclude_PUNCT_SYM",TRUE
"test-s201","mtld",12,11,40.32,"ok",NA,TRUE,TRUE,0,"LUW","exclude_PUNCT_SYM",TRUE
"test-s202","ttr",6,6,1,"ok",NA,FALSE,NA,NA,"LUW","exclude_PUNCT_SYM",TRUE
"test-s202","mattr",6,6,NA,"missing","too_short_for_requested_parameter",TRUE,NA,NA,"LUW","exclude_PUNCT_SYM",TRUE
"test-s202","mtld",6,6,NA,"missing","no_factor",TRUE,NA,NA,"LUW","exclude_PUNCT_SYM",TRUE
"test-s203","ttr",5,5,1,"ok",NA,FALSE,NA,NA,"LUW","exclude_PUNCT_SYM",TRUE
"test-s203","mattr",5,5,NA,"missing","too_short_for_requested_parameter",TRUE,NA,NA,"LUW","exclude_PUNCT_SYM",TRUE
"test-s203","mtld",5,5,NA,"missing","no_factor",TRUE,NA,NA,"LUW","exclude_PUNCT_SYM",TRUE
"test-s204","ttr",32,25,0.78125,"ok",NA,FALSE,NA,NA,"LUW","exclude_PUNCT_SYM",TRUE
"test-s204","mattr",32,25,NA,"missing","too_short_for_requested_parameter",TRUE,NA,NA,"LUW","exclude_PUNCT_SYM",TRUE
"test-s204","mtld",32,25,40.96,"ok",NA,TRUE,TRUE,0,"LUW","exclude_PUNCT_SYM",TRUE
"test-s205","ttr",9,9,1,"ok",NA,FALSE,NA,NA,"LUW","exclude_PUNCT_SYM",TRUE
"test-s205","mattr",9,9,NA,"missing","too_short_for_requested_parameter",TRUE,NA,NA,"LUW","exclude_PUNCT_SYM",TRUE
"test-s205","mtld",9,9,NA,"missing","no_factor",TRUE,NA,NA,"LUW","exclude_PUNCT_SYM",TRUE
"test-s206","ttr",19,18,0.947368421052632,"ok",NA,FALSE,NA,NA,"LUW","exclude_PUNCT_SYM",TRUE
"test-s206","mattr",19,18,NA,"missing","too_short_for_requested_parameter",TRUE,NA,NA,"LUW","exclude_PUNCT_SYM",TRUE
"test-s206","mtld",19,18,101.08,"ok",NA,TRUE,TRUE,0,"LUW","exclude_PUNCT_SYM",TRUE
"test-s207","ttr",12,12,1,"ok",NA,FALSE,NA,NA,"LUW","exclude_PUNCT_SYM",FALSE
"test-s207","mattr",12,12,NA,"missing","too_short_for_requested_parameter",TRUE,NA,NA,"LUW","exclude_PUNCT_SYM",FALSE
"test-s207","mtld",12,12,NA,"missing","no_factor",TRUE,NA,NA,"LUW","exclude_PUNCT_SYM",FALSE
"test-s211","ttr",11,11,1,"ok",NA,FALSE,NA,NA,"LUW","exclude_PUNCT_SYM",TRUE
"test-s211","mattr",11,11,NA,"missing","too_short_for_requested_parameter",TRUE,NA,NA,"LUW","exclude_PUNCT_SYM",TRUE
"test-s211","mtld",11,11,NA,"missing","no_factor",TRUE,NA,NA,"LUW","exclude_PUNCT_SYM",TRUE
"test-s212","ttr",21,19,0.904761904761905,"ok",NA,FALSE,NA,NA,"LUW","exclude_PUNCT_SYM",TRUE
"test-s212","mattr",21,19,NA,"missing","too_short_for_requested_parameter",TRUE,NA,NA,"LUW","exclude_PUNCT_SYM",TRUE
"test-s212","mtld",21,19,61.74,"ok",NA,TRUE,TRUE,0,"LUW","exclude_PUNCT_SYM",TRUE
"test-s213","ttr",18,16,0.888888888888889,"ok",NA,FALSE,NA,NA,"LUW","exclude_PUNCT_SYM",TRUE
"test-s213","mattr",18,16,NA,"missing","too_short_for_requested_parameter",TRUE,NA,NA,"LUW","exclude_PUNCT_SYM",TRUE
"test-s213","mtld",18,16,45.36,"ok",NA,TRUE,TRUE,0,"LUW","exclude_PUNCT_SYM",TRUE
"test-s214","ttr",12,12,1,"ok",NA,FALSE,NA,NA,"LUW","exclude_PUNCT_SYM",TRUE
"test-s214","mattr",12,12,NA,"missing","too_short_for_requested_parameter",TRUE,NA,NA,"LUW","exclude_PUNCT_SYM",TRUE
"test-s214","mtld",12,12,NA,"missing","no_factor",TRUE,NA,NA,"LUW","exclude_PUNCT_SYM",TRUE
"test-s215","ttr",10,9,0.9,"ok",NA,FALSE,NA,NA,"LUW","exclude_PUNCT_SYM",TRUE
"test-s215","mattr",10,9,NA,"missing","too_short_for_requested_parameter",TRUE,NA,NA,"LUW","exclude_PUNCT_SYM",TRUE
"test-s215","mtld",10,9,28,"ok",NA,TRUE,TRUE,0,"LUW","exclude_PUNCT_SYM",TRUE
"test-s216","ttr",28,25,0.892857142857143,"ok",NA,FALSE,NA,NA,"LUW","exclude_PUNCT_SYM",TRUE
"test-s216","mattr",28,25,NA,"missing","too_short_for_requested_parameter",TRUE,NA,NA,"LUW","exclude_PUNCT_SYM",TRUE
"test-s216","mtld",28,25,73.1733333333334,"ok",NA,TRUE,TRUE,0,"LUW","exclude_PUNCT_SYM",TRUE
"test-s217","ttr",26,22,0.846153846153846,"ok",NA,FALSE,NA,NA,"LUW","exclude_PUNCT_SYM",TRUE
"test-s217","mattr",26,22,NA,"missing","too_short_for_requested_parameter",TRUE,NA,NA,"LUW","exclude_PUNCT_SYM",TRUE
"test-s217","mtld",26,22,47.32,"ok",NA,TRUE,TRUE,0,"LUW","exclude_PUNCT_SYM",TRUE
"test-s218","ttr",20,17,0.85,"ok",NA,FALSE,NA,NA,"LUW","exclude_PUNCT_SYM",TRUE
"test-s218","mattr",20,17,NA,"missing","too_short_for_requested_parameter",TRUE,NA,NA,"LUW","exclude_PUNCT_SYM",TRUE
"test-s218","mtld",20,17,37.3333333333333,"ok",NA,TRUE,TRUE,0,"LUW","exclude_PUNCT_SYM",TRUE
"test-s219","ttr",15,12,0.8,"ok",NA,FALSE,NA,NA,"LUW","exclude_PUNCT_SYM",TRUE
"test-s219","mattr",15,12,NA,"missing","too_short_for_requested_parameter",TRUE,NA,NA,"LUW","exclude_PUNCT_SYM",TRUE
"test-s219","mtld",15,12,21,"ok",NA,TRUE,TRUE,0,"LUW","exclude_PUNCT_SYM",TRUE
"test-s220","ttr",7,7,1,"ok",NA,FALSE,NA,NA,"LUW","exclude_PUNCT_SYM",TRUE
"test-s220","mattr",7,7,NA,"missing","too_short_for_requested_parameter",TRUE,NA,NA,"LUW","exclude_PUNCT_SYM",TRUE
"test-s220","mtld",7,7,NA,"missing","no_factor",TRUE,NA,NA,"LUW","exclude_PUNCT_SYM",TRUE
"test-s221","ttr",22,19,0.863636363636364,"ok",NA,FALSE,NA,NA,"LUW","exclude_PUNCT_SYM",TRUE
"test-s221","mattr",22,19,NA,"missing","too_short_for_requested_parameter",TRUE,NA,NA,"LUW","exclude_PUNCT_SYM",TRUE
"test-s221","mtld",22,19,45.1733333333333,"ok",NA,TRUE,TRUE,0,"LUW","exclude_PUNCT_SYM",TRUE
"test-s222","ttr",5,4,0.8,"ok",NA,FALSE,NA,NA,"LUW","exclude_PUNCT_SYM",TRUE
"test-s222","mattr",5,4,NA,"missing","too_short_for_requested_parameter",TRUE,NA,NA,"LUW","exclude_PUNCT_SYM",TRUE
"test-s222","mtld",5,4,6,"ok",NA,TRUE,TRUE,33.3333333333334,"LUW","exclude_PUNCT_SYM",TRUE
"test-s223","ttr",11,11,1,"ok",NA,FALSE,NA,NA,"LUW","exclude_PUNCT_SYM",TRUE
"test-s223","mattr",11,11,NA,"missing","too_short_for_requested_parameter",TRUE,NA,NA,"LUW","exclude_PUNCT_SYM",TRUE
"test-s223","mtld",11,11,NA,"missing","no_factor",TRUE,NA,NA,"LUW","exclude_PUNCT_SYM",TRUE
"test-s224","ttr",15,13,0.866666666666667,"ok",NA,FALSE,NA,NA,"LUW","exclude_PUNCT_SYM",TRUE
"test-s224","mattr",15,13,NA,"missing","too_short_for_requested_parameter",TRUE,NA,NA,"LUW","exclude_PUNCT_SYM",TRUE
"test-s224","mtld",15,13,31.5,"ok",NA,TRUE,TRUE,0,"LUW","exclude_PUNCT_SYM",TRUE
"test-s226","ttr",20,19,0.95,"ok",NA,FALSE,NA,NA,"LUW","exclude_PUNCT_SYM",TRUE
"test-s226","mattr",20,19,NA,"missing","too_short_for_requested_parameter",TRUE,NA,NA,"LUW","exclude_PUNCT_SYM",TRUE
"test-s226","mtld",20,19,112,"ok",NA,TRUE,TRUE,0,"LUW","exclude_PUNCT_SYM",TRUE
"test-s227","ttr",5,5,1,"ok",NA,FALSE,NA,NA,"LUW","exclude_PUNCT_SYM",TRUE
"test-s227","mattr",5,5,NA,"missing","too_short_for_requested_parameter",TRUE,NA,NA,"LUW","exclude_PUNCT_SYM",TRUE
"test-s227","mtld",5,5,NA,"missing","no_factor",TRUE,NA,NA,"LUW","exclude_PUNCT_SYM",TRUE
"test-s228","ttr",26,19,0.730769230769231,"ok",NA,FALSE,NA,NA,"LUW","exclude_PUNCT_SYM",TRUE
"test-s228","mattr",26,19,NA,"missing","too_short_for_requested_parameter",TRUE,NA,NA,"LUW","exclude_PUNCT_SYM",TRUE
"test-s228","mtld",26,19,26.52,"ok",NA,TRUE,TRUE,3.92156862745098,"LUW","exclude_PUNCT_SYM",TRUE
"test-s229","ttr",29,26,0.896551724137931,"ok",NA,FALSE,NA,NA,"LUW","exclude_PUNCT_SYM",TRUE
"test-s229","mattr",29,26,NA,"missing","too_short_for_requested_parameter",TRUE,NA,NA,"LUW","exclude_PUNCT_SYM",TRUE
"test-s229","mtld",29,26,78.4933333333334,"ok",NA,TRUE,TRUE,0,"LUW","exclude_PUNCT_SYM",TRUE
"test-s230","ttr",5,5,1,"ok",NA,FALSE,NA,NA,"LUW","exclude_PUNCT_SYM",TRUE
"test-s230","mattr",5,5,NA,"missing","too_short_for_requested_parameter",TRUE,NA,NA,"LUW","exclude_PUNCT_SYM",TRUE
"test-s230","mtld",5,5,NA,"missing","no_factor",TRUE,NA,NA,"LUW","exclude_PUNCT_SYM",TRUE
"test-s231","ttr",16,16,1,"ok",NA,FALSE,NA,NA,"LUW","exclude_PUNCT_SYM",TRUE
"test-s231","mattr",16,16,NA,"missing","too_short_for_requested_parameter",TRUE,NA,NA,"LUW","exclude_PUNCT_SYM",TRUE
"test-s231","mtld",16,16,NA,"missing","no_factor",TRUE,NA,NA,"LUW","exclude_PUNCT_SYM",TRUE
"test-s232","ttr",17,16,0.941176470588235,"ok",NA,FALSE,NA,NA,"LUW","exclude_PUNCT_SYM",TRUE
"test-s232","mattr",17,16,NA,"missing","too_short_for_requested_parameter",TRUE,NA,NA,"LUW","exclude_PUNCT_SYM",TRUE
"test-s232","mtld",17,16,80.92,"ok",NA,TRUE,TRUE,0,"LUW","exclude_PUNCT_SYM",TRUE
"test-s233","ttr",16,15,0.9375,"ok",NA,FALSE,NA,NA,"LUW","exclude_PUNCT_SYM",TRUE
"test-s233","mattr",16,15,NA,"missing","too_short_for_requested_parameter",TRUE,NA,NA,"LUW","exclude_PUNCT_SYM",TRUE
"test-s233","mtld",16,15,71.68,"ok",NA,TRUE,TRUE,0,"LUW","exclude_PUNCT_SYM",TRUE
"test-s234","ttr",6,6,1,"ok",NA,FALSE,NA,NA,"LUW","exclude_PUNCT_SYM",TRUE
"test-s234","mattr",6,6,NA,"missing","too_short_for_requested_parameter",TRUE,NA,NA,"LUW","exclude_PUNCT_SYM",TRUE
"test-s234","mtld",6,6,NA,"missing","no_factor",TRUE,NA,NA,"LUW","exclude_PUNCT_SYM",TRUE
"test-s235","ttr",5,5,1,"ok",NA,FALSE,NA,NA,"LUW","exclude_PUNCT_SYM",TRUE
"test-s235","mattr",5,5,NA,"missing","too_short_for_requested_parameter",TRUE,NA,NA,"LUW","exclude_PUNCT_SYM",TRUE
"test-s235","mtld",5,5,NA,"missing","no_factor",TRUE,NA,NA,"LUW","exclude_PUNCT_SYM",TRUE
"test-s236","ttr",22,20,0.909090909090909,"ok",NA,FALSE,NA,NA,"LUW","exclude_PUNCT_SYM",TRUE
"test-s236","mattr",22,20,NA,"missing","too_short_for_requested_parameter",TRUE,NA,NA,"LUW","exclude_PUNCT_SYM",TRUE
"test-s236","mtld",22,20,67.76,"ok",NA,TRUE,TRUE,0,"LUW","exclude_PUNCT_SYM",TRUE
"test-s237","ttr",15,14,0.933333333333333,"ok",NA,FALSE,NA,NA,"LUW","exclude_PUNCT_SYM",TRUE
"test-s237","mattr",15,14,NA,"missing","too_short_for_requested_parameter",TRUE,NA,NA,"LUW","exclude_PUNCT_SYM",TRUE
"test-s237","mtld",15,14,63,"ok",NA,TRUE,TRUE,0,"LUW","exclude_PUNCT_SYM",TRUE
"test-s238","ttr",16,15,0.9375,"ok",NA,FALSE,NA,NA,"LUW","exclude_PUNCT_SYM",TRUE
"test-s238","mattr",16,15,NA,"missing","too_short_for_requested_parameter",TRUE,NA,NA,"LUW","exclude_PUNCT_SYM",TRUE
"test-s238","mtld",16,15,71.68,"ok",NA,TRUE,TRUE,0,"LUW","exclude_PUNCT_SYM",TRUE
"test-s239","ttr",15,15,1,"ok",NA,FALSE,NA,NA,"LUW","exclude_PUNCT_SYM",TRUE
"test-s239","mattr",15,15,NA,"missing","too_short_for_requested_parameter",TRUE,NA,NA,"LUW","exclude_PUNCT_SYM",TRUE
"test-s239","mtld",15,15,NA,"missing","no_factor",TRUE,NA,NA,"LUW","exclude_PUNCT_SYM",TRUE
"test-s240","ttr",7,7,1,"ok",NA,FALSE,NA,NA,"LUW","exclude_PUNCT_SYM",TRUE
"test-s240","mattr",7,7,NA,"missing","too_short_for_requested_parameter",TRUE,NA,NA,"LUW","exclude_PUNCT_SYM",TRUE
"test-s240","mtld",7,7,NA,"missing","no_factor",TRUE,NA,NA,"LUW","exclude_PUNCT_SYM",TRUE
"test-s241","ttr",11,11,1,"ok",NA,FALSE,NA,NA,"LUW","exclude_PUNCT_SYM",TRUE
"test-s241","mattr",11,11,NA,"missing","too_short_for_requested_parameter",TRUE,NA,NA,"LUW","exclude_PUNCT_SYM",TRUE
"test-s241","mtld",11,11,NA,"missing","no_factor",TRUE,NA,NA,"LUW","exclude_PUNCT_SYM",TRUE
"test-s243","ttr",12,11,0.916666666666667,"ok",NA,FALSE,NA,NA,"LUW","exclude_PUNCT_SYM",TRUE
"test-s243","mattr",12,11,NA,"missing","too_short_for_requested_parameter",TRUE,NA,NA,"LUW","exclude_PUNCT_SYM",TRUE
"test-s243","mtld",12,11,40.32,"ok",NA,TRUE,TRUE,0,"LUW","exclude_PUNCT_SYM",TRUE
"test-s244","ttr",6,6,1,"ok",NA,FALSE,NA,NA,"LUW","exclude_PUNCT_SYM",TRUE
"test-s244","mattr",6,6,NA,"missing","too_short_for_requested_parameter",TRUE,NA,NA,"LUW","exclude_PUNCT_SYM",TRUE
"test-s244","mtld",6,6,NA,"missing","no_factor",TRUE,NA,NA,"LUW","exclude_PUNCT_SYM",TRUE
"test-s245","ttr",35,30,0.857142857142857,"ok",NA,FALSE,NA,NA,"LUW","exclude_PUNCT_SYM",TRUE
"test-s245","mattr",35,30,NA,"missing","too_short_for_requested_parameter",TRUE,NA,NA,"LUW","exclude_PUNCT_SYM",TRUE
"test-s245","mtld",35,30,68.6,"ok",NA,TRUE,TRUE,0,"LUW","exclude_PUNCT_SYM",TRUE
"test-s246","ttr",14,14,1,"ok",NA,FALSE,NA,NA,"LUW","exclude_PUNCT_SYM",TRUE
"test-s246","mattr",14,14,NA,"missing","too_short_for_requested_parameter",TRUE,NA,NA,"LUW","exclude_PUNCT_SYM",TRUE
"test-s246","mtld",14,14,NA,"missing","no_factor",TRUE,NA,NA,"LUW","exclude_PUNCT_SYM",TRUE
"test-s247","ttr",20,18,0.9,"ok",NA,FALSE,NA,NA,"LUW","exclude_PUNCT_SYM",TRUE
"test-s247","mattr",20,18,NA,"missing","too_short_for_requested_parameter",TRUE,NA,NA,"LUW","exclude_PUNCT_SYM",TRUE
"test-s247","mtld",20,18,56,"ok",NA,TRUE,TRUE,0,"LUW","exclude_PUNCT_SYM",TRUE
"test-s249","ttr",24,22,0.916666666666667,"ok",NA,FALSE,NA,NA,"LUW","exclude_PUNCT_SYM",TRUE
"test-s249","mattr",24,22,NA,"missing","too_short_for_requested_parameter",TRUE,NA,NA,"LUW","exclude_PUNCT_SYM",TRUE
"test-s249","mtld",24,22,80.64,"ok",NA,TRUE,TRUE,0,"LUW","exclude_PUNCT_SYM",TRUE
"test-s250","ttr",20,18,0.9,"ok",NA,FALSE,NA,NA,"LUW","exclude_PUNCT_SYM",TRUE
"test-s250","mattr",20,18,NA,"missing","too_short_for_requested_parameter",TRUE,NA,NA,"LUW","exclude_PUNCT_SYM",TRUE
"test-s250","mtld",20,18,56,"ok",NA,TRUE,TRUE,0,"LUW","exclude_PUNCT_SYM",TRUE
"test-s251","ttr",33,27,0.818181818181818,"ok",NA,FALSE,NA,NA,"LUW","exclude_PUNCT_SYM",TRUE
"test-s251","mattr",33,27,NA,"missing","too_short_for_requested_parameter",TRUE,NA,NA,"LUW","exclude_PUNCT_SYM",TRUE
"test-s251","mtld",33,27,50.82,"ok",NA,TRUE,TRUE,0,"LUW","exclude_PUNCT_SYM",TRUE
"test-s252","ttr",9,9,1,"ok",NA,FALSE,NA,NA,"LUW","exclude_PUNCT_SYM",TRUE
"test-s252","mattr",9,9,NA,"missing","too_short_for_requested_parameter",TRUE,NA,NA,"LUW","exclude_PUNCT_SYM",TRUE
"test-s252","mtld",9,9,NA,"missing","no_factor",TRUE,NA,NA,"LUW","exclude_PUNCT_SYM",TRUE
"test-s253","ttr",28,25,0.892857142857143,"ok",NA,FALSE,NA,NA,"LUW","exclude_PUNCT_SYM",TRUE
"test-s253","mattr",28,25,NA,"missing","too_short_for_requested_parameter",TRUE,NA,NA,"LUW","exclude_PUNCT_SYM",TRUE
"test-s253","mtld",28,25,73.1733333333334,"ok",NA,TRUE,TRUE,0,"LUW","exclude_PUNCT_SYM",TRUE
"test-s254","ttr",15,15,1,"ok",NA,FALSE,NA,NA,"LUW","exclude_PUNCT_SYM",TRUE
"test-s254","mattr",15,15,NA,"missing","too_short_for_requested_parameter",TRUE,NA,NA,"LUW","exclude_PUNCT_SYM",TRUE
"test-s254","mtld",15,15,NA,"missing","no_factor",TRUE,NA,NA,"LUW","exclude_PUNCT_SYM",TRUE
"test-s256","ttr",19,18,0.947368421052632,"ok",NA,FALSE,NA,NA,"LUW","exclude_PUNCT_SYM",TRUE
"test-s256","mattr",19,18,NA,"missing","too_short_for_requested_parameter",TRUE,NA,NA,"LUW","exclude_PUNCT_SYM",TRUE
"test-s256","mtld",19,18,101.08,"ok",NA,TRUE,TRUE,0,"LUW","exclude_PUNCT_SYM",TRUE
"test-s257","ttr",14,13,0.928571428571429,"ok",NA,FALSE,NA,NA,"LUW","exclude_PUNCT_SYM",TRUE
"test-s257","mattr",14,13,NA,"missing","too_short_for_requested_parameter",TRUE,NA,NA,"LUW","exclude_PUNCT_SYM",TRUE
"test-s257","mtld",14,13,54.88,"ok",NA,TRUE,TRUE,0,"LUW","exclude_PUNCT_SYM",TRUE
"test-s258","ttr",13,13,1,"ok",NA,FALSE,NA,NA,"LUW","exclude_PUNCT_SYM",TRUE
"test-s258","mattr",13,13,NA,"missing","too_short_for_requested_parameter",TRUE,NA,NA,"LUW","exclude_PUNCT_SYM",TRUE
"test-s258","mtld",13,13,NA,"missing","no_factor",TRUE,NA,NA,"LUW","exclude_PUNCT_SYM",TRUE
"test-s259","ttr",28,21,0.75,"ok",NA,FALSE,NA,NA,"LUW","exclude_PUNCT_SYM",TRUE
"test-s259","mattr",28,21,NA,"missing","too_short_for_requested_parameter",TRUE,NA,NA,"LUW","exclude_PUNCT_SYM",TRUE
"test-s259","mtld",28,21,25.7027272727273,"ok",NA,TRUE,TRUE,44.0207972270364,"LUW","exclude_PUNCT_SYM",TRUE
"test-s260","ttr",13,12,0.923076923076923,"ok",NA,FALSE,NA,NA,"LUW","exclude_PUNCT_SYM",TRUE
"test-s260","mattr",13,12,NA,"missing","too_short_for_requested_parameter",TRUE,NA,NA,"LUW","exclude_PUNCT_SYM",TRUE
"test-s260","mtld",13,12,47.32,"ok",NA,TRUE,TRUE,0,"LUW","exclude_PUNCT_SYM",TRUE
"test-s261","ttr",33,28,0.848484848484849,"ok",NA,FALSE,NA,NA,"LUW","exclude_PUNCT_SYM",TRUE
"test-s261","mattr",33,28,NA,"missing","too_short_for_requested_parameter",TRUE,NA,NA,"LUW","exclude_PUNCT_SYM",TRUE
"test-s261","mtld",33,28,60.984,"ok",NA,TRUE,TRUE,0,"LUW","exclude_PUNCT_SYM",TRUE
"test-s262","ttr",15,13,0.866666666666667,"ok",NA,FALSE,NA,NA,"LUW","exclude_PUNCT_SYM",TRUE
"test-s262","mattr",15,13,NA,"missing","too_short_for_requested_parameter",TRUE,NA,NA,"LUW","exclude_PUNCT_SYM",TRUE
"test-s262","mtld",15,13,31.5,"ok",NA,TRUE,TRUE,0,"LUW","exclude_PUNCT_SYM",TRUE
"test-s263","ttr",21,19,0.904761904761905,"ok",NA,FALSE,NA,NA,"LUW","exclude_PUNCT_SYM",TRUE
"test-s263","mattr",21,19,NA,"missing","too_short_for_requested_parameter",TRUE,NA,NA,"LUW","exclude_PUNCT_SYM",TRUE
"test-s263","mtld",21,19,61.74,"ok",NA,TRUE,TRUE,0,"LUW","exclude_PUNCT_SYM",TRUE
"test-s264","ttr",31,27,0.870967741935484,"ok",NA,FALSE,NA,NA,"LUW","exclude_PUNCT_SYM",TRUE
"test-s264","mattr",31,27,NA,"missing","too_short_for_requested_parameter",TRUE,NA,NA,"LUW","exclude_PUNCT_SYM",TRUE
"test-s264","mtld",31,27,67.27,"ok",NA,TRUE,TRUE,0,"LUW","exclude_PUNCT_SYM",TRUE
"test-s265","ttr",18,17,0.944444444444444,"ok",NA,FALSE,NA,NA,"LUW","exclude_PUNCT_SYM",TRUE
"test-s265","mattr",18,17,NA,"missing","too_short_for_requested_parameter",TRUE,NA,NA,"LUW","exclude_PUNCT_SYM",TRUE
"test-s265","mtld",18,17,90.72,"ok",NA,TRUE,TRUE,0,"LUW","exclude_PUNCT_SYM",TRUE
"test-s266","ttr",36,26,0.722222222222222,"ok",NA,FALSE,NA,NA,"LUW","exclude_PUNCT_SYM",TRUE
"test-s266","mattr",36,26,NA,"missing","too_short_for_requested_parameter",TRUE,NA,NA,"LUW","exclude_PUNCT_SYM",TRUE
"test-s266","mtld",36,26,36,"ok",NA,TRUE,FALSE,0,"LUW","exclude_PUNCT_SYM",TRUE
"test-s267","ttr",17,16,0.941176470588235,"ok",NA,FALSE,NA,NA,"LUW","exclude_PUNCT_SYM",TRUE
"test-s267","mattr",17,16,NA,"missing","too_short_for_requested_parameter",TRUE,NA,NA,"LUW","exclude_PUNCT_SYM",TRUE
"test-s267","mtld",17,16,80.92,"ok",NA,TRUE,TRUE,0,"LUW","exclude_PUNCT_SYM",TRUE
"test-s269","ttr",18,15,0.833333333333333,"ok",NA,FALSE,NA,NA,"LUW","exclude_PUNCT_SYM",TRUE
"test-s269","mattr",18,15,NA,"missing","too_short_for_requested_parameter",TRUE,NA,NA,"LUW","exclude_PUNCT_SYM",TRUE
"test-s269","mtld",18,15,30.24,"ok",NA,TRUE,TRUE,0,"LUW","exclude_PUNCT_SYM",TRUE
"test-s270","ttr",16,14,0.875,"ok",NA,FALSE,NA,NA,"LUW","exclude_PUNCT_SYM",TRUE
"test-s270","mattr",16,14,NA,"missing","too_short_for_requested_parameter",TRUE,NA,NA,"LUW","exclude_PUNCT_SYM",TRUE
"test-s270","mtld",16,14,35.84,"ok",NA,TRUE,TRUE,0,"LUW","exclude_PUNCT_SYM",TRUE
"test-s271","ttr",18,17,0.944444444444444,"ok",NA,FALSE,NA,NA,"LUW","exclude_PUNCT_SYM",TRUE
"test-s271","mattr",18,17,NA,"missing","too_short_for_requested_parameter",TRUE,NA,NA,"LUW","exclude_PUNCT_SYM",TRUE
"test-s271","mtld",18,17,90.72,"ok",NA,TRUE,TRUE,0,"LUW","exclude_PUNCT_SYM",TRUE
"test-s272","ttr",7,7,1,"ok",NA,FALSE,NA,NA,"LUW","exclude_PUNCT_SYM",TRUE
"test-s272","mattr",7,7,NA,"missing","too_short_for_requested_parameter",TRUE,NA,NA,"LUW","exclude_PUNCT_SYM",TRUE
"test-s272","mtld",7,7,NA,"missing","no_factor",TRUE,NA,NA,"LUW","exclude_PUNCT_SYM",TRUE
"test-s273","ttr",10,10,1,"ok",NA,FALSE,NA,NA,"LUW","exclude_PUNCT_SYM",TRUE
"test-s273","mattr",10,10,NA,"missing","too_short_for_requested_parameter",TRUE,NA,NA,"LUW","exclude_PUNCT_SYM",TRUE
"test-s273","mtld",10,10,NA,"missing","no_factor",TRUE,NA,NA,"LUW","exclude_PUNCT_SYM",TRUE
"test-s274","ttr",37,31,0.837837837837838,"ok",NA,FALSE,NA,NA,"LUW","exclude_PUNCT_SYM",TRUE
"test-s274","mattr",37,31,NA,"missing","too_short_for_requested_parameter",TRUE,NA,NA,"LUW","exclude_PUNCT_SYM",TRUE
"test-s274","mtld",37,31,63.8866666666667,"ok",NA,TRUE,TRUE,0,"LUW","exclude_PUNCT_SYM",TRUE
"test-s275","ttr",22,21,0.954545454545455,"ok",NA,FALSE,NA,NA,"LUW","exclude_PUNCT_SYM",TRUE
"test-s275","mattr",22,21,NA,"missing","too_short_for_requested_parameter",TRUE,NA,NA,"LUW","exclude_PUNCT_SYM",TRUE
"test-s275","mtld",22,21,135.52,"ok",NA,TRUE,TRUE,0,"LUW","exclude_PUNCT_SYM",TRUE
"test-s276","ttr",13,12,0.923076923076923,"ok",NA,FALSE,NA,NA,"LUW","exclude_PUNCT_SYM",TRUE
"test-s276","mattr",13,12,NA,"missing","too_short_for_requested_parameter",TRUE,NA,NA,"LUW","exclude_PUNCT_SYM",TRUE
"test-s276","mtld",13,12,47.32,"ok",NA,TRUE,TRUE,0,"LUW","exclude_PUNCT_SYM",TRUE
"test-s277","ttr",18,18,1,"ok",NA,FALSE,NA,NA,"LUW","exclude_PUNCT_SYM",TRUE
"test-s277","mattr",18,18,NA,"missing","too_short_for_requested_parameter",TRUE,NA,NA,"LUW","exclude_PUNCT_SYM",TRUE
"test-s277","mtld",18,18,NA,"missing","no_factor",TRUE,NA,NA,"LUW","exclude_PUNCT_SYM",TRUE
"test-s278","ttr",6,6,1,"ok",NA,FALSE,NA,NA,"LUW","exclude_PUNCT_SYM",TRUE
"test-s278","mattr",6,6,NA,"missing","too_short_for_requested_parameter",TRUE,NA,NA,"LUW","exclude_PUNCT_SYM",TRUE
"test-s278","mtld",6,6,NA,"missing","no_factor",TRUE,NA,NA,"LUW","exclude_PUNCT_SYM",TRUE
"test-s279","ttr",10,10,1,"ok",NA,FALSE,NA,NA,"LUW","exclude_PUNCT_SYM",TRUE
"test-s279","mattr",10,10,NA,"missing","too_short_for_requested_parameter",TRUE,NA,NA,"LUW","exclude_PUNCT_SYM",TRUE
"test-s279","mtld",10,10,NA,"missing","no_factor",TRUE,NA,NA,"LUW","exclude_PUNCT_SYM",TRUE
"test-s280","ttr",6,6,1,"ok",NA,FALSE,NA,NA,"LUW","exclude_PUNCT_SYM",TRUE
"test-s280","mattr",6,6,NA,"missing","too_short_for_requested_parameter",TRUE,NA,NA,"LUW","exclude_PUNCT_SYM",TRUE
"test-s280","mtld",6,6,NA,"missing","no_factor",TRUE,NA,NA,"LUW","exclude_PUNCT_SYM",TRUE
"test-s281","ttr",12,12,1,"ok",NA,FALSE,NA,NA,"LUW","exclude_PUNCT_SYM",TRUE
"test-s281","mattr",12,12,NA,"missing","too_short_for_requested_parameter",TRUE,NA,NA,"LUW","exclude_PUNCT_SYM",TRUE
"test-s281","mtld",12,12,NA,"missing","no_factor",TRUE,NA,NA,"LUW","exclude_PUNCT_SYM",TRUE
"test-s282","ttr",12,11,0.916666666666667,"ok",NA,FALSE,NA,NA,"LUW","exclude_PUNCT_SYM",TRUE
"test-s282","mattr",12,11,NA,"missing","too_short_for_requested_parameter",TRUE,NA,NA,"LUW","exclude_PUNCT_SYM",TRUE
"test-s282","mtld",12,11,40.32,"ok",NA,TRUE,TRUE,0,"LUW","exclude_PUNCT_SYM",TRUE
"test-s284","ttr",11,11,1,"ok",NA,FALSE,NA,NA,"LUW","exclude_PUNCT_SYM",TRUE
"test-s284","mattr",11,11,NA,"missing","too_short_for_requested_parameter",TRUE,NA,NA,"LUW","exclude_PUNCT_SYM",TRUE
"test-s284","mtld",11,11,NA,"missing","no_factor",TRUE,NA,NA,"LUW","exclude_PUNCT_SYM",TRUE
"test-s285","ttr",16,13,0.8125,"ok",NA,FALSE,NA,NA,"LUW","exclude_PUNCT_SYM",TRUE
"test-s285","mattr",16,13,NA,"missing","too_short_for_requested_parameter",TRUE,NA,NA,"LUW","exclude_PUNCT_SYM",TRUE
"test-s285","mtld",16,13,23.8933333333333,"ok",NA,TRUE,TRUE,0,"LUW","exclude_PUNCT_SYM",TRUE
"test-s286","ttr",3,3,1,"ok",NA,FALSE,NA,NA,"LUW","exclude_PUNCT_SYM",TRUE
"test-s286","mattr",3,3,NA,"missing","too_short_for_requested_parameter",TRUE,NA,NA,"LUW","exclude_PUNCT_SYM",TRUE
"test-s286","mtld",3,3,NA,"missing","no_factor",TRUE,NA,NA,"LUW","exclude_PUNCT_SYM",TRUE
"test-s287","ttr",3,3,1,"ok",NA,FALSE,NA,NA,"LUW","exclude_PUNCT_SYM",TRUE
"test-s287","mattr",3,3,NA,"missing","too_short_for_requested_parameter",TRUE,NA,NA,"LUW","exclude_PUNCT_SYM",TRUE
"test-s287","mtld",3,3,NA,"missing","no_factor",TRUE,NA,NA,"LUW","exclude_PUNCT_SYM",TRUE
"test-s288","ttr",12,11,0.916666666666667,"ok",NA,FALSE,NA,NA,"LUW","exclude_PUNCT_SYM",TRUE
"test-s288","mattr",12,11,NA,"missing","too_short_for_requested_parameter",TRUE,NA,NA,"LUW","exclude_PUNCT_SYM",TRUE
"test-s288","mtld",12,11,40.32,"ok",NA,TRUE,TRUE,0,"LUW","exclude_PUNCT_SYM",TRUE
"test-s289","ttr",18,15,0.833333333333333,"ok",NA,FALSE,NA,NA,"LUW","exclude_PUNCT_SYM",TRUE
"test-s289","mattr",18,15,NA,"missing","too_short_for_requested_parameter",TRUE,NA,NA,"LUW","exclude_PUNCT_SYM",TRUE
"test-s289","mtld",18,15,30.24,"ok",NA,TRUE,TRUE,0,"LUW","exclude_PUNCT_SYM",TRUE
"test-s290","ttr",3,3,1,"ok",NA,FALSE,NA,NA,"LUW","exclude_PUNCT_SYM",TRUE
"test-s290","mattr",3,3,NA,"missing","too_short_for_requested_parameter",TRUE,NA,NA,"LUW","exclude_PUNCT_SYM",TRUE
"test-s290","mtld",3,3,NA,"missing","no_factor",TRUE,NA,NA,"LUW","exclude_PUNCT_SYM",TRUE
"test-s291","ttr",16,14,0.875,"ok",NA,FALSE,NA,NA,"LUW","exclude_PUNCT_SYM",TRUE
"test-s291","mattr",16,14,NA,"missing","too_short_for_requested_parameter",TRUE,NA,NA,"LUW","exclude_PUNCT_SYM",TRUE
"test-s291","mtld",16,14,35.84,"ok",NA,TRUE,TRUE,0,"LUW","exclude_PUNCT_SYM",TRUE
"test-s292","ttr",20,18,0.9,"ok",NA,FALSE,NA,NA,"LUW","exclude_PUNCT_SYM",TRUE
"test-s292","mattr",20,18,NA,"missing","too_short_for_requested_parameter",TRUE,NA,NA,"LUW","exclude_PUNCT_SYM",TRUE
"test-s292","mtld",20,18,56,"ok",NA,TRUE,TRUE,0,"LUW","exclude_PUNCT_SYM",TRUE
"test-s293","ttr",3,3,1,"ok",NA,FALSE,NA,NA,"LUW","exclude_PUNCT_SYM",TRUE
"test-s293","mattr",3,3,NA,"missing","too_short_for_requested_parameter",TRUE,NA,NA,"LUW","exclude_PUNCT_SYM",TRUE
"test-s293","mtld",3,3,NA,"missing","no_factor",TRUE,NA,NA,"LUW","exclude_PUNCT_SYM",TRUE
"test-s295","ttr",8,8,1,"ok",NA,FALSE,NA,NA,"LUW","exclude_PUNCT_SYM",TRUE
"test-s295","mattr",8,8,NA,"missing","too_short_for_requested_parameter",TRUE,NA,NA,"LUW","exclude_PUNCT_SYM",TRUE
"test-s295","mtld",8,8,NA,"missing","no_factor",TRUE,NA,NA,"LUW","exclude_PUNCT_SYM",TRUE
"test-s296","ttr",16,14,0.875,"ok",NA,FALSE,NA,NA,"LUW","exclude_PUNCT_SYM",TRUE
"test-s296","mattr",16,14,NA,"missing","too_short_for_requested_parameter",TRUE,NA,NA,"LUW","exclude_PUNCT_SYM",TRUE
"test-s296","mtld",16,14,35.84,"ok",NA,TRUE,TRUE,0,"LUW","exclude_PUNCT_SYM",TRUE
"test-s297","ttr",4,4,1,"ok",NA,FALSE,NA,NA,"LUW","exclude_PUNCT_SYM",FALSE
"test-s297","mattr",4,4,NA,"missing","too_short_for_requested_parameter",TRUE,NA,NA,"LUW","exclude_PUNCT_SYM",FALSE
"test-s297","mtld",4,4,NA,"missing","no_factor",TRUE,NA,NA,"LUW","exclude_PUNCT_SYM",FALSE
"test-s298","ttr",43,32,0.744186046511628,"ok",NA,FALSE,NA,NA,"LUW","exclude_PUNCT_SYM",TRUE
"test-s298","mattr",43,32,NA,"missing","too_short_for_requested_parameter",TRUE,NA,NA,"LUW","exclude_PUNCT_SYM",TRUE
"test-s298","mtld",43,32,47.0654545454545,"ok",NA,TRUE,TRUE,0,"LUW","exclude_PUNCT_SYM",TRUE
"test-s299","ttr",15,13,0.866666666666667,"ok",NA,FALSE,NA,NA,"LUW","exclude_PUNCT_SYM",FALSE
"test-s299","mattr",15,13,NA,"missing","too_short_for_requested_parameter",TRUE,NA,NA,"LUW","exclude_PUNCT_SYM",FALSE
"test-s299","mtld",15,13,31.5,"ok",NA,TRUE,TRUE,0,"LUW","exclude_PUNCT_SYM",FALSE
"test-s300","ttr",2,2,1,"ok",NA,FALSE,NA,NA,"LUW","exclude_PUNCT_SYM",TRUE
"test-s300","mattr",2,2,NA,"missing","too_short_for_requested_parameter",TRUE,NA,NA,"LUW","exclude_PUNCT_SYM",TRUE
"test-s300","mtld",2,2,NA,"missing","no_factor",TRUE,NA,NA,"LUW","exclude_PUNCT_SYM",TRUE
"test-s301","ttr",14,11,0.785714285714286,"ok",NA,FALSE,NA,NA,"LUW","exclude_PUNCT_SYM",TRUE
"test-s301","mattr",14,11,NA,"missing","too_short_for_requested_parameter",TRUE,NA,NA,"LUW","exclude_PUNCT_SYM",TRUE
"test-s301","mtld",14,11,18.2933333333333,"ok",NA,TRUE,TRUE,0,"LUW","exclude_PUNCT_SYM",TRUE
"test-s302","ttr",24,22,0.916666666666667,"ok",NA,FALSE,NA,NA,"LUW","exclude_PUNCT_SYM",TRUE
"test-s302","mattr",24,22,NA,"missing","too_short_for_requested_parameter",TRUE,NA,NA,"LUW","exclude_PUNCT_SYM",TRUE
"test-s302","mtld",24,22,80.64,"ok",NA,TRUE,TRUE,0,"LUW","exclude_PUNCT_SYM",TRUE
"test-s303","ttr",3,3,1,"ok",NA,FALSE,NA,NA,"LUW","exclude_PUNCT_SYM",TRUE
"test-s303","mattr",3,3,NA,"missing","too_short_for_requested_parameter",TRUE,NA,NA,"LUW","exclude_PUNCT_SYM",TRUE
"test-s303","mtld",3,3,NA,"missing","no_factor",TRUE,NA,NA,"LUW","exclude_PUNCT_SYM",TRUE
"test-s304","ttr",7,7,1,"ok",NA,FALSE,NA,NA,"LUW","exclude_PUNCT_SYM",TRUE
"test-s304","mattr",7,7,NA,"missing","too_short_for_requested_parameter",TRUE,NA,NA,"LUW","exclude_PUNCT_SYM",TRUE
"test-s304","mtld",7,7,NA,"missing","no_factor",TRUE,NA,NA,"LUW","exclude_PUNCT_SYM",TRUE
"test-s305","ttr",34,26,0.764705882352941,"ok",NA,FALSE,NA,NA,"LUW","exclude_PUNCT_SYM",FALSE
"test-s305","mattr",34,26,NA,"missing","too_short_for_requested_parameter",TRUE,NA,NA,"LUW","exclude_PUNCT_SYM",FALSE
"test-s305","mtld",34,26,40.46,"ok",NA,TRUE,TRUE,0,"LUW","exclude_PUNCT_SYM",FALSE
"test-s306","ttr",12,11,0.916666666666667,"ok",NA,FALSE,NA,NA,"LUW","exclude_PUNCT_SYM",TRUE
"test-s306","mattr",12,11,NA,"missing","too_short_for_requested_parameter",TRUE,NA,NA,"LUW","exclude_PUNCT_SYM",TRUE
"test-s306","mtld",12,11,40.32,"ok",NA,TRUE,TRUE,0,"LUW","exclude_PUNCT_SYM",TRUE
"test-s307","ttr",17,17,1,"ok",NA,FALSE,NA,NA,"LUW","exclude_PUNCT_SYM",TRUE
"test-s307","mattr",17,17,NA,"missing","too_short_for_requested_parameter",TRUE,NA,NA,"LUW","exclude_PUNCT_SYM",TRUE
"test-s307","mtld",17,17,NA,"missing","no_factor",TRUE,NA,NA,"LUW","exclude_PUNCT_SYM",TRUE
"test-s308","ttr",15,14,0.933333333333333,"ok",NA,FALSE,NA,NA,"LUW","exclude_PUNCT_SYM",TRUE
"test-s308","mattr",15,14,NA,"missing","too_short_for_requested_parameter",TRUE,NA,NA,"LUW","exclude_PUNCT_SYM",TRUE
"test-s308","mtld",15,14,63,"ok",NA,TRUE,TRUE,0,"LUW","exclude_PUNCT_SYM",TRUE
"test-s309","ttr",1,1,1,"ok",NA,FALSE,NA,NA,"LUW","exclude_PUNCT_SYM",TRUE
"test-s309","mattr",1,1,NA,"missing","too_short_for_requested_parameter",TRUE,NA,NA,"LUW","exclude_PUNCT_SYM",TRUE
"test-s309","mtld",1,1,NA,"missing","no_factor",TRUE,NA,NA,"LUW","exclude_PUNCT_SYM",TRUE
"test-s310","ttr",17,13,0.764705882352941,"ok",NA,FALSE,NA,NA,"LUW","exclude_PUNCT_SYM",TRUE
"test-s310","mattr",17,13,NA,"missing","too_short_for_requested_parameter",TRUE,NA,NA,"LUW","exclude_PUNCT_SYM",TRUE
"test-s310","mtld",17,13,18.615,"ok",NA,TRUE,TRUE,17.351598173516,"LUW","exclude_PUNCT_SYM",TRUE
"test-s311","ttr",41,33,0.804878048780488,"ok",NA,FALSE,NA,NA,"LUW","exclude_PUNCT_SYM",FALSE
"test-s311","mattr",41,33,NA,"missing","too_short_for_requested_parameter",TRUE,NA,NA,"LUW","exclude_PUNCT_SYM",FALSE
"test-s311","mtld",41,33,58.835,"ok",NA,TRUE,TRUE,0,"LUW","exclude_PUNCT_SYM",FALSE
"test-s312","ttr",26,23,0.884615384615385,"ok",NA,FALSE,NA,NA,"LUW","exclude_PUNCT_SYM",TRUE
"test-s312","mattr",26,23,NA,"missing","too_short_for_requested_parameter",TRUE,NA,NA,"LUW","exclude_PUNCT_SYM",TRUE
"test-s312","mtld",26,23,63.0933333333333,"ok",NA,TRUE,TRUE,0,"LUW","exclude_PUNCT_SYM",TRUE
"test-s313","ttr",23,21,0.91304347826087,"ok",NA,FALSE,NA,NA,"LUW","exclude_PUNCT_SYM",TRUE
"test-s313","mattr",23,21,NA,"missing","too_short_for_requested_parameter",TRUE,NA,NA,"LUW","exclude_PUNCT_SYM",TRUE
"test-s313","mtld",23,21,74.06,"ok",NA,TRUE,TRUE,0,"LUW","exclude_PUNCT_SYM",TRUE
"test-s314","ttr",12,12,1,"ok",NA,FALSE,NA,NA,"LUW","exclude_PUNCT_SYM",TRUE
"test-s314","mattr",12,12,NA,"missing","too_short_for_requested_parameter",TRUE,NA,NA,"LUW","exclude_PUNCT_SYM",TRUE
"test-s314","mtld",12,12,NA,"missing","no_factor",TRUE,NA,NA,"LUW","exclude_PUNCT_SYM",TRUE
"test-s315","ttr",13,12,0.923076923076923,"ok",NA,FALSE,NA,NA,"LUW","exclude_PUNCT_SYM",TRUE
"test-s315","mattr",13,12,NA,"missing","too_short_for_requested_parameter",TRUE,NA,NA,"LUW","exclude_PUNCT_SYM",TRUE
"test-s315","mtld",13,12,47.32,"ok",NA,TRUE,TRUE,0,"LUW","exclude_PUNCT_SYM",TRUE
"test-s316","ttr",10,10,1,"ok",NA,FALSE,NA,NA,"LUW","exclude_PUNCT_SYM",FALSE
"test-s316","mattr",10,10,NA,"missing","too_short_for_requested_parameter",TRUE,NA,NA,"LUW","exclude_PUNCT_SYM",FALSE
"test-s316","mtld",10,10,NA,"missing","no_factor",TRUE,NA,NA,"LUW","exclude_PUNCT_SYM",FALSE
"test-s317","ttr",5,5,1,"ok",NA,FALSE,NA,NA,"LUW","exclude_PUNCT_SYM",TRUE
"test-s317","mattr",5,5,NA,"missing","too_short_for_requested_parameter",TRUE,NA,NA,"LUW","exclude_PUNCT_SYM",TRUE
"test-s317","mtld",5,5,NA,"missing","no_factor",TRUE,NA,NA,"LUW","exclude_PUNCT_SYM",TRUE
"test-s318","ttr",10,10,1,"ok",NA,FALSE,NA,NA,"LUW","exclude_PUNCT_SYM",TRUE
"test-s318","mattr",10,10,NA,"missing","too_short_for_requested_parameter",TRUE,NA,NA,"LUW","exclude_PUNCT_SYM",TRUE
"test-s318","mtld",10,10,NA,"missing","no_factor",TRUE,NA,NA,"LUW","exclude_PUNCT_SYM",TRUE
"test-s319","ttr",15,12,0.8,"ok",NA,FALSE,NA,NA,"LUW","exclude_PUNCT_SYM",TRUE
"test-s319","mattr",15,12,NA,"missing","too_short_for_requested_parameter",TRUE,NA,NA,"LUW","exclude_PUNCT_SYM",TRUE
"test-s319","mtld",15,12,21,"ok",NA,TRUE,TRUE,0,"LUW","exclude_PUNCT_SYM",TRUE
"test-s320","ttr",18,18,1,"ok",NA,FALSE,NA,NA,"LUW","exclude_PUNCT_SYM",TRUE
"test-s320","mattr",18,18,NA,"missing","too_short_for_requested_parameter",TRUE,NA,NA,"LUW","exclude_PUNCT_SYM",TRUE
"test-s320","mtld",18,18,NA,"missing","no_factor",TRUE,NA,NA,"LUW","exclude_PUNCT_SYM",TRUE
"test-s321","ttr",16,15,0.9375,"ok",NA,FALSE,NA,NA,"LUW","exclude_PUNCT_SYM",TRUE
"test-s321","mattr",16,15,NA,"missing","too_short_for_requested_parameter",TRUE,NA,NA,"LUW","exclude_PUNCT_SYM",TRUE
"test-s321","mtld",16,15,71.68,"ok",NA,TRUE,TRUE,0,"LUW","exclude_PUNCT_SYM",TRUE
"test-s322","ttr",13,13,1,"ok",NA,FALSE,NA,NA,"LUW","exclude_PUNCT_SYM",TRUE
"test-s322","mattr",13,13,NA,"missing","too_short_for_requested_parameter",TRUE,NA,NA,"LUW","exclude_PUNCT_SYM",TRUE
"test-s322","mtld",13,13,NA,"missing","no_factor",TRUE,NA,NA,"LUW","exclude_PUNCT_SYM",TRUE
"test-s323","ttr",17,15,0.88235294117647,"ok",NA,FALSE,NA,NA,"LUW","exclude_PUNCT_SYM",TRUE
"test-s323","mattr",17,15,NA,"missing","too_short_for_requested_parameter",TRUE,NA,NA,"LUW","exclude_PUNCT_SYM",TRUE
"test-s323","mtld",17,15,40.46,"ok",NA,TRUE,TRUE,0,"LUW","exclude_PUNCT_SYM",TRUE
"test-s324","ttr",19,18,0.947368421052632,"ok",NA,FALSE,NA,NA,"LUW","exclude_PUNCT_SYM",TRUE
"test-s324","mattr",19,18,NA,"missing","too_short_for_requested_parameter",TRUE,NA,NA,"LUW","exclude_PUNCT_SYM",TRUE
"test-s324","mtld",19,18,101.08,"ok",NA,TRUE,TRUE,0,"LUW","exclude_PUNCT_SYM",TRUE
"test-s325","ttr",30,25,0.833333333333333,"ok",NA,FALSE,NA,NA,"LUW","exclude_PUNCT_SYM",TRUE
"test-s325","mattr",30,25,NA,"missing","too_short_for_requested_parameter",TRUE,NA,NA,"LUW","exclude_PUNCT_SYM",TRUE
"test-s325","mtld",30,25,50.4,"ok",NA,TRUE,TRUE,0,"LUW","exclude_PUNCT_SYM",TRUE
"test-s326","ttr",13,12,0.923076923076923,"ok",NA,FALSE,NA,NA,"LUW","exclude_PUNCT_SYM",TRUE
"test-s326","mattr",13,12,NA,"missing","too_short_for_requested_parameter",TRUE,NA,NA,"LUW","exclude_PUNCT_SYM",TRUE
"test-s326","mtld",13,12,47.32,"ok",NA,TRUE,TRUE,0,"LUW","exclude_PUNCT_SYM",TRUE
"test-s327","ttr",16,16,1,"ok",NA,FALSE,NA,NA,"LUW","exclude_PUNCT_SYM",FALSE
"test-s327","mattr",16,16,NA,"missing","too_short_for_requested_parameter",TRUE,NA,NA,"LUW","exclude_PUNCT_SYM",FALSE
"test-s327","mtld",16,16,NA,"missing","no_factor",TRUE,NA,NA,"LUW","exclude_PUNCT_SYM",FALSE
"test-s328","ttr",31,23,0.741935483870968,"ok",NA,FALSE,NA,NA,"LUW","exclude_PUNCT_SYM",TRUE
"test-s328","mattr",31,23,NA,"missing","too_short_for_requested_parameter",TRUE,NA,NA,"LUW","exclude_PUNCT_SYM",TRUE
"test-s328","mtld",31,23,32.3175,"ok",NA,TRUE,TRUE,8.15347721822543,"LUW","exclude_PUNCT_SYM",TRUE
"test-s329","ttr",19,17,0.894736842105263,"ok",NA,FALSE,NA,NA,"LUW","exclude_PUNCT_SYM",TRUE
"test-s329","mattr",19,17,NA,"missing","too_short_for_requested_parameter",TRUE,NA,NA,"LUW","exclude_PUNCT_SYM",TRUE
"test-s329","mtld",19,17,50.54,"ok",NA,TRUE,TRUE,0,"LUW","exclude_PUNCT_SYM",TRUE
"test-s330","ttr",25,22,0.88,"ok",NA,FALSE,NA,NA,"LUW","exclude_PUNCT_SYM",FALSE
"test-s330","mattr",25,22,NA,"missing","too_short_for_requested_parameter",TRUE,NA,NA,"LUW","exclude_PUNCT_SYM",FALSE
"test-s330","mtld",25,22,58.3333333333333,"ok",NA,TRUE,TRUE,0,"LUW","exclude_PUNCT_SYM",FALSE
"test-s331","ttr",17,15,0.88235294117647,"ok",NA,FALSE,NA,NA,"LUW","exclude_PUNCT_SYM",TRUE
"test-s331","mattr",17,15,NA,"missing","too_short_for_requested_parameter",TRUE,NA,NA,"LUW","exclude_PUNCT_SYM",TRUE
"test-s331","mtld",17,15,40.46,"ok",NA,TRUE,TRUE,0,"LUW","exclude_PUNCT_SYM",TRUE
"test-s332","ttr",61,46,0.754098360655738,"ok",NA,FALSE,NA,NA,"LUW","exclude_PUNCT_SYM",TRUE
"test-s332","mattr",61,46,0.776666666666667,"ok",NA,FALSE,NA,NA,"LUW","exclude_PUNCT_SYM",TRUE
"test-s332","mtld",61,46,69.4586666666667,"ok",NA,FALSE,TRUE,0,"LUW","exclude_PUNCT_SYM",TRUE
"test-s333","ttr",18,16,0.888888888888889,"ok",NA,FALSE,NA,NA,"LUW","exclude_PUNCT_SYM",TRUE
"test-s333","mattr",18,16,NA,"missing","too_short_for_requested_parameter",TRUE,NA,NA,"LUW","exclude_PUNCT_SYM",TRUE
"test-s333","mtld",18,16,45.36,"ok",NA,TRUE,TRUE,0,"LUW","exclude_PUNCT_SYM",TRUE
"test-s334","ttr",73,58,0.794520547945205,"ok",NA,FALSE,NA,NA,"LUW","exclude_PUNCT_SYM",FALSE
"test-s334","mattr",73,58,0.803333333333333,"ok",NA,FALSE,NA,NA,"LUW","exclude_PUNCT_SYM",FALSE
"test-s334","mtld",73,58,99.4746666666666,"ok",NA,FALSE,TRUE,0,"LUW","exclude_PUNCT_SYM",FALSE
"test-s335","ttr",11,11,1,"ok",NA,FALSE,NA,NA,"LUW","exclude_PUNCT_SYM",TRUE
"test-s335","mattr",11,11,NA,"missing","too_short_for_requested_parameter",TRUE,NA,NA,"LUW","exclude_PUNCT_SYM",TRUE
"test-s335","mtld",11,11,NA,"missing","no_factor",TRUE,NA,NA,"LUW","exclude_PUNCT_SYM",TRUE
"test-s336","ttr",9,8,0.888888888888889,"ok",NA,FALSE,NA,NA,"LUW","exclude_PUNCT_SYM",FALSE
"test-s336","mattr",9,8,NA,"missing","too_short_for_requested_parameter",TRUE,NA,NA,"LUW","exclude_PUNCT_SYM",FALSE
"test-s336","mtld",9,8,22.68,"ok",NA,TRUE,TRUE,0,"LUW","exclude_PUNCT_SYM",FALSE
"test-s337","ttr",2,2,1,"ok",NA,FALSE,NA,NA,"LUW","exclude_PUNCT_SYM",TRUE
"test-s337","mattr",2,2,NA,"missing","too_short_for_requested_parameter",TRUE,NA,NA,"LUW","exclude_PUNCT_SYM",TRUE
"test-s337","mtld",2,2,NA,"missing","no_factor",TRUE,NA,NA,"LUW","exclude_PUNCT_SYM",TRUE
"test-s338","ttr",17,16,0.941176470588235,"ok",NA,FALSE,NA,NA,"LUW","exclude_PUNCT_SYM",TRUE
"test-s338","mattr",17,16,NA,"missing","too_short_for_requested_parameter",TRUE,NA,NA,"LUW","exclude_PUNCT_SYM",TRUE
"test-s338","mtld",17,16,80.92,"ok",NA,TRUE,TRUE,0,"LUW","exclude_PUNCT_SYM",TRUE
"test-s339","ttr",4,4,1,"ok",NA,FALSE,NA,NA,"LUW","exclude_PUNCT_SYM",TRUE
"test-s339","mattr",4,4,NA,"missing","too_short_for_requested_parameter",TRUE,NA,NA,"LUW","exclude_PUNCT_SYM",TRUE
"test-s339","mtld",4,4,NA,"missing","no_factor",TRUE,NA,NA,"LUW","exclude_PUNCT_SYM",TRUE
"test-s340","ttr",24,20,0.833333333333333,"ok",NA,FALSE,NA,NA,"LUW","exclude_PUNCT_SYM",TRUE
"test-s340","mattr",24,20,NA,"missing","too_short_for_requested_parameter",TRUE,NA,NA,"LUW","exclude_PUNCT_SYM",TRUE
"test-s340","mtld",24,20,40.32,"ok",NA,TRUE,TRUE,0,"LUW","exclude_PUNCT_SYM",TRUE
"test-s341","ttr",21,16,0.761904761904762,"ok",NA,FALSE,NA,NA,"LUW","exclude_PUNCT_SYM",FALSE
"test-s341","mattr",21,16,NA,"missing","too_short_for_requested_parameter",TRUE,NA,NA,"LUW","exclude_PUNCT_SYM",FALSE
"test-s341","mtld",21,16,24.696,"ok",NA,TRUE,TRUE,0,"LUW","exclude_PUNCT_SYM",FALSE
"test-s342","ttr",10,10,1,"ok",NA,FALSE,NA,NA,"LUW","exclude_PUNCT_SYM",TRUE
"test-s342","mattr",10,10,NA,"missing","too_short_for_requested_parameter",TRUE,NA,NA,"LUW","exclude_PUNCT_SYM",TRUE
"test-s342","mtld",10,10,NA,"missing","no_factor",TRUE,NA,NA,"LUW","exclude_PUNCT_SYM",TRUE
"test-s343","ttr",16,15,0.9375,"ok",NA,FALSE,NA,NA,"LUW","exclude_PUNCT_SYM",TRUE
"test-s343","mattr",16,15,NA,"missing","too_short_for_requested_parameter",TRUE,NA,NA,"LUW","exclude_PUNCT_SYM",TRUE
"test-s343","mtld",16,15,71.68,"ok",NA,TRUE,TRUE,0,"LUW","exclude_PUNCT_SYM",TRUE
"test-s344","ttr",22,21,0.954545454545455,"ok",NA,FALSE,NA,NA,"LUW","exclude_PUNCT_SYM",TRUE
"test-s344","mattr",22,21,NA,"missing","too_short_for_requested_parameter",TRUE,NA,NA,"LUW","exclude_PUNCT_SYM",TRUE
"test-s344","mtld",22,21,135.52,"ok",NA,TRUE,TRUE,0,"LUW","exclude_PUNCT_SYM",TRUE
"test-s345","ttr",17,15,0.88235294117647,"ok",NA,FALSE,NA,NA,"LUW","exclude_PUNCT_SYM",TRUE
"test-s345","mattr",17,15,NA,"missing","too_short_for_requested_parameter",TRUE,NA,NA,"LUW","exclude_PUNCT_SYM",TRUE
"test-s345","mtld",17,15,40.46,"ok",NA,TRUE,TRUE,0,"LUW","exclude_PUNCT_SYM",TRUE
"test-s346","ttr",12,9,0.75,"ok",NA,FALSE,NA,NA,"LUW","exclude_PUNCT_SYM",TRUE
"test-s346","mattr",12,9,NA,"missing","too_short_for_requested_parameter",TRUE,NA,NA,"LUW","exclude_PUNCT_SYM",TRUE
"test-s346","mtld",12,9,12.72,"ok",NA,TRUE,TRUE,11.3207547169811,"LUW","exclude_PUNCT_SYM",TRUE
"test-s347","ttr",20,19,0.95,"ok",NA,FALSE,NA,NA,"LUW","exclude_PUNCT_SYM",TRUE
"test-s347","mattr",20,19,NA,"missing","too_short_for_requested_parameter",TRUE,NA,NA,"LUW","exclude_PUNCT_SYM",TRUE
"test-s347","mtld",20,19,112,"ok",NA,TRUE,TRUE,0,"LUW","exclude_PUNCT_SYM",TRUE
"test-s348","ttr",17,15,0.88235294117647,"ok",NA,FALSE,NA,NA,"LUW","exclude_PUNCT_SYM",TRUE
"test-s348","mattr",17,15,NA,"missing","too_short_for_requested_parameter",TRUE,NA,NA,"LUW","exclude_PUNCT_SYM",TRUE
"test-s348","mtld",17,15,40.46,"ok",NA,TRUE,TRUE,0,"LUW","exclude_PUNCT_SYM",TRUE
"test-s349","ttr",3,3,1,"ok",NA,FALSE,NA,NA,"LUW","exclude_PUNCT_SYM",TRUE
"test-s349","mattr",3,3,NA,"missing","too_short_for_requested_parameter",TRUE,NA,NA,"LUW","exclude_PUNCT_SYM",TRUE
"test-s349","mtld",3,3,NA,"missing","no_factor",TRUE,NA,NA,"LUW","exclude_PUNCT_SYM",TRUE
"test-s350","ttr",28,23,0.821428571428571,"ok",NA,FALSE,NA,NA,"LUW","exclude_PUNCT_SYM",TRUE
"test-s350","mattr",28,23,NA,"missing","too_short_for_requested_parameter",TRUE,NA,NA,"LUW","exclude_PUNCT_SYM",TRUE
"test-s350","mtld",28,23,43.904,"ok",NA,TRUE,TRUE,0,"LUW","exclude_PUNCT_SYM",TRUE
"test-s351","ttr",13,13,1,"ok",NA,FALSE,NA,NA,"LUW","exclude_PUNCT_SYM",TRUE
"test-s351","mattr",13,13,NA,"missing","too_short_for_requested_parameter",TRUE,NA,NA,"LUW","exclude_PUNCT_SYM",TRUE
"test-s351","mtld",13,13,NA,"missing","no_factor",TRUE,NA,NA,"LUW","exclude_PUNCT_SYM",TRUE
"test-s352","ttr",20,18,0.9,"ok",NA,FALSE,NA,NA,"LUW","exclude_PUNCT_SYM",TRUE
"test-s352","mattr",20,18,NA,"missing","too_short_for_requested_parameter",TRUE,NA,NA,"LUW","exclude_PUNCT_SYM",TRUE
"test-s352","mtld",20,18,56,"ok",NA,TRUE,TRUE,0,"LUW","exclude_PUNCT_SYM",TRUE
"test-s353","ttr",8,8,1,"ok",NA,FALSE,NA,NA,"LUW","exclude_PUNCT_SYM",TRUE
"test-s353","mattr",8,8,NA,"missing","too_short_for_requested_parameter",TRUE,NA,NA,"LUW","exclude_PUNCT_SYM",TRUE
"test-s353","mtld",8,8,NA,"missing","no_factor",TRUE,NA,NA,"LUW","exclude_PUNCT_SYM",TRUE
"test-s354","ttr",8,8,1,"ok",NA,FALSE,NA,NA,"LUW","exclude_PUNCT_SYM",TRUE
"test-s354","mattr",8,8,NA,"missing","too_short_for_requested_parameter",TRUE,NA,NA,"LUW","exclude_PUNCT_SYM",TRUE
"test-s354","mtld",8,8,NA,"missing","no_factor",TRUE,NA,NA,"LUW","exclude_PUNCT_SYM",TRUE
"test-s355","ttr",21,17,0.80952380952381,"ok",NA,FALSE,NA,NA,"LUW","exclude_PUNCT_SYM",FALSE
"test-s355","mattr",21,17,NA,"missing","too_short_for_requested_parameter",TRUE,NA,NA,"LUW","exclude_PUNCT_SYM",FALSE
"test-s355","mtld",21,17,30.87,"ok",NA,TRUE,TRUE,0,"LUW","exclude_PUNCT_SYM",FALSE
"test-s356","ttr",10,9,0.9,"ok",NA,FALSE,NA,NA,"LUW","exclude_PUNCT_SYM",TRUE
"test-s356","mattr",10,9,NA,"missing","too_short_for_requested_parameter",TRUE,NA,NA,"LUW","exclude_PUNCT_SYM",TRUE
"test-s356","mtld",10,9,28,"ok",NA,TRUE,TRUE,0,"LUW","exclude_PUNCT_SYM",TRUE
"test-s357","ttr",21,20,0.952380952380952,"ok",NA,FALSE,NA,NA,"LUW","exclude_PUNCT_SYM",TRUE
"test-s357","mattr",21,20,NA,"missing","too_short_for_requested_parameter",TRUE,NA,NA,"LUW","exclude_PUNCT_SYM",TRUE
"test-s357","mtld",21,20,123.48,"ok",NA,TRUE,TRUE,0,"LUW","exclude_PUNCT_SYM",TRUE
"test-s358","ttr",27,25,0.925925925925926,"ok",NA,FALSE,NA,NA,"LUW","exclude_PUNCT_SYM",TRUE
"test-s358","mattr",27,25,NA,"missing","too_short_for_requested_parameter",TRUE,NA,NA,"LUW","exclude_PUNCT_SYM",TRUE
"test-s358","mtld",27,25,102.06,"ok",NA,TRUE,TRUE,0,"LUW","exclude_PUNCT_SYM",TRUE
"test-s359","ttr",16,16,1,"ok",NA,FALSE,NA,NA,"LUW","exclude_PUNCT_SYM",TRUE
"test-s359","mattr",16,16,NA,"missing","too_short_for_requested_parameter",TRUE,NA,NA,"LUW","exclude_PUNCT_SYM",TRUE
"test-s359","mtld",16,16,NA,"missing","no_factor",TRUE,NA,NA,"LUW","exclude_PUNCT_SYM",TRUE
"test-s360","ttr",6,6,1,"ok",NA,FALSE,NA,NA,"LUW","exclude_PUNCT_SYM",TRUE
"test-s360","mattr",6,6,NA,"missing","too_short_for_requested_parameter",TRUE,NA,NA,"LUW","exclude_PUNCT_SYM",TRUE
"test-s360","mtld",6,6,NA,"missing","no_factor",TRUE,NA,NA,"LUW","exclude_PUNCT_SYM",TRUE
"test-s361","ttr",11,11,1,"ok",NA,FALSE,NA,NA,"LUW","exclude_PUNCT_SYM",TRUE
"test-s361","mattr",11,11,NA,"missing","too_short_for_requested_parameter",TRUE,NA,NA,"LUW","exclude_PUNCT_SYM",TRUE
"test-s361","mtld",11,11,NA,"missing","no_factor",TRUE,NA,NA,"LUW","exclude_PUNCT_SYM",TRUE
"test-s362","ttr",8,7,0.875,"ok",NA,FALSE,NA,NA,"LUW","exclude_PUNCT_SYM",TRUE
"test-s362","mattr",8,7,NA,"missing","too_short_for_requested_parameter",TRUE,NA,NA,"LUW","exclude_PUNCT_SYM",TRUE
"test-s362","mtld",8,7,17.92,"ok",NA,TRUE,TRUE,0,"LUW","exclude_PUNCT_SYM",TRUE
"test-s363","ttr",34,27,0.794117647058823,"ok",NA,FALSE,NA,NA,"LUW","exclude_PUNCT_SYM",TRUE
"test-s363","mattr",34,27,NA,"missing","too_short_for_requested_parameter",TRUE,NA,NA,"LUW","exclude_PUNCT_SYM",TRUE
"test-s363","mtld",34,27,46.24,"ok",NA,TRUE,TRUE,0,"LUW","exclude_PUNCT_SYM",TRUE
"test-s364","ttr",5,5,1,"ok",NA,FALSE,NA,NA,"LUW","exclude_PUNCT_SYM",TRUE
"test-s364","mattr",5,5,NA,"missing","too_short_for_requested_parameter",TRUE,NA,NA,"LUW","exclude_PUNCT_SYM",TRUE
"test-s364","mtld",5,5,NA,"missing","no_factor",TRUE,NA,NA,"LUW","exclude_PUNCT_SYM",TRUE
"test-s365","ttr",14,12,0.857142857142857,"ok",NA,FALSE,NA,NA,"LUW","exclude_PUNCT_SYM",TRUE
"test-s365","mattr",14,12,NA,"missing","too_short_for_requested_parameter",TRUE,NA,NA,"LUW","exclude_PUNCT_SYM",TRUE
"test-s365","mtld",14,12,27.44,"ok",NA,TRUE,TRUE,0,"LUW","exclude_PUNCT_SYM",TRUE
"test-s366","ttr",47,37,0.787234042553192,"ok",NA,FALSE,NA,NA,"LUW","exclude_PUNCT_SYM",TRUE
"test-s366","mattr",47,37,NA,"missing","too_short_for_requested_parameter",TRUE,NA,NA,"LUW","exclude_PUNCT_SYM",TRUE
"test-s366","mtld",47,37,61.852,"ok",NA,TRUE,TRUE,0,"LUW","exclude_PUNCT_SYM",TRUE
"test-s367","ttr",14,13,0.928571428571429,"ok",NA,FALSE,NA,NA,"LUW","exclude_PUNCT_SYM",TRUE
"test-s367","mattr",14,13,NA,"missing","too_short_for_requested_parameter",TRUE,NA,NA,"LUW","exclude_PUNCT_SYM",TRUE
"test-s367","mtld",14,13,54.88,"ok",NA,TRUE,TRUE,0,"LUW","exclude_PUNCT_SYM",TRUE
"test-s368","ttr",18,15,0.833333333333333,"ok",NA,FALSE,NA,NA,"LUW","exclude_PUNCT_SYM",TRUE
"test-s368","mattr",18,15,NA,"missing","too_short_for_requested_parameter",TRUE,NA,NA,"LUW","exclude_PUNCT_SYM",TRUE
"test-s368","mtld",18,15,30.24,"ok",NA,TRUE,TRUE,0,"LUW","exclude_PUNCT_SYM",TRUE
"test-s369","ttr",3,3,1,"ok",NA,FALSE,NA,NA,"LUW","exclude_PUNCT_SYM",TRUE
"test-s369","mattr",3,3,NA,"missing","too_short_for_requested_parameter",TRUE,NA,NA,"LUW","exclude_PUNCT_SYM",TRUE
"test-s369","mtld",3,3,NA,"missing","no_factor",TRUE,NA,NA,"LUW","exclude_PUNCT_SYM",TRUE
"test-s370","ttr",18,16,0.888888888888889,"ok",NA,FALSE,NA,NA,"LUW","exclude_PUNCT_SYM",TRUE
"test-s370","mattr",18,16,NA,"missing","too_short_for_requested_parameter",TRUE,NA,NA,"LUW","exclude_PUNCT_SYM",TRUE
"test-s370","mtld",18,16,45.36,"ok",NA,TRUE,TRUE,0,"LUW","exclude_PUNCT_SYM",TRUE
"test-s371","ttr",42,28,0.666666666666667,"ok",NA,FALSE,NA,NA,"LUW","exclude_PUNCT_SYM",FALSE
"test-s371","mattr",42,28,NA,"missing","too_short_for_requested_parameter",TRUE,NA,NA,"LUW","exclude_PUNCT_SYM",FALSE
"test-s371","mtld",42,28,42,"ok",NA,TRUE,FALSE,0,"LUW","exclude_PUNCT_SYM",FALSE
"test-s372","ttr",3,3,1,"ok",NA,FALSE,NA,NA,"LUW","exclude_PUNCT_SYM",FALSE
"test-s372","mattr",3,3,NA,"missing","too_short_for_requested_parameter",TRUE,NA,NA,"LUW","exclude_PUNCT_SYM",FALSE
"test-s372","mtld",3,3,NA,"missing","no_factor",TRUE,NA,NA,"LUW","exclude_PUNCT_SYM",FALSE
"test-s373","ttr",3,3,1,"ok",NA,FALSE,NA,NA,"LUW","exclude_PUNCT_SYM",TRUE
"test-s373","mattr",3,3,NA,"missing","too_short_for_requested_parameter",TRUE,NA,NA,"LUW","exclude_PUNCT_SYM",TRUE
"test-s373","mtld",3,3,NA,"missing","no_factor",TRUE,NA,NA,"LUW","exclude_PUNCT_SYM",TRUE
"test-s374","ttr",16,15,0.9375,"ok",NA,FALSE,NA,NA,"LUW","exclude_PUNCT_SYM",TRUE
"test-s374","mattr",16,15,NA,"missing","too_short_for_requested_parameter",TRUE,NA,NA,"LUW","exclude_PUNCT_SYM",TRUE
"test-s374","mtld",16,15,71.68,"ok",NA,TRUE,TRUE,0,"LUW","exclude_PUNCT_SYM",TRUE
"test-s375","ttr",21,18,0.857142857142857,"ok",NA,FALSE,NA,NA,"LUW","exclude_PUNCT_SYM",TRUE
"test-s375","mattr",21,18,NA,"missing","too_short_for_requested_parameter",TRUE,NA,NA,"LUW","exclude_PUNCT_SYM",TRUE
"test-s375","mtld",21,18,41.16,"ok",NA,TRUE,TRUE,0,"LUW","exclude_PUNCT_SYM",TRUE
"test-s376","ttr",16,14,0.875,"ok",NA,FALSE,NA,NA,"LUW","exclude_PUNCT_SYM",TRUE
"test-s376","mattr",16,14,NA,"missing","too_short_for_requested_parameter",TRUE,NA,NA,"LUW","exclude_PUNCT_SYM",TRUE
"test-s376","mtld",16,14,35.84,"ok",NA,TRUE,TRUE,0,"LUW","exclude_PUNCT_SYM",TRUE
"test-s377","ttr",23,19,0.826086956521739,"ok",NA,FALSE,NA,NA,"LUW","exclude_PUNCT_SYM",TRUE
"test-s377","mattr",23,19,NA,"missing","too_short_for_requested_parameter",TRUE,NA,NA,"LUW","exclude_PUNCT_SYM",TRUE
"test-s377","mtld",23,19,37.03,"ok",NA,TRUE,TRUE,0,"LUW","exclude_PUNCT_SYM",TRUE
"test-s378","ttr",10,9,0.9,"ok",NA,FALSE,NA,NA,"LUW","exclude_PUNCT_SYM",FALSE
"test-s378","mattr",10,9,NA,"missing","too_short_for_requested_parameter",TRUE,NA,NA,"LUW","exclude_PUNCT_SYM",FALSE
"test-s378","mtld",10,9,28,"ok",NA,TRUE,TRUE,0,"LUW","exclude_PUNCT_SYM",FALSE
"test-s379","ttr",5,5,1,"ok",NA,FALSE,NA,NA,"LUW","exclude_PUNCT_SYM",TRUE
"test-s379","mattr",5,5,NA,"missing","too_short_for_requested_parameter",TRUE,NA,NA,"LUW","exclude_PUNCT_SYM",TRUE
"test-s379","mtld",5,5,NA,"missing","no_factor",TRUE,NA,NA,"LUW","exclude_PUNCT_SYM",TRUE
"test-s380","ttr",23,19,0.826086956521739,"ok",NA,FALSE,NA,NA,"LUW","exclude_PUNCT_SYM",TRUE
"test-s380","mattr",23,19,NA,"missing","too_short_for_requested_parameter",TRUE,NA,NA,"LUW","exclude_PUNCT_SYM",TRUE
"test-s380","mtld",23,19,37.03,"ok",NA,TRUE,TRUE,0,"LUW","exclude_PUNCT_SYM",TRUE
"test-s381","ttr",45,32,0.711111111111111,"ok",NA,FALSE,NA,NA,"LUW","exclude_PUNCT_SYM",TRUE
"test-s381","mattr",45,32,NA,"missing","too_short_for_requested_parameter",TRUE,NA,NA,"LUW","exclude_PUNCT_SYM",TRUE
"test-s381","mtld",45,32,37.3986486486486,"ok",NA,TRUE,FALSE,40.650406504065,"LUW","exclude_PUNCT_SYM",TRUE
"test-s382","ttr",7,6,0.857142857142857,"ok",NA,FALSE,NA,NA,"LUW","exclude_PUNCT_SYM",TRUE
"test-s382","mattr",7,6,NA,"missing","too_short_for_requested_parameter",TRUE,NA,NA,"LUW","exclude_PUNCT_SYM",TRUE
"test-s382","mtld",7,6,13.72,"ok",NA,TRUE,TRUE,0,"LUW","exclude_PUNCT_SYM",TRUE
"test-s383","ttr",21,19,0.904761904761905,"ok",NA,FALSE,NA,NA,"LUW","exclude_PUNCT_SYM",TRUE
"test-s383","mattr",21,19,NA,"missing","too_short_for_requested_parameter",TRUE,NA,NA,"LUW","exclude_PUNCT_SYM",TRUE
"test-s383","mtld",21,19,61.74,"ok",NA,TRUE,TRUE,0,"LUW","exclude_PUNCT_SYM",TRUE
"test-s384","ttr",18,16,0.888888888888889,"ok",NA,FALSE,NA,NA,"LUW","exclude_PUNCT_SYM",TRUE
"test-s384","mattr",18,16,NA,"missing","too_short_for_requested_parameter",TRUE,NA,NA,"LUW","exclude_PUNCT_SYM",TRUE
"test-s384","mtld",18,16,45.36,"ok",NA,TRUE,TRUE,0,"LUW","exclude_PUNCT_SYM",TRUE
"test-s385","ttr",11,10,0.909090909090909,"ok",NA,FALSE,NA,NA,"LUW","exclude_PUNCT_SYM",TRUE
"test-s385","mattr",11,10,NA,"missing","too_short_for_requested_parameter",TRUE,NA,NA,"LUW","exclude_PUNCT_SYM",TRUE
"test-s385","mtld",11,10,33.88,"ok",NA,TRUE,TRUE,0,"LUW","exclude_PUNCT_SYM",TRUE
"test-s386","ttr",35,28,0.8,"ok",NA,FALSE,NA,NA,"LUW","exclude_PUNCT_SYM",TRUE
"test-s386","mattr",35,28,NA,"missing","too_short_for_requested_parameter",TRUE,NA,NA,"LUW","exclude_PUNCT_SYM",TRUE
"test-s386","mtld",35,28,49,"ok",NA,TRUE,TRUE,0,"LUW","exclude_PUNCT_SYM",TRUE
"test-s387","ttr",4,4,1,"ok",NA,FALSE,NA,NA,"LUW","exclude_PUNCT_SYM",TRUE
"test-s387","mattr",4,4,NA,"missing","too_short_for_requested_parameter",TRUE,NA,NA,"LUW","exclude_PUNCT_SYM",TRUE
"test-s387","mtld",4,4,NA,"missing","no_factor",TRUE,NA,NA,"LUW","exclude_PUNCT_SYM",TRUE
"test-s388","ttr",26,22,0.846153846153846,"ok",NA,FALSE,NA,NA,"LUW","exclude_PUNCT_SYM",FALSE
"test-s388","mattr",26,22,NA,"missing","too_short_for_requested_parameter",TRUE,NA,NA,"LUW","exclude_PUNCT_SYM",FALSE
"test-s388","mtld",26,22,47.32,"ok",NA,TRUE,TRUE,0,"LUW","exclude_PUNCT_SYM",FALSE
"test-s389","ttr",15,14,0.933333333333333,"ok",NA,FALSE,NA,NA,"LUW","exclude_PUNCT_SYM",TRUE
"test-s389","mattr",15,14,NA,"missing","too_short_for_requested_parameter",TRUE,NA,NA,"LUW","exclude_PUNCT_SYM",TRUE
"test-s389","mtld",15,14,63,"ok",NA,TRUE,TRUE,0,"LUW","exclude_PUNCT_SYM",TRUE
"test-s390","ttr",19,19,1,"ok",NA,FALSE,NA,NA,"LUW","exclude_PUNCT_SYM",TRUE
"test-s390","mattr",19,19,NA,"missing","too_short_for_requested_parameter",TRUE,NA,NA,"LUW","exclude_PUNCT_SYM",TRUE
"test-s390","mtld",19,19,NA,"missing","no_factor",TRUE,NA,NA,"LUW","exclude_PUNCT_SYM",TRUE
"test-s392","ttr",21,18,0.857142857142857,"ok",NA,FALSE,NA,NA,"LUW","exclude_PUNCT_SYM",TRUE
"test-s392","mattr",21,18,NA,"missing","too_short_for_requested_parameter",TRUE,NA,NA,"LUW","exclude_PUNCT_SYM",TRUE
"test-s392","mtld",21,18,41.16,"ok",NA,TRUE,TRUE,0,"LUW","exclude_PUNCT_SYM",TRUE
"test-s393","ttr",34,30,0.88235294117647,"ok",NA,FALSE,NA,NA,"LUW","exclude_PUNCT_SYM",TRUE
"test-s393","mattr",34,30,NA,"missing","too_short_for_requested_parameter",TRUE,NA,NA,"LUW","exclude_PUNCT_SYM",TRUE
"test-s393","mtld",34,30,80.92,"ok",NA,TRUE,TRUE,0,"LUW","exclude_PUNCT_SYM",TRUE
"test-s394","ttr",23,22,0.956521739130435,"ok",NA,FALSE,NA,NA,"LUW","exclude_PUNCT_SYM",TRUE
"test-s394","mattr",23,22,NA,"missing","too_short_for_requested_parameter",TRUE,NA,NA,"LUW","exclude_PUNCT_SYM",TRUE
"test-s394","mtld",23,22,148.12,"ok",NA,TRUE,TRUE,0,"LUW","exclude_PUNCT_SYM",TRUE
"test-s395","ttr",15,14,0.933333333333333,"ok",NA,FALSE,NA,NA,"LUW","exclude_PUNCT_SYM",TRUE
"test-s395","mattr",15,14,NA,"missing","too_short_for_requested_parameter",TRUE,NA,NA,"LUW","exclude_PUNCT_SYM",TRUE
"test-s395","mtld",15,14,63,"ok",NA,TRUE,TRUE,0,"LUW","exclude_PUNCT_SYM",TRUE
"test-s396","ttr",19,17,0.894736842105263,"ok",NA,FALSE,NA,NA,"LUW","exclude_PUNCT_SYM",TRUE
"test-s396","mattr",19,17,NA,"missing","too_short_for_requested_parameter",TRUE,NA,NA,"LUW","exclude_PUNCT_SYM",TRUE
"test-s396","mtld",19,17,50.54,"ok",NA,TRUE,TRUE,0,"LUW","exclude_PUNCT_SYM",TRUE
"test-s397","ttr",8,8,1,"ok",NA,FALSE,NA,NA,"LUW","exclude_PUNCT_SYM",TRUE
"test-s397","mattr",8,8,NA,"missing","too_short_for_requested_parameter",TRUE,NA,NA,"LUW","exclude_PUNCT_SYM",TRUE
"test-s397","mtld",8,8,NA,"missing","no_factor",TRUE,NA,NA,"LUW","exclude_PUNCT_SYM",TRUE
"test-s398","ttr",33,27,0.818181818181818,"ok",NA,FALSE,NA,NA,"LUW","exclude_PUNCT_SYM",TRUE
"test-s398","mattr",33,27,NA,"missing","too_short_for_requested_parameter",TRUE,NA,NA,"LUW","exclude_PUNCT_SYM",TRUE
"test-s398","mtld",33,27,50.82,"ok",NA,TRUE,TRUE,0,"LUW","exclude_PUNCT_SYM",TRUE
"test-s399","ttr",36,27,0.75,"ok",NA,FALSE,NA,NA,"LUW","exclude_PUNCT_SYM",TRUE
"test-s399","mattr",36,27,NA,"missing","too_short_for_requested_parameter",TRUE,NA,NA,"LUW","exclude_PUNCT_SYM",TRUE
"test-s399","mtld",36,27,40.32,"ok",NA,TRUE,TRUE,0,"LUW","exclude_PUNCT_SYM",TRUE
"test-s400","ttr",20,18,0.9,"ok",NA,FALSE,NA,NA,"LUW","exclude_PUNCT_SYM",TRUE
"test-s400","mattr",20,18,NA,"missing","too_short_for_requested_parameter",TRUE,NA,NA,"LUW","exclude_PUNCT_SYM",TRUE
"test-s400","mtld",20,18,56,"ok",NA,TRUE,TRUE,0,"LUW","exclude_PUNCT_SYM",TRUE
"test-s401","ttr",8,8,1,"ok",NA,FALSE,NA,NA,"LUW","exclude_PUNCT_SYM",TRUE
"test-s401","mattr",8,8,NA,"missing","too_short_for_requested_parameter",TRUE,NA,NA,"LUW","exclude_PUNCT_SYM",TRUE
"test-s401","mtld",8,8,NA,"missing","no_factor",TRUE,NA,NA,"LUW","exclude_PUNCT_SYM",TRUE
"test-s402","ttr",16,16,1,"ok",NA,FALSE,NA,NA,"LUW","exclude_PUNCT_SYM",TRUE
"test-s402","mattr",16,16,NA,"missing","too_short_for_requested_parameter",TRUE,NA,NA,"LUW","exclude_PUNCT_SYM",TRUE
"test-s402","mtld",16,16,NA,"missing","no_factor",TRUE,NA,NA,"LUW","exclude_PUNCT_SYM",TRUE
"test-s403","ttr",16,15,0.9375,"ok",NA,FALSE,NA,NA,"LUW","exclude_PUNCT_SYM",TRUE
"test-s403","mattr",16,15,NA,"missing","too_short_for_requested_parameter",TRUE,NA,NA,"LUW","exclude_PUNCT_SYM",TRUE
"test-s403","mtld",16,15,71.68,"ok",NA,TRUE,TRUE,0,"LUW","exclude_PUNCT_SYM",TRUE
"test-s404","ttr",16,15,0.9375,"ok",NA,FALSE,NA,NA,"LUW","exclude_PUNCT_SYM",TRUE
"test-s404","mattr",16,15,NA,"missing","too_short_for_requested_parameter",TRUE,NA,NA,"LUW","exclude_PUNCT_SYM",TRUE
"test-s404","mtld",16,15,71.68,"ok",NA,TRUE,TRUE,0,"LUW","exclude_PUNCT_SYM",TRUE
"test-s405","ttr",46,31,0.673913043478261,"ok",NA,FALSE,NA,NA,"LUW","exclude_PUNCT_SYM",FALSE
"test-s405","mattr",46,31,NA,"missing","too_short_for_requested_parameter",TRUE,NA,NA,"LUW","exclude_PUNCT_SYM",FALSE
"test-s405","mtld",46,31,39.9473684210526,"ok",NA,TRUE,FALSE,30.3030303030303,"LUW","exclude_PUNCT_SYM",FALSE
"test-s406","ttr",35,28,0.8,"ok",NA,FALSE,NA,NA,"LUW","exclude_PUNCT_SYM",TRUE
"test-s406","mattr",35,28,NA,"missing","too_short_for_requested_parameter",TRUE,NA,NA,"LUW","exclude_PUNCT_SYM",TRUE
"test-s406","mtld",35,28,49,"ok",NA,TRUE,TRUE,0,"LUW","exclude_PUNCT_SYM",TRUE
"test-s407","ttr",11,11,1,"ok",NA,FALSE,NA,NA,"LUW","exclude_PUNCT_SYM",TRUE
"test-s407","mattr",11,11,NA,"missing","too_short_for_requested_parameter",TRUE,NA,NA,"LUW","exclude_PUNCT_SYM",TRUE
"test-s407","mtld",11,11,NA,"missing","no_factor",TRUE,NA,NA,"LUW","exclude_PUNCT_SYM",TRUE
"test-s408","ttr",18,17,0.944444444444444,"ok",NA,FALSE,NA,NA,"LUW","exclude_PUNCT_SYM",TRUE
"test-s408","mattr",18,17,NA,"missing","too_short_for_requested_parameter",TRUE,NA,NA,"LUW","exclude_PUNCT_SYM",TRUE
"test-s408","mtld",18,17,90.72,"ok",NA,TRUE,TRUE,0,"LUW","exclude_PUNCT_SYM",TRUE
"test-s409","ttr",18,17,0.944444444444444,"ok",NA,FALSE,NA,NA,"LUW","exclude_PUNCT_SYM",FALSE
"test-s409","mattr",18,17,NA,"missing","too_short_for_requested_parameter",TRUE,NA,NA,"LUW","exclude_PUNCT_SYM",FALSE
"test-s409","mtld",18,17,90.72,"ok",NA,TRUE,TRUE,0,"LUW","exclude_PUNCT_SYM",FALSE
"test-s410","ttr",9,9,1,"ok",NA,FALSE,NA,NA,"LUW","exclude_PUNCT_SYM",TRUE
"test-s410","mattr",9,9,NA,"missing","too_short_for_requested_parameter",TRUE,NA,NA,"LUW","exclude_PUNCT_SYM",TRUE
"test-s410","mtld",9,9,NA,"missing","no_factor",TRUE,NA,NA,"LUW","exclude_PUNCT_SYM",TRUE
"test-s411","ttr",42,32,0.761904761904762,"ok",NA,FALSE,NA,NA,"LUW","exclude_PUNCT_SYM",TRUE
"test-s411","mattr",42,32,NA,"missing","too_short_for_requested_parameter",TRUE,NA,NA,"LUW","exclude_PUNCT_SYM",TRUE
"test-s411","mtld",42,32,49.392,"ok",NA,TRUE,TRUE,0,"LUW","exclude_PUNCT_SYM",TRUE
"test-s412","ttr",36,27,0.75,"ok",NA,FALSE,NA,NA,"LUW","exclude_PUNCT_SYM",TRUE
"test-s412","mattr",36,27,NA,"missing","too_short_for_requested_parameter",TRUE,NA,NA,"LUW","exclude_PUNCT_SYM",TRUE
"test-s412","mtld",36,27,40.32,"ok",NA,TRUE,TRUE,0,"LUW","exclude_PUNCT_SYM",TRUE
"test-s413","ttr",9,9,1,"ok",NA,FALSE,NA,NA,"LUW","exclude_PUNCT_SYM",TRUE
"test-s413","mattr",9,9,NA,"missing","too_short_for_requested_parameter",TRUE,NA,NA,"LUW","exclude_PUNCT_SYM",TRUE
"test-s413","mtld",9,9,NA,"missing","no_factor",TRUE,NA,NA,"LUW","exclude_PUNCT_SYM",TRUE
"test-s414","ttr",5,5,1,"ok",NA,FALSE,NA,NA,"LUW","exclude_PUNCT_SYM",TRUE
"test-s414","mattr",5,5,NA,"missing","too_short_for_requested_parameter",TRUE,NA,NA,"LUW","exclude_PUNCT_SYM",TRUE
"test-s414","mtld",5,5,NA,"missing","no_factor",TRUE,NA,NA,"LUW","exclude_PUNCT_SYM",TRUE
"test-s415","ttr",17,17,1,"ok",NA,FALSE,NA,NA,"LUW","exclude_PUNCT_SYM",TRUE
"test-s415","mattr",17,17,NA,"missing","too_short_for_requested_parameter",TRUE,NA,NA,"LUW","exclude_PUNCT_SYM",TRUE
"test-s415","mtld",17,17,NA,"missing","no_factor",TRUE,NA,NA,"LUW","exclude_PUNCT_SYM",TRUE
"test-s416","ttr",15,15,1,"ok",NA,FALSE,NA,NA,"LUW","exclude_PUNCT_SYM",TRUE
"test-s416","mattr",15,15,NA,"missing","too_short_for_requested_parameter",TRUE,NA,NA,"LUW","exclude_PUNCT_SYM",TRUE
"test-s416","mtld",15,15,NA,"missing","no_factor",TRUE,NA,NA,"LUW","exclude_PUNCT_SYM",TRUE
"test-s418","ttr",6,6,1,"ok",NA,FALSE,NA,NA,"LUW","exclude_PUNCT_SYM",TRUE
"test-s418","mattr",6,6,NA,"missing","too_short_for_requested_parameter",TRUE,NA,NA,"LUW","exclude_PUNCT_SYM",TRUE
"test-s418","mtld",6,6,NA,"missing","no_factor",TRUE,NA,NA,"LUW","exclude_PUNCT_SYM",TRUE
"test-s419","ttr",12,12,1,"ok",NA,FALSE,NA,NA,"LUW","exclude_PUNCT_SYM",TRUE
"test-s419","mattr",12,12,NA,"missing","too_short_for_requested_parameter",TRUE,NA,NA,"LUW","exclude_PUNCT_SYM",TRUE
"test-s419","mtld",12,12,NA,"missing","no_factor",TRUE,NA,NA,"LUW","exclude_PUNCT_SYM",TRUE
"test-s420","ttr",15,13,0.866666666666667,"ok",NA,FALSE,NA,NA,"LUW","exclude_PUNCT_SYM",TRUE
"test-s420","mattr",15,13,NA,"missing","too_short_for_requested_parameter",TRUE,NA,NA,"LUW","exclude_PUNCT_SYM",TRUE
"test-s420","mtld",15,13,31.5,"ok",NA,TRUE,TRUE,0,"LUW","exclude_PUNCT_SYM",TRUE
"test-s421","ttr",1,1,1,"ok",NA,FALSE,NA,NA,"LUW","exclude_PUNCT_SYM",TRUE
"test-s421","mattr",1,1,NA,"missing","too_short_for_requested_parameter",TRUE,NA,NA,"LUW","exclude_PUNCT_SYM",TRUE
"test-s421","mtld",1,1,NA,"missing","no_factor",TRUE,NA,NA,"LUW","exclude_PUNCT_SYM",TRUE
"test-s422","ttr",27,21,0.777777777777778,"ok",NA,FALSE,NA,NA,"LUW","exclude_PUNCT_SYM",TRUE
"test-s422","mattr",27,21,NA,"missing","too_short_for_requested_parameter",TRUE,NA,NA,"LUW","exclude_PUNCT_SYM",TRUE
"test-s422","mtld",27,21,34.02,"ok",NA,TRUE,TRUE,0,"LUW","exclude_PUNCT_SYM",TRUE
"test-s423","ttr",9,8,0.888888888888889,"ok",NA,FALSE,NA,NA,"LUW","exclude_PUNCT_SYM",TRUE
"test-s423","mattr",9,8,NA,"missing","too_short_for_requested_parameter",TRUE,NA,NA,"LUW","exclude_PUNCT_SYM",TRUE
"test-s423","mtld",9,8,22.68,"ok",NA,TRUE,TRUE,0,"LUW","exclude_PUNCT_SYM",TRUE
"test-s424","ttr",9,9,1,"ok",NA,FALSE,NA,NA,"LUW","exclude_PUNCT_SYM",FALSE
"test-s424","mattr",9,9,NA,"missing","too_short_for_requested_parameter",TRUE,NA,NA,"LUW","exclude_PUNCT_SYM",FALSE
"test-s424","mtld",9,9,NA,"missing","no_factor",TRUE,NA,NA,"LUW","exclude_PUNCT_SYM",FALSE
"test-s425","ttr",20,17,0.85,"ok",NA,FALSE,NA,NA,"LUW","exclude_PUNCT_SYM",FALSE
"test-s425","mattr",20,17,NA,"missing","too_short_for_requested_parameter",TRUE,NA,NA,"LUW","exclude_PUNCT_SYM",FALSE
"test-s425","mtld",20,17,37.3333333333333,"ok",NA,TRUE,TRUE,0,"LUW","exclude_PUNCT_SYM",FALSE
"test-s426","ttr",13,11,0.846153846153846,"ok",NA,FALSE,NA,NA,"LUW","exclude_PUNCT_SYM",TRUE
"test-s426","mattr",13,11,NA,"missing","too_short_for_requested_parameter",TRUE,NA,NA,"LUW","exclude_PUNCT_SYM",TRUE
"test-s426","mtld",13,11,23.66,"ok",NA,TRUE,TRUE,0,"LUW","exclude_PUNCT_SYM",TRUE
"test-s427","ttr",19,17,0.894736842105263,"ok",NA,FALSE,NA,NA,"LUW","exclude_PUNCT_SYM",TRUE
"test-s427","mattr",19,17,NA,"missing","too_short_for_requested_parameter",TRUE,NA,NA,"LUW","exclude_PUNCT_SYM",TRUE
"test-s427","mtld",19,17,50.54,"ok",NA,TRUE,TRUE,0,"LUW","exclude_PUNCT_SYM",TRUE
"test-s428","ttr",1,1,1,"ok",NA,FALSE,NA,NA,"LUW","exclude_PUNCT_SYM",TRUE
"test-s428","mattr",1,1,NA,"missing","too_short_for_requested_parameter",TRUE,NA,NA,"LUW","exclude_PUNCT_SYM",TRUE
"test-s428","mtld",1,1,NA,"missing","no_factor",TRUE,NA,NA,"LUW","exclude_PUNCT_SYM",TRUE
"test-s429","ttr",15,15,1,"ok",NA,FALSE,NA,NA,"LUW","exclude_PUNCT_SYM",FALSE
"test-s429","mattr",15,15,NA,"missing","too_short_for_requested_parameter",TRUE,NA,NA,"LUW","exclude_PUNCT_SYM",FALSE
"test-s429","mtld",15,15,NA,"missing","no_factor",TRUE,NA,NA,"LUW","exclude_PUNCT_SYM",FALSE
"test-s430","ttr",14,14,1,"ok",NA,FALSE,NA,NA,"LUW","exclude_PUNCT_SYM",TRUE
"test-s430","mattr",14,14,NA,"missing","too_short_for_requested_parameter",TRUE,NA,NA,"LUW","exclude_PUNCT_SYM",TRUE
"test-s430","mtld",14,14,NA,"missing","no_factor",TRUE,NA,NA,"LUW","exclude_PUNCT_SYM",TRUE
"test-s431","ttr",33,26,0.787878787878788,"ok",NA,FALSE,NA,NA,"LUW","exclude_PUNCT_SYM",TRUE
"test-s431","mattr",33,26,NA,"missing","too_short_for_requested_parameter",TRUE,NA,NA,"LUW","exclude_PUNCT_SYM",TRUE
"test-s431","mtld",33,26,43.56,"ok",NA,TRUE,TRUE,0,"LUW","exclude_PUNCT_SYM",TRUE
"test-s432","ttr",11,10,0.909090909090909,"ok",NA,FALSE,NA,NA,"LUW","exclude_PUNCT_SYM",TRUE
"test-s432","mattr",11,10,NA,"missing","too_short_for_requested_parameter",TRUE,NA,NA,"LUW","exclude_PUNCT_SYM",TRUE
"test-s432","mtld",11,10,33.88,"ok",NA,TRUE,TRUE,0,"LUW","exclude_PUNCT_SYM",TRUE
"test-s433","ttr",20,19,0.95,"ok",NA,FALSE,NA,NA,"LUW","exclude_PUNCT_SYM",TRUE
"test-s433","mattr",20,19,NA,"missing","too_short_for_requested_parameter",TRUE,NA,NA,"LUW","exclude_PUNCT_SYM",TRUE
"test-s433","mtld",20,19,112,"ok",NA,TRUE,TRUE,0,"LUW","exclude_PUNCT_SYM",TRUE
"test-s434","ttr",7,7,1,"ok",NA,FALSE,NA,NA,"LUW","exclude_PUNCT_SYM",TRUE
"test-s434","mattr",7,7,NA,"missing","too_short_for_requested_parameter",TRUE,NA,NA,"LUW","exclude_PUNCT_SYM",TRUE
"test-s434","mtld",7,7,NA,"missing","no_factor",TRUE,NA,NA,"LUW","exclude_PUNCT_SYM",TRUE
"test-s435","ttr",9,9,1,"ok",NA,FALSE,NA,NA,"LUW","exclude_PUNCT_SYM",TRUE
"test-s435","mattr",9,9,NA,"missing","too_short_for_requested_parameter",TRUE,NA,NA,"LUW","exclude_PUNCT_SYM",TRUE
"test-s435","mtld",9,9,NA,"missing","no_factor",TRUE,NA,NA,"LUW","exclude_PUNCT_SYM",TRUE
"test-s436","ttr",29,23,0.793103448275862,"ok",NA,FALSE,NA,NA,"LUW","exclude_PUNCT_SYM",TRUE
"test-s436","mattr",29,23,NA,"missing","too_short_for_requested_parameter",TRUE,NA,NA,"LUW","exclude_PUNCT_SYM",TRUE
"test-s436","mtld",29,23,39.2466666666667,"ok",NA,TRUE,TRUE,0,"LUW","exclude_PUNCT_SYM",TRUE
"test-s437","ttr",21,19,0.904761904761905,"ok",NA,FALSE,NA,NA,"LUW","exclude_PUNCT_SYM",TRUE
"test-s437","mattr",21,19,NA,"missing","too_short_for_requested_parameter",TRUE,NA,NA,"LUW","exclude_PUNCT_SYM",TRUE
"test-s437","mtld",21,19,61.74,"ok",NA,TRUE,TRUE,0,"LUW","exclude_PUNCT_SYM",TRUE
"test-s438","ttr",2,2,1,"ok",NA,FALSE,NA,NA,"LUW","exclude_PUNCT_SYM",TRUE
"test-s438","mattr",2,2,NA,"missing","too_short_for_requested_parameter",TRUE,NA,NA,"LUW","exclude_PUNCT_SYM",TRUE
"test-s438","mtld",2,2,NA,"missing","no_factor",TRUE,NA,NA,"LUW","exclude_PUNCT_SYM",TRUE
"test-s439","ttr",8,7,0.875,"ok",NA,FALSE,NA,NA,"LUW","exclude_PUNCT_SYM",TRUE
"test-s439","mattr",8,7,NA,"missing","too_short_for_requested_parameter",TRUE,NA,NA,"LUW","exclude_PUNCT_SYM",TRUE
"test-s439","mtld",8,7,17.92,"ok",NA,TRUE,TRUE,0,"LUW","exclude_PUNCT_SYM",TRUE
"test-s440","ttr",24,19,0.791666666666667,"ok",NA,FALSE,NA,NA,"LUW","exclude_PUNCT_SYM",TRUE
"test-s440","mattr",24,19,NA,"missing","too_short_for_requested_parameter",TRUE,NA,NA,"LUW","exclude_PUNCT_SYM",TRUE
"test-s440","mtld",24,19,32.256,"ok",NA,TRUE,TRUE,0,"LUW","exclude_PUNCT_SYM",TRUE
"test-s441","ttr",25,25,1,"ok",NA,FALSE,NA,NA,"LUW","exclude_PUNCT_SYM",TRUE
"test-s441","mattr",25,25,NA,"missing","too_short_for_requested_parameter",TRUE,NA,NA,"LUW","exclude_PUNCT_SYM",TRUE
"test-s441","mtld",25,25,NA,"missing","no_factor",TRUE,NA,NA,"LUW","exclude_PUNCT_SYM",TRUE
"test-s442","ttr",20,17,0.85,"ok",NA,FALSE,NA,NA,"LUW","exclude_PUNCT_SYM",TRUE
"test-s442","mattr",20,17,NA,"missing","too_short_for_requested_parameter",TRUE,NA,NA,"LUW","exclude_PUNCT_SYM",TRUE
"test-s442","mtld",20,17,37.3333333333333,"ok",NA,TRUE,TRUE,0,"LUW","exclude_PUNCT_SYM",TRUE
"test-s443","ttr",16,14,0.875,"ok",NA,FALSE,NA,NA,"LUW","exclude_PUNCT_SYM",FALSE
"test-s443","mattr",16,14,NA,"missing","too_short_for_requested_parameter",TRUE,NA,NA,"LUW","exclude_PUNCT_SYM",FALSE
"test-s443","mtld",16,14,35.84,"ok",NA,TRUE,TRUE,0,"LUW","exclude_PUNCT_SYM",FALSE
"test-s444","ttr",32,28,0.875,"ok",NA,FALSE,NA,NA,"LUW","exclude_PUNCT_SYM",FALSE
"test-s444","mattr",32,28,NA,"missing","too_short_for_requested_parameter",TRUE,NA,NA,"LUW","exclude_PUNCT_SYM",FALSE
"test-s444","mtld",32,28,71.68,"ok",NA,TRUE,TRUE,0,"LUW","exclude_PUNCT_SYM",FALSE
"test-s445","ttr",3,3,1,"ok",NA,FALSE,NA,NA,"LUW","exclude_PUNCT_SYM",TRUE
"test-s445","mattr",3,3,NA,"missing","too_short_for_requested_parameter",TRUE,NA,NA,"LUW","exclude_PUNCT_SYM",TRUE
"test-s445","mtld",3,3,NA,"missing","no_factor",TRUE,NA,NA,"LUW","exclude_PUNCT_SYM",TRUE
"test-s446","ttr",7,7,1,"ok",NA,FALSE,NA,NA,"LUW","exclude_PUNCT_SYM",TRUE
"test-s446","mattr",7,7,NA,"missing","too_short_for_requested_parameter",TRUE,NA,NA,"LUW","exclude_PUNCT_SYM",TRUE
"test-s446","mtld",7,7,NA,"missing","no_factor",TRUE,NA,NA,"LUW","exclude_PUNCT_SYM",TRUE
"test-s447","ttr",10,8,0.8,"ok",NA,FALSE,NA,NA,"LUW","exclude_PUNCT_SYM",TRUE
"test-s447","mattr",10,8,NA,"missing","too_short_for_requested_parameter",TRUE,NA,NA,"LUW","exclude_PUNCT_SYM",TRUE
"test-s447","mtld",10,8,14,"ok",NA,TRUE,TRUE,0,"LUW","exclude_PUNCT_SYM",TRUE
"test-s448","ttr",4,4,1,"ok",NA,FALSE,NA,NA,"LUW","exclude_PUNCT_SYM",TRUE
"test-s448","mattr",4,4,NA,"missing","too_short_for_requested_parameter",TRUE,NA,NA,"LUW","exclude_PUNCT_SYM",TRUE
"test-s448","mtld",4,4,NA,"missing","no_factor",TRUE,NA,NA,"LUW","exclude_PUNCT_SYM",TRUE
"test-s449","ttr",23,22,0.956521739130435,"ok",NA,FALSE,NA,NA,"LUW","exclude_PUNCT_SYM",TRUE
"test-s449","mattr",23,22,NA,"missing","too_short_for_requested_parameter",TRUE,NA,NA,"LUW","exclude_PUNCT_SYM",TRUE
"test-s449","mtld",23,22,148.12,"ok",NA,TRUE,TRUE,0,"LUW","exclude_PUNCT_SYM",TRUE
"test-s450","ttr",5,5,1,"ok",NA,FALSE,NA,NA,"LUW","exclude_PUNCT_SYM",TRUE
"test-s450","mattr",5,5,NA,"missing","too_short_for_requested_parameter",TRUE,NA,NA,"LUW","exclude_PUNCT_SYM",TRUE
"test-s450","mtld",5,5,NA,"missing","no_factor",TRUE,NA,NA,"LUW","exclude_PUNCT_SYM",TRUE
"test-s451","ttr",5,4,0.8,"ok",NA,FALSE,NA,NA,"LUW","exclude_PUNCT_SYM",TRUE
"test-s451","mattr",5,4,NA,"missing","too_short_for_requested_parameter",TRUE,NA,NA,"LUW","exclude_PUNCT_SYM",TRUE
"test-s451","mtld",5,4,7,"ok",NA,TRUE,TRUE,0,"LUW","exclude_PUNCT_SYM",TRUE
"test-s452","ttr",9,8,0.888888888888889,"ok",NA,FALSE,NA,NA,"LUW","exclude_PUNCT_SYM",TRUE
"test-s452","mattr",9,8,NA,"missing","too_short_for_requested_parameter",TRUE,NA,NA,"LUW","exclude_PUNCT_SYM",TRUE
"test-s452","mtld",9,8,22.68,"ok",NA,TRUE,TRUE,0,"LUW","exclude_PUNCT_SYM",TRUE
"test-s453","ttr",19,17,0.894736842105263,"ok",NA,FALSE,NA,NA,"LUW","exclude_PUNCT_SYM",TRUE
"test-s453","mattr",19,17,NA,"missing","too_short_for_requested_parameter",TRUE,NA,NA,"LUW","exclude_PUNCT_SYM",TRUE
"test-s453","mtld",19,17,50.54,"ok",NA,TRUE,TRUE,0,"LUW","exclude_PUNCT_SYM",TRUE
"test-s454","ttr",7,7,1,"ok",NA,FALSE,NA,NA,"LUW","exclude_PUNCT_SYM",FALSE
"test-s454","mattr",7,7,NA,"missing","too_short_for_requested_parameter",TRUE,NA,NA,"LUW","exclude_PUNCT_SYM",FALSE
"test-s454","mtld",7,7,NA,"missing","no_factor",TRUE,NA,NA,"LUW","exclude_PUNCT_SYM",FALSE
"test-s455","ttr",9,9,1,"ok",NA,FALSE,NA,NA,"LUW","exclude_PUNCT_SYM",TRUE
"test-s455","mattr",9,9,NA,"missing","too_short_for_requested_parameter",TRUE,NA,NA,"LUW","exclude_PUNCT_SYM",TRUE
"test-s455","mtld",9,9,NA,"missing","no_factor",TRUE,NA,NA,"LUW","exclude_PUNCT_SYM",TRUE
"test-s456","ttr",13,13,1,"ok",NA,FALSE,NA,NA,"LUW","exclude_PUNCT_SYM",TRUE
"test-s456","mattr",13,13,NA,"missing","too_short_for_requested_parameter",TRUE,NA,NA,"LUW","exclude_PUNCT_SYM",TRUE
"test-s456","mtld",13,13,NA,"missing","no_factor",TRUE,NA,NA,"LUW","exclude_PUNCT_SYM",TRUE
"test-s457","ttr",31,26,0.838709677419355,"ok",NA,FALSE,NA,NA,"LUW","exclude_PUNCT_SYM",TRUE
"test-s457","mattr",31,26,NA,"missing","too_short_for_requested_parameter",TRUE,NA,NA,"LUW","exclude_PUNCT_SYM",TRUE
"test-s457","mtld",31,26,53.816,"ok",NA,TRUE,TRUE,0,"LUW","exclude_PUNCT_SYM",TRUE
"test-s458","ttr",4,4,1,"ok",NA,FALSE,NA,NA,"LUW","exclude_PUNCT_SYM",TRUE
"test-s458","mattr",4,4,NA,"missing","too_short_for_requested_parameter",TRUE,NA,NA,"LUW","exclude_PUNCT_SYM",TRUE
"test-s458","mtld",4,4,NA,"missing","no_factor",TRUE,NA,NA,"LUW","exclude_PUNCT_SYM",TRUE
"test-s459","ttr",13,13,1,"ok",NA,FALSE,NA,NA,"LUW","exclude_PUNCT_SYM",FALSE
"test-s459","mattr",13,13,NA,"missing","too_short_for_requested_parameter",TRUE,NA,NA,"LUW","exclude_PUNCT_SYM",FALSE
"test-s459","mtld",13,13,NA,"missing","no_factor",TRUE,NA,NA,"LUW","exclude_PUNCT_SYM",FALSE
"test-s460","ttr",47,33,0.702127659574468,"ok",NA,FALSE,NA,NA,"LUW","exclude_PUNCT_SYM",TRUE
"test-s460","mattr",47,33,NA,"missing","too_short_for_requested_parameter",TRUE,NA,NA,"LUW","exclude_PUNCT_SYM",TRUE
"test-s460","mtld",47,33,47,"ok",NA,TRUE,FALSE,0,"LUW","exclude_PUNCT_SYM",TRUE
"test-s461","ttr",38,30,0.789473684210526,"ok",NA,FALSE,NA,NA,"LUW","exclude_PUNCT_SYM",TRUE
"test-s461","mattr",38,30,NA,"missing","too_short_for_requested_parameter",TRUE,NA,NA,"LUW","exclude_PUNCT_SYM",TRUE
"test-s461","mtld",38,30,50.54,"ok",NA,TRUE,TRUE,0,"LUW","exclude_PUNCT_SYM",TRUE
"test-s462","ttr",90,65,0.722222222222222,"ok",NA,FALSE,NA,NA,"LUW","exclude_PUNCT_SYM",TRUE
"test-s462","mattr",90,65,0.796585365853659,"ok",NA,FALSE,NA,NA,"LUW","exclude_PUNCT_SYM",TRUE
"test-s462","mtld",90,65,90,"ok",NA,FALSE,FALSE,0,"LUW","exclude_PUNCT_SYM",TRUE
"test-s463","ttr",24,21,0.875,"ok",NA,FALSE,NA,NA,"LUW","exclude_PUNCT_SYM",TRUE
"test-s463","mattr",24,21,NA,"missing","too_short_for_requested_parameter",TRUE,NA,NA,"LUW","exclude_PUNCT_SYM",TRUE
"test-s463","mtld",24,21,53.76,"ok",NA,TRUE,TRUE,0,"LUW","exclude_PUNCT_SYM",TRUE
"test-s464","ttr",19,16,0.842105263157895,"ok",NA,FALSE,NA,NA,"LUW","exclude_PUNCT_SYM",TRUE
"test-s464","mattr",19,16,NA,"missing","too_short_for_requested_parameter",TRUE,NA,NA,"LUW","exclude_PUNCT_SYM",TRUE
"test-s464","mtld",19,16,33.6933333333333,"ok",NA,TRUE,TRUE,0,"LUW","exclude_PUNCT_SYM",TRUE
"test-s465","ttr",13,11,0.846153846153846,"ok",NA,FALSE,NA,NA,"LUW","exclude_PUNCT_SYM",TRUE
"test-s465","mattr",13,11,NA,"missing","too_short_for_requested_parameter",TRUE,NA,NA,"LUW","exclude_PUNCT_SYM",TRUE
"test-s465","mtld",13,11,23.66,"ok",NA,TRUE,TRUE,0,"LUW","exclude_PUNCT_SYM",TRUE
"test-s466","ttr",24,19,0.791666666666667,"ok",NA,FALSE,NA,NA,"LUW","exclude_PUNCT_SYM",TRUE
"test-s466","mattr",24,19,NA,"missing","too_short_for_requested_parameter",TRUE,NA,NA,"LUW","exclude_PUNCT_SYM",TRUE
"test-s466","mtld",24,19,32.256,"ok",NA,TRUE,TRUE,0,"LUW","exclude_PUNCT_SYM",TRUE
"test-s467","ttr",18,16,0.888888888888889,"ok",NA,FALSE,NA,NA,"LUW","exclude_PUNCT_SYM",TRUE
"test-s467","mattr",18,16,NA,"missing","too_short_for_requested_parameter",TRUE,NA,NA,"LUW","exclude_PUNCT_SYM",TRUE
"test-s467","mtld",18,16,45.36,"ok",NA,TRUE,TRUE,0,"LUW","exclude_PUNCT_SYM",TRUE
"test-s468","ttr",15,15,1,"ok",NA,FALSE,NA,NA,"LUW","exclude_PUNCT_SYM",FALSE
"test-s468","mattr",15,15,NA,"missing","too_short_for_requested_parameter",TRUE,NA,NA,"LUW","exclude_PUNCT_SYM",FALSE
"test-s468","mtld",15,15,NA,"missing","no_factor",TRUE,NA,NA,"LUW","exclude_PUNCT_SYM",FALSE
"test-s469","ttr",17,15,0.88235294117647,"ok",NA,FALSE,NA,NA,"LUW","exclude_PUNCT_SYM",TRUE
"test-s469","mattr",17,15,NA,"missing","too_short_for_requested_parameter",TRUE,NA,NA,"LUW","exclude_PUNCT_SYM",TRUE
"test-s469","mtld",17,15,40.46,"ok",NA,TRUE,TRUE,0,"LUW","exclude_PUNCT_SYM",TRUE
"test-s470","ttr",10,10,1,"ok",NA,FALSE,NA,NA,"LUW","exclude_PUNCT_SYM",FALSE
"test-s470","mattr",10,10,NA,"missing","too_short_for_requested_parameter",TRUE,NA,NA,"LUW","exclude_PUNCT_SYM",FALSE
"test-s470","mtld",10,10,NA,"missing","no_factor",TRUE,NA,NA,"LUW","exclude_PUNCT_SYM",FALSE
"test-s471","ttr",9,9,1,"ok",NA,FALSE,NA,NA,"LUW","exclude_PUNCT_SYM",TRUE
"test-s471","mattr",9,9,NA,"missing","too_short_for_requested_parameter",TRUE,NA,NA,"LUW","exclude_PUNCT_SYM",TRUE
"test-s471","mtld",9,9,NA,"missing","no_factor",TRUE,NA,NA,"LUW","exclude_PUNCT_SYM",TRUE
"test-s472","ttr",13,11,0.846153846153846,"ok",NA,FALSE,NA,NA,"LUW","exclude_PUNCT_SYM",TRUE
"test-s472","mattr",13,11,NA,"missing","too_short_for_requested_parameter",TRUE,NA,NA,"LUW","exclude_PUNCT_SYM",TRUE
"test-s472","mtld",13,11,23.66,"ok",NA,TRUE,TRUE,0,"LUW","exclude_PUNCT_SYM",TRUE
"test-s473","ttr",3,3,1,"ok",NA,FALSE,NA,NA,"LUW","exclude_PUNCT_SYM",TRUE
"test-s473","mattr",3,3,NA,"missing","too_short_for_requested_parameter",TRUE,NA,NA,"LUW","exclude_PUNCT_SYM",TRUE
"test-s473","mtld",3,3,NA,"missing","no_factor",TRUE,NA,NA,"LUW","exclude_PUNCT_SYM",TRUE
"test-s474","ttr",26,21,0.807692307692308,"ok",NA,FALSE,NA,NA,"LUW","exclude_PUNCT_SYM",TRUE
"test-s474","mattr",26,21,NA,"missing","too_short_for_requested_parameter",TRUE,NA,NA,"LUW","exclude_PUNCT_SYM",TRUE
"test-s474","mtld",26,21,37.856,"ok",NA,TRUE,TRUE,0,"LUW","exclude_PUNCT_SYM",TRUE
"test-s475","ttr",28,24,0.857142857142857,"ok",NA,FALSE,NA,NA,"LUW","exclude_PUNCT_SYM",FALSE
"test-s475","mattr",28,24,NA,"missing","too_short_for_requested_parameter",TRUE,NA,NA,"LUW","exclude_PUNCT_SYM",FALSE
"test-s475","mtld",28,24,54.88,"ok",NA,TRUE,TRUE,0,"LUW","exclude_PUNCT_SYM",FALSE
"test-s476","ttr",19,17,0.894736842105263,"ok",NA,FALSE,NA,NA,"LUW","exclude_PUNCT_SYM",TRUE
"test-s476","mattr",19,17,NA,"missing","too_short_for_requested_parameter",TRUE,NA,NA,"LUW","exclude_PUNCT_SYM",TRUE
"test-s476","mtld",19,17,50.54,"ok",NA,TRUE,TRUE,0,"LUW","exclude_PUNCT_SYM",TRUE
"test-s477","ttr",15,14,0.933333333333333,"ok",NA,FALSE,NA,NA,"LUW","exclude_PUNCT_SYM",TRUE
"test-s477","mattr",15,14,NA,"missing","too_short_for_requested_parameter",TRUE,NA,NA,"LUW","exclude_PUNCT_SYM",TRUE
"test-s477","mtld",15,14,63,"ok",NA,TRUE,TRUE,0,"LUW","exclude_PUNCT_SYM",TRUE
"test-s478","ttr",3,3,1,"ok",NA,FALSE,NA,NA,"LUW","exclude_PUNCT_SYM",TRUE
"test-s478","mattr",3,3,NA,"missing","too_short_for_requested_parameter",TRUE,NA,NA,"LUW","exclude_PUNCT_SYM",TRUE
"test-s478","mtld",3,3,NA,"missing","no_factor",TRUE,NA,NA,"LUW","exclude_PUNCT_SYM",TRUE
"test-s479","ttr",48,38,0.791666666666667,"ok",NA,FALSE,NA,NA,"LUW","exclude_PUNCT_SYM",TRUE
"test-s479","mattr",48,38,NA,"missing","too_short_for_requested_parameter",TRUE,NA,NA,"LUW","exclude_PUNCT_SYM",TRUE
"test-s479","mtld",48,38,64.512,"ok",NA,TRUE,TRUE,0,"LUW","exclude_PUNCT_SYM",TRUE
"test-s480","ttr",4,4,1,"ok",NA,FALSE,NA,NA,"LUW","exclude_PUNCT_SYM",TRUE
"test-s480","mattr",4,4,NA,"missing","too_short_for_requested_parameter",TRUE,NA,NA,"LUW","exclude_PUNCT_SYM",TRUE
"test-s480","mtld",4,4,NA,"missing","no_factor",TRUE,NA,NA,"LUW","exclude_PUNCT_SYM",TRUE
"test-s481","ttr",31,27,0.870967741935484,"ok",NA,FALSE,NA,NA,"LUW","exclude_PUNCT_SYM",TRUE
"test-s481","mattr",31,27,NA,"missing","too_short_for_requested_parameter",TRUE,NA,NA,"LUW","exclude_PUNCT_SYM",TRUE
"test-s481","mtld",31,27,67.27,"ok",NA,TRUE,TRUE,0,"LUW","exclude_PUNCT_SYM",TRUE
"test-s482","ttr",19,17,0.894736842105263,"ok",NA,FALSE,NA,NA,"LUW","exclude_PUNCT_SYM",TRUE
"test-s482","mattr",19,17,NA,"missing","too_short_for_requested_parameter",TRUE,NA,NA,"LUW","exclude_PUNCT_SYM",TRUE
"test-s482","mtld",19,17,50.54,"ok",NA,TRUE,TRUE,0,"LUW","exclude_PUNCT_SYM",TRUE
"test-s483","ttr",15,14,0.933333333333333,"ok",NA,FALSE,NA,NA,"LUW","exclude_PUNCT_SYM",TRUE
"test-s483","mattr",15,14,NA,"missing","too_short_for_requested_parameter",TRUE,NA,NA,"LUW","exclude_PUNCT_SYM",TRUE
"test-s483","mtld",15,14,63,"ok",NA,TRUE,TRUE,0,"LUW","exclude_PUNCT_SYM",TRUE
"test-s484","ttr",18,18,1,"ok",NA,FALSE,NA,NA,"LUW","exclude_PUNCT_SYM",TRUE
"test-s484","mattr",18,18,NA,"missing","too_short_for_requested_parameter",TRUE,NA,NA,"LUW","exclude_PUNCT_SYM",TRUE
"test-s484","mtld",18,18,NA,"missing","no_factor",TRUE,NA,NA,"LUW","exclude_PUNCT_SYM",TRUE
"test-s485","ttr",31,25,0.806451612903226,"ok",NA,FALSE,NA,NA,"LUW","exclude_PUNCT_SYM",TRUE
"test-s485","mattr",31,25,NA,"missing","too_short_for_requested_parameter",TRUE,NA,NA,"LUW","exclude_PUNCT_SYM",TRUE
"test-s485","mtld",31,25,44.8466666666667,"ok",NA,TRUE,TRUE,0,"LUW","exclude_PUNCT_SYM",TRUE
"test-s486","ttr",21,20,0.952380952380952,"ok",NA,FALSE,NA,NA,"LUW","exclude_PUNCT_SYM",TRUE
"test-s486","mattr",21,20,NA,"missing","too_short_for_requested_parameter",TRUE,NA,NA,"LUW","exclude_PUNCT_SYM",TRUE
"test-s486","mtld",21,20,123.48,"ok",NA,TRUE,TRUE,0,"LUW","exclude_PUNCT_SYM",TRUE
"test-s487","ttr",16,15,0.9375,"ok",NA,FALSE,NA,NA,"LUW","exclude_PUNCT_SYM",TRUE
"test-s487","mattr",16,15,NA,"missing","too_short_for_requested_parameter",TRUE,NA,NA,"LUW","exclude_PUNCT_SYM",TRUE
"test-s487","mtld",16,15,71.68,"ok",NA,TRUE,TRUE,0,"LUW","exclude_PUNCT_SYM",TRUE
"test-s488","ttr",21,17,0.80952380952381,"ok",NA,FALSE,NA,NA,"LUW","exclude_PUNCT_SYM",TRUE
"test-s488","mattr",21,17,NA,"missing","too_short_for_requested_parameter",TRUE,NA,NA,"LUW","exclude_PUNCT_SYM",TRUE
"test-s488","mtld",21,17,30.87,"ok",NA,TRUE,TRUE,0,"LUW","exclude_PUNCT_SYM",TRUE
"test-s489","ttr",14,14,1,"ok",NA,FALSE,NA,NA,"LUW","exclude_PUNCT_SYM",TRUE
"test-s489","mattr",14,14,NA,"missing","too_short_for_requested_parameter",TRUE,NA,NA,"LUW","exclude_PUNCT_SYM",TRUE
"test-s489","mtld",14,14,NA,"missing","no_factor",TRUE,NA,NA,"LUW","exclude_PUNCT_SYM",TRUE
"test-s490","ttr",20,19,0.95,"ok",NA,FALSE,NA,NA,"LUW","exclude_PUNCT_SYM",TRUE
"test-s490","mattr",20,19,NA,"missing","too_short_for_requested_parameter",TRUE,NA,NA,"LUW","exclude_PUNCT_SYM",TRUE
"test-s490","mtld",20,19,112,"ok",NA,TRUE,TRUE,0,"LUW","exclude_PUNCT_SYM",TRUE
"test-s491","ttr",5,5,1,"ok",NA,FALSE,NA,NA,"LUW","exclude_PUNCT_SYM",TRUE
"test-s491","mattr",5,5,NA,"missing","too_short_for_requested_parameter",TRUE,NA,NA,"LUW","exclude_PUNCT_SYM",TRUE
"test-s491","mtld",5,5,NA,"missing","no_factor",TRUE,NA,NA,"LUW","exclude_PUNCT_SYM",TRUE
"test-s492","ttr",11,11,1,"ok",NA,FALSE,NA,NA,"LUW","exclude_PUNCT_SYM",TRUE
"test-s492","mattr",11,11,NA,"missing","too_short_for_requested_parameter",TRUE,NA,NA,"LUW","exclude_PUNCT_SYM",TRUE
"test-s492","mtld",11,11,NA,"missing","no_factor",TRUE,NA,NA,"LUW","exclude_PUNCT_SYM",TRUE
"test-s493","ttr",43,33,0.767441860465116,"ok",NA,FALSE,NA,NA,"LUW","exclude_PUNCT_SYM",TRUE
"test-s493","mattr",43,33,NA,"missing","too_short_for_requested_parameter",TRUE,NA,NA,"LUW","exclude_PUNCT_SYM",TRUE
"test-s493","mtld",43,33,51.772,"ok",NA,TRUE,TRUE,0,"LUW","exclude_PUNCT_SYM",TRUE
"test-s494","ttr",18,15,0.833333333333333,"ok",NA,FALSE,NA,NA,"LUW","exclude_PUNCT_SYM",TRUE
"test-s494","mattr",18,15,NA,"missing","too_short_for_requested_parameter",TRUE,NA,NA,"LUW","exclude_PUNCT_SYM",TRUE
"test-s494","mtld",18,15,30.24,"ok",NA,TRUE,TRUE,0,"LUW","exclude_PUNCT_SYM",TRUE
"test-s495","ttr",11,10,0.909090909090909,"ok",NA,FALSE,NA,NA,"LUW","exclude_PUNCT_SYM",TRUE
"test-s495","mattr",11,10,NA,"missing","too_short_for_requested_parameter",TRUE,NA,NA,"LUW","exclude_PUNCT_SYM",TRUE
"test-s495","mtld",11,10,33.88,"ok",NA,TRUE,TRUE,0,"LUW","exclude_PUNCT_SYM",TRUE
"test-s496","ttr",15,15,1,"ok",NA,FALSE,NA,NA,"LUW","exclude_PUNCT_SYM",TRUE
"test-s496","mattr",15,15,NA,"missing","too_short_for_requested_parameter",TRUE,NA,NA,"LUW","exclude_PUNCT_SYM",TRUE
"test-s496","mtld",15,15,NA,"missing","no_factor",TRUE,NA,NA,"LUW","exclude_PUNCT_SYM",TRUE
"test-s497","ttr",23,20,0.869565217391304,"ok",NA,FALSE,NA,NA,"LUW","exclude_PUNCT_SYM",FALSE
"test-s497","mattr",23,20,NA,"missing","too_short_for_requested_parameter",TRUE,NA,NA,"LUW","exclude_PUNCT_SYM",FALSE
"test-s497","mtld",23,20,49.3733333333333,"ok",NA,TRUE,TRUE,0,"LUW","exclude_PUNCT_SYM",FALSE
"test-s498","ttr",6,6,1,"ok",NA,FALSE,NA,NA,"LUW","exclude_PUNCT_SYM",FALSE
"test-s498","mattr",6,6,NA,"missing","too_short_for_requested_parameter",TRUE,NA,NA,"LUW","exclude_PUNCT_SYM",FALSE
"test-s498","mtld",6,6,NA,"missing","no_factor",TRUE,NA,NA,"LUW","exclude_PUNCT_SYM",FALSE
"test-s499","ttr",8,8,1,"ok",NA,FALSE,NA,NA,"LUW","exclude_PUNCT_SYM",FALSE
"test-s499","mattr",8,8,NA,"missing","too_short_for_requested_parameter",TRUE,NA,NA,"LUW","exclude_PUNCT_SYM",FALSE
"test-s499","mtld",8,8,NA,"missing","no_factor",TRUE,NA,NA,"LUW","exclude_PUNCT_SYM",FALSE
"test-s500","ttr",11,9,0.818181818181818,"ok",NA,FALSE,NA,NA,"LUW","exclude_PUNCT_SYM",TRUE
"test-s500","mattr",11,9,NA,"missing","too_short_for_requested_parameter",TRUE,NA,NA,"LUW","exclude_PUNCT_SYM",TRUE
"test-s500","mtld",11,9,16.94,"ok",NA,TRUE,TRUE,0,"LUW","exclude_PUNCT_SYM",TRUE
"test-s501","ttr",10,9,0.9,"ok",NA,FALSE,NA,NA,"LUW","exclude_PUNCT_SYM",TRUE
"test-s501","mattr",10,9,NA,"missing","too_short_for_requested_parameter",TRUE,NA,NA,"LUW","exclude_PUNCT_SYM",TRUE
"test-s501","mtld",10,9,28,"ok",NA,TRUE,TRUE,0,"LUW","exclude_PUNCT_SYM",TRUE
"test-s502","ttr",15,14,0.933333333333333,"ok",NA,FALSE,NA,NA,"LUW","exclude_PUNCT_SYM",TRUE
"test-s502","mattr",15,14,NA,"missing","too_short_for_requested_parameter",TRUE,NA,NA,"LUW","exclude_PUNCT_SYM",TRUE
"test-s502","mtld",15,14,63,"ok",NA,TRUE,TRUE,0,"LUW","exclude_PUNCT_SYM",TRUE
"test-s503","ttr",13,10,0.769230769230769,"ok",NA,FALSE,NA,NA,"LUW","exclude_PUNCT_SYM",TRUE
"test-s503","mattr",13,10,NA,"missing","too_short_for_requested_parameter",TRUE,NA,NA,"LUW","exclude_PUNCT_SYM",TRUE
"test-s503","mtld",13,10,15.7733333333333,"ok",NA,TRUE,TRUE,0,"LUW","exclude_PUNCT_SYM",TRUE
"test-s504","ttr",22,21,0.954545454545455,"ok",NA,FALSE,NA,NA,"LUW","exclude_PUNCT_SYM",FALSE
"test-s504","mattr",22,21,NA,"missing","too_short_for_requested_parameter",TRUE,NA,NA,"LUW","exclude_PUNCT_SYM",FALSE
"test-s504","mtld",22,21,135.52,"ok",NA,TRUE,TRUE,0,"LUW","exclude_PUNCT_SYM",FALSE
"test-s505","ttr",14,12,0.857142857142857,"ok",NA,FALSE,NA,NA,"LUW","exclude_PUNCT_SYM",TRUE
"test-s505","mattr",14,12,NA,"missing","too_short_for_requested_parameter",TRUE,NA,NA,"LUW","exclude_PUNCT_SYM",TRUE
"test-s505","mtld",14,12,27.44,"ok",NA,TRUE,TRUE,0,"LUW","exclude_PUNCT_SYM",TRUE
"test-s506","ttr",3,3,1,"ok",NA,FALSE,NA,NA,"LUW","exclude_PUNCT_SYM",FALSE
"test-s506","mattr",3,3,NA,"missing","too_short_for_requested_parameter",TRUE,NA,NA,"LUW","exclude_PUNCT_SYM",FALSE
"test-s506","mtld",3,3,NA,"missing","no_factor",TRUE,NA,NA,"LUW","exclude_PUNCT_SYM",FALSE
"test-s507","ttr",25,20,0.8,"ok",NA,FALSE,NA,NA,"LUW","exclude_PUNCT_SYM",TRUE
"test-s507","mattr",25,20,NA,"missing","too_short_for_requested_parameter",TRUE,NA,NA,"LUW","exclude_PUNCT_SYM",TRUE
"test-s507","mtld",25,20,35,"ok",NA,TRUE,TRUE,0,"LUW","exclude_PUNCT_SYM",TRUE
"test-s508","ttr",37,30,0.810810810810811,"ok",NA,FALSE,NA,NA,"LUW","exclude_PUNCT_SYM",FALSE
"test-s508","mattr",37,30,NA,"missing","too_short_for_requested_parameter",TRUE,NA,NA,"LUW","exclude_PUNCT_SYM",FALSE
"test-s508","mtld",37,30,54.76,"ok",NA,TRUE,TRUE,0,"LUW","exclude_PUNCT_SYM",FALSE
"test-s509","ttr",34,28,0.823529411764706,"ok",NA,FALSE,NA,NA,"LUW","exclude_PUNCT_SYM",TRUE
"test-s509","mattr",34,28,NA,"missing","too_short_for_requested_parameter",TRUE,NA,NA,"LUW","exclude_PUNCT_SYM",TRUE
"test-s509","mtld",34,28,53.9466666666667,"ok",NA,TRUE,TRUE,0,"LUW","exclude_PUNCT_SYM",TRUE
"test-s510","ttr",98,65,0.663265306122449,"ok",NA,FALSE,NA,NA,"LUW","exclude_PUNCT_SYM",TRUE
"test-s510","mattr",98,65,0.760816326530612,"ok",NA,FALSE,NA,NA,"LUW","exclude_PUNCT_SYM",TRUE
"test-s510","mtld",98,65,46.0941211073936,"ok",NA,FALSE,FALSE,45.0402563902134,"LUW","exclude_PUNCT_SYM",TRUE
"test-s511","ttr",11,10,0.909090909090909,"ok",NA,FALSE,NA,NA,"LUW","exclude_PUNCT_SYM",TRUE
"test-s511","mattr",11,10,NA,"missing","too_short_for_requested_parameter",TRUE,NA,NA,"LUW","exclude_PUNCT_SYM",TRUE
"test-s511","mtld",11,10,33.88,"ok",NA,TRUE,TRUE,0,"LUW","exclude_PUNCT_SYM",TRUE
"test-s512","ttr",5,5,1,"ok",NA,FALSE,NA,NA,"LUW","exclude_PUNCT_SYM",TRUE
"test-s512","mattr",5,5,NA,"missing","too_short_for_requested_parameter",TRUE,NA,NA,"LUW","exclude_PUNCT_SYM",TRUE
"test-s512","mtld",5,5,NA,"missing","no_factor",TRUE,NA,NA,"LUW","exclude_PUNCT_SYM",TRUE
"test-s513","ttr",25,25,1,"ok",NA,FALSE,NA,NA,"LUW","exclude_PUNCT_SYM",TRUE
"test-s513","mattr",25,25,NA,"missing","too_short_for_requested_parameter",TRUE,NA,NA,"LUW","exclude_PUNCT_SYM",TRUE
"test-s513","mtld",25,25,NA,"missing","no_factor",TRUE,NA,NA,"LUW","exclude_PUNCT_SYM",TRUE
"test-s514","ttr",15,14,0.933333333333333,"ok",NA,FALSE,NA,NA,"LUW","exclude_PUNCT_SYM",TRUE
"test-s514","mattr",15,14,NA,"missing","too_short_for_requested_parameter",TRUE,NA,NA,"LUW","exclude_PUNCT_SYM",TRUE
"test-s514","mtld",15,14,63,"ok",NA,TRUE,TRUE,0,"LUW","exclude_PUNCT_SYM",TRUE
"test-s515","ttr",18,17,0.944444444444444,"ok",NA,FALSE,NA,NA,"LUW","exclude_PUNCT_SYM",TRUE
"test-s515","mattr",18,17,NA,"missing","too_short_for_requested_parameter",TRUE,NA,NA,"LUW","exclude_PUNCT_SYM",TRUE
"test-s515","mtld",18,17,90.72,"ok",NA,TRUE,TRUE,0,"LUW","exclude_PUNCT_SYM",TRUE
"test-s516","ttr",4,4,1,"ok",NA,FALSE,NA,NA,"LUW","exclude_PUNCT_SYM",TRUE
"test-s516","mattr",4,4,NA,"missing","too_short_for_requested_parameter",TRUE,NA,NA,"LUW","exclude_PUNCT_SYM",TRUE
"test-s516","mtld",4,4,NA,"missing","no_factor",TRUE,NA,NA,"LUW","exclude_PUNCT_SYM",TRUE
"test-s517","ttr",9,9,1,"ok",NA,FALSE,NA,NA,"LUW","exclude_PUNCT_SYM",TRUE
"test-s517","mattr",9,9,NA,"missing","too_short_for_requested_parameter",TRUE,NA,NA,"LUW","exclude_PUNCT_SYM",TRUE
"test-s517","mtld",9,9,NA,"missing","no_factor",TRUE,NA,NA,"LUW","exclude_PUNCT_SYM",TRUE
"test-s518","ttr",23,22,0.956521739130435,"ok",NA,FALSE,NA,NA,"LUW","exclude_PUNCT_SYM",TRUE
"test-s518","mattr",23,22,NA,"missing","too_short_for_requested_parameter",TRUE,NA,NA,"LUW","exclude_PUNCT_SYM",TRUE
"test-s518","mtld",23,22,148.12,"ok",NA,TRUE,TRUE,0,"LUW","exclude_PUNCT_SYM",TRUE
"test-s519","ttr",3,3,1,"ok",NA,FALSE,NA,NA,"LUW","exclude_PUNCT_SYM",TRUE
"test-s519","mattr",3,3,NA,"missing","too_short_for_requested_parameter",TRUE,NA,NA,"LUW","exclude_PUNCT_SYM",TRUE
"test-s519","mtld",3,3,NA,"missing","no_factor",TRUE,NA,NA,"LUW","exclude_PUNCT_SYM",TRUE
"test-s520","ttr",17,17,1,"ok",NA,FALSE,NA,NA,"LUW","exclude_PUNCT_SYM",TRUE
"test-s520","mattr",17,17,NA,"missing","too_short_for_requested_parameter",TRUE,NA,NA,"LUW","exclude_PUNCT_SYM",TRUE
"test-s520","mtld",17,17,NA,"missing","no_factor",TRUE,NA,NA,"LUW","exclude_PUNCT_SYM",TRUE
"test-s521","ttr",18,16,0.888888888888889,"ok",NA,FALSE,NA,NA,"LUW","exclude_PUNCT_SYM",TRUE
"test-s521","mattr",18,16,NA,"missing","too_short_for_requested_parameter",TRUE,NA,NA,"LUW","exclude_PUNCT_SYM",TRUE
"test-s521","mtld",18,16,45.36,"ok",NA,TRUE,TRUE,0,"LUW","exclude_PUNCT_SYM",TRUE
"test-s522","ttr",12,12,1,"ok",NA,FALSE,NA,NA,"LUW","exclude_PUNCT_SYM",TRUE
"test-s522","mattr",12,12,NA,"missing","too_short_for_requested_parameter",TRUE,NA,NA,"LUW","exclude_PUNCT_SYM",TRUE
"test-s522","mtld",12,12,NA,"missing","no_factor",TRUE,NA,NA,"LUW","exclude_PUNCT_SYM",TRUE
"test-s523","ttr",27,22,0.814814814814815,"ok",NA,FALSE,NA,NA,"LUW","exclude_PUNCT_SYM",FALSE
"test-s523","mattr",27,22,NA,"missing","too_short_for_requested_parameter",TRUE,NA,NA,"LUW","exclude_PUNCT_SYM",FALSE
"test-s523","mtld",27,22,40.824,"ok",NA,TRUE,TRUE,0,"LUW","exclude_PUNCT_SYM",FALSE
"test-s524","ttr",12,11,0.916666666666667,"ok",NA,FALSE,NA,NA,"LUW","exclude_PUNCT_SYM",TRUE
"test-s524","mattr",12,11,NA,"missing","too_short_for_requested_parameter",TRUE,NA,NA,"LUW","exclude_PUNCT_SYM",TRUE
"test-s524","mtld",12,11,40.32,"ok",NA,TRUE,TRUE,0,"LUW","exclude_PUNCT_SYM",TRUE
"test-s525","ttr",29,25,0.862068965517241,"ok",NA,FALSE,NA,NA,"LUW","exclude_PUNCT_SYM",TRUE
"test-s525","mattr",29,25,NA,"missing","too_short_for_requested_parameter",TRUE,NA,NA,"LUW","exclude_PUNCT_SYM",TRUE
"test-s525","mtld",29,25,58.87,"ok",NA,TRUE,TRUE,0,"LUW","exclude_PUNCT_SYM",TRUE
"test-s526","ttr",22,17,0.772727272727273,"ok",NA,FALSE,NA,NA,"LUW","exclude_PUNCT_SYM",FALSE
"test-s526","mattr",22,17,NA,"missing","too_short_for_requested_parameter",TRUE,NA,NA,"LUW","exclude_PUNCT_SYM",FALSE
"test-s526","mtld",22,17,27.104,"ok",NA,TRUE,TRUE,0,"LUW","exclude_PUNCT_SYM",FALSE
"test-s527","ttr",37,28,0.756756756756757,"ok",NA,FALSE,NA,NA,"LUW","exclude_PUNCT_SYM",TRUE
"test-s527","mattr",37,28,NA,"missing","too_short_for_requested_parameter",TRUE,NA,NA,"LUW","exclude_PUNCT_SYM",TRUE
"test-s527","mtld",37,28,42.5911111111111,"ok",NA,TRUE,TRUE,0,"LUW","exclude_PUNCT_SYM",TRUE
"test-s528","ttr",33,23,0.696969696969697,"ok",NA,FALSE,NA,NA,"LUW","exclude_PUNCT_SYM",FALSE
"test-s528","mattr",33,23,NA,"missing","too_short_for_requested_parameter",TRUE,NA,NA,"LUW","exclude_PUNCT_SYM",FALSE
"test-s528","mtld",33,23,30.3892405063291,"ok",NA,TRUE,FALSE,17.1821305841925,"LUW","exclude_PUNCT_SYM",FALSE
"test-s529","ttr",6,6,1,"ok",NA,FALSE,NA,NA,"LUW","exclude_PUNCT_SYM",TRUE
"test-s529","mattr",6,6,NA,"missing","too_short_for_requested_parameter",TRUE,NA,NA,"LUW","exclude_PUNCT_SYM",TRUE
"test-s529","mtld",6,6,NA,"missing","no_factor",TRUE,NA,NA,"LUW","exclude_PUNCT_SYM",TRUE
"test-s530","ttr",10,10,1,"ok",NA,FALSE,NA,NA,"LUW","exclude_PUNCT_SYM",TRUE
"test-s530","mattr",10,10,NA,"missing","too_short_for_requested_parameter",TRUE,NA,NA,"LUW","exclude_PUNCT_SYM",TRUE
"test-s530","mtld",10,10,NA,"missing","no_factor",TRUE,NA,NA,"LUW","exclude_PUNCT_SYM",TRUE
"test-s531","ttr",3,3,1,"ok",NA,FALSE,NA,NA,"LUW","exclude_PUNCT_SYM",TRUE
"test-s531","mattr",3,3,NA,"missing","too_short_for_requested_parameter",TRUE,NA,NA,"LUW","exclude_PUNCT_SYM",TRUE
"test-s531","mtld",3,3,NA,"missing","no_factor",TRUE,NA,NA,"LUW","exclude_PUNCT_SYM",TRUE
"test-s532","ttr",23,21,0.91304347826087,"ok",NA,FALSE,NA,NA,"LUW","exclude_PUNCT_SYM",TRUE
"test-s532","mattr",23,21,NA,"missing","too_short_for_requested_parameter",TRUE,NA,NA,"LUW","exclude_PUNCT_SYM",TRUE
"test-s532","mtld",23,21,74.06,"ok",NA,TRUE,TRUE,0,"LUW","exclude_PUNCT_SYM",TRUE
"test-s533","ttr",8,7,0.875,"ok",NA,FALSE,NA,NA,"LUW","exclude_PUNCT_SYM",TRUE
"test-s533","mattr",8,7,NA,"missing","too_short_for_requested_parameter",TRUE,NA,NA,"LUW","exclude_PUNCT_SYM",TRUE
"test-s533","mtld",8,7,17.92,"ok",NA,TRUE,TRUE,0,"LUW","exclude_PUNCT_SYM",TRUE
"test-s534","ttr",27,25,0.925925925925926,"ok",NA,FALSE,NA,NA,"LUW","exclude_PUNCT_SYM",FALSE
"test-s534","mattr",27,25,NA,"missing","too_short_for_requested_parameter",TRUE,NA,NA,"LUW","exclude_PUNCT_SYM",FALSE
"test-s534","mtld",27,25,102.06,"ok",NA,TRUE,TRUE,0,"LUW","exclude_PUNCT_SYM",FALSE
"test-s535","ttr",14,14,1,"ok",NA,FALSE,NA,NA,"LUW","exclude_PUNCT_SYM",TRUE
"test-s535","mattr",14,14,NA,"missing","too_short_for_requested_parameter",TRUE,NA,NA,"LUW","exclude_PUNCT_SYM",TRUE
"test-s535","mtld",14,14,NA,"missing","no_factor",TRUE,NA,NA,"LUW","exclude_PUNCT_SYM",TRUE
"test-s536","ttr",24,22,0.916666666666667,"ok",NA,FALSE,NA,NA,"LUW","exclude_PUNCT_SYM",TRUE
"test-s536","mattr",24,22,NA,"missing","too_short_for_requested_parameter",TRUE,NA,NA,"LUW","exclude_PUNCT_SYM",TRUE
"test-s536","mtld",24,22,80.64,"ok",NA,TRUE,TRUE,0,"LUW","exclude_PUNCT_SYM",TRUE
"test-s537","ttr",22,22,1,"ok",NA,FALSE,NA,NA,"LUW","exclude_PUNCT_SYM",TRUE
"test-s537","mattr",22,22,NA,"missing","too_short_for_requested_parameter",TRUE,NA,NA,"LUW","exclude_PUNCT_SYM",TRUE
"test-s537","mtld",22,22,NA,"missing","no_factor",TRUE,NA,NA,"LUW","exclude_PUNCT_SYM",TRUE
"test-s538","ttr",22,20,0.909090909090909,"ok",NA,FALSE,NA,NA,"LUW","exclude_PUNCT_SYM",TRUE
"test-s538","mattr",22,20,NA,"missing","too_short_for_requested_parameter",TRUE,NA,NA,"LUW","exclude_PUNCT_SYM",TRUE
"test-s538","mtld",22,20,67.76,"ok",NA,TRUE,TRUE,0,"LUW","exclude_PUNCT_SYM",TRUE
"test-s539","ttr",26,24,0.923076923076923,"ok",NA,FALSE,NA,NA,"LUW","exclude_PUNCT_SYM",FALSE
"test-s539","mattr",26,24,NA,"missing","too_short_for_requested_parameter",TRUE,NA,NA,"LUW","exclude_PUNCT_SYM",FALSE
"test-s539","mtld",26,24,94.6400000000001,"ok",NA,TRUE,TRUE,0,"LUW","exclude_PUNCT_SYM",FALSE
"test-s540","ttr",13,13,1,"ok",NA,FALSE,NA,NA,"LUW","exclude_PUNCT_SYM",FALSE
"test-s540","mattr",13,13,NA,"missing","too_short_for_requested_parameter",TRUE,NA,NA,"LUW","exclude_PUNCT_SYM",FALSE
"test-s540","mtld",13,13,NA,"missing","no_factor",TRUE,NA,NA,"LUW","exclude_PUNCT_SYM",FALSE
"test-s541","ttr",30,25,0.833333333333333,"ok",NA,FALSE,NA,NA,"LUW","exclude_PUNCT_SYM",TRUE
"test-s541","mattr",30,25,NA,"missing","too_short_for_requested_parameter",TRUE,NA,NA,"LUW","exclude_PUNCT_SYM",TRUE
"test-s541","mtld",30,25,50.4,"ok",NA,TRUE,TRUE,0,"LUW","exclude_PUNCT_SYM",TRUE
"test-s542","ttr",14,13,0.928571428571429,"ok",NA,FALSE,NA,NA,"LUW","exclude_PUNCT_SYM",TRUE
"test-s542","mattr",14,13,NA,"missing","too_short_for_requested_parameter",TRUE,NA,NA,"LUW","exclude_PUNCT_SYM",TRUE
"test-s542","mtld",14,13,54.88,"ok",NA,TRUE,TRUE,0,"LUW","exclude_PUNCT_SYM",TRUE
"test-s543","ttr",11,10,0.909090909090909,"ok",NA,FALSE,NA,NA,"LUW","exclude_PUNCT_SYM",TRUE
"test-s543","mattr",11,10,NA,"missing","too_short_for_requested_parameter",TRUE,NA,NA,"LUW","exclude_PUNCT_SYM",TRUE
"test-s543","mtld",11,10,33.88,"ok",NA,TRUE,TRUE,0,"LUW","exclude_PUNCT_SYM",TRUE
"test-s544","ttr",5,5,1,"ok",NA,FALSE,NA,NA,"LUW","exclude_PUNCT_SYM",TRUE
"test-s544","mattr",5,5,NA,"missing","too_short_for_requested_parameter",TRUE,NA,NA,"LUW","exclude_PUNCT_SYM",TRUE
"test-s544","mtld",5,5,NA,"missing","no_factor",TRUE,NA,NA,"LUW","exclude_PUNCT_SYM",TRUE
"test-s545","ttr",30,25,0.833333333333333,"ok",NA,FALSE,NA,NA,"LUW","exclude_PUNCT_SYM",TRUE
"test-s545","mattr",30,25,NA,"missing","too_short_for_requested_parameter",TRUE,NA,NA,"LUW","exclude_PUNCT_SYM",TRUE
"test-s545","mtld",30,25,50.4,"ok",NA,TRUE,TRUE,0,"LUW","exclude_PUNCT_SYM",TRUE
"test-s546","ttr",30,25,0.833333333333333,"ok",NA,FALSE,NA,NA,"LUW","exclude_PUNCT_SYM",TRUE
"test-s546","mattr",30,25,NA,"missing","too_short_for_requested_parameter",TRUE,NA,NA,"LUW","exclude_PUNCT_SYM",TRUE
"test-s546","mtld",30,25,50.4,"ok",NA,TRUE,TRUE,0,"LUW","exclude_PUNCT_SYM",TRUE
"test-s547","ttr",3,3,1,"ok",NA,FALSE,NA,NA,"LUW","exclude_PUNCT_SYM",TRUE
"test-s547","mattr",3,3,NA,"missing","too_short_for_requested_parameter",TRUE,NA,NA,"LUW","exclude_PUNCT_SYM",TRUE
"test-s547","mtld",3,3,NA,"missing","no_factor",TRUE,NA,NA,"LUW","exclude_PUNCT_SYM",TRUE
"test-s548","ttr",1,1,1,"ok",NA,FALSE,NA,NA,"LUW","exclude_PUNCT_SYM",TRUE
"test-s548","mattr",1,1,NA,"missing","too_short_for_requested_parameter",TRUE,NA,NA,"LUW","exclude_PUNCT_SYM",TRUE
"test-s548","mtld",1,1,NA,"missing","no_factor",TRUE,NA,NA,"LUW","exclude_PUNCT_SYM",TRUE
"test-s549","ttr",7,7,1,"ok",NA,FALSE,NA,NA,"LUW","exclude_PUNCT_SYM",TRUE
"test-s549","mattr",7,7,NA,"missing","too_short_for_requested_parameter",TRUE,NA,NA,"LUW","exclude_PUNCT_SYM",TRUE
"test-s549","mtld",7,7,NA,"missing","no_factor",TRUE,NA,NA,"LUW","exclude_PUNCT_SYM",TRUE
"test-s550","ttr",18,17,0.944444444444444,"ok",NA,FALSE,NA,NA,"LUW","exclude_PUNCT_SYM",FALSE
"test-s550","mattr",18,17,NA,"missing","too_short_for_requested_parameter",TRUE,NA,NA,"LUW","exclude_PUNCT_SYM",FALSE
"test-s550","mtld",18,17,90.72,"ok",NA,TRUE,TRUE,0,"LUW","exclude_PUNCT_SYM",FALSE
"test-s551","ttr",14,12,0.857142857142857,"ok",NA,FALSE,NA,NA,"LUW","exclude_PUNCT_SYM",TRUE
"test-s551","mattr",14,12,NA,"missing","too_short_for_requested_parameter",TRUE,NA,NA,"LUW","exclude_PUNCT_SYM",TRUE
"test-s551","mtld",14,12,27.44,"ok",NA,TRUE,TRUE,0,"LUW","exclude_PUNCT_SYM",TRUE
"test-s552","ttr",24,22,0.916666666666667,"ok",NA,FALSE,NA,NA,"LUW","exclude_PUNCT_SYM",TRUE
"test-s552","mattr",24,22,NA,"missing","too_short_for_requested_parameter",TRUE,NA,NA,"LUW","exclude_PUNCT_SYM",TRUE
"test-s552","mtld",24,22,80.64,"ok",NA,TRUE,TRUE,0,"LUW","exclude_PUNCT_SYM",TRUE
"test-s553","ttr",7,7,1,"ok",NA,FALSE,NA,NA,"LUW","exclude_PUNCT_SYM",TRUE
"test-s553","mattr",7,7,NA,"missing","too_short_for_requested_parameter",TRUE,NA,NA,"LUW","exclude_PUNCT_SYM",TRUE
"test-s553","mtld",7,7,NA,"missing","no_factor",TRUE,NA,NA,"LUW","exclude_PUNCT_SYM",TRUE
"test-s554","ttr",23,20,0.869565217391304,"ok",NA,FALSE,NA,NA,"LUW","exclude_PUNCT_SYM",TRUE
"test-s554","mattr",23,20,NA,"missing","too_short_for_requested_parameter",TRUE,NA,NA,"LUW","exclude_PUNCT_SYM",TRUE
"test-s554","mtld",23,20,49.3733333333333,"ok",NA,TRUE,TRUE,0,"LUW","exclude_PUNCT_SYM",TRUE
"test-s555","ttr",24,22,0.916666666666667,"ok",NA,FALSE,NA,NA,"LUW","exclude_PUNCT_SYM",TRUE
"test-s555","mattr",24,22,NA,"missing","too_short_for_requested_parameter",TRUE,NA,NA,"LUW","exclude_PUNCT_SYM",TRUE
"test-s555","mtld",24,22,80.64,"ok",NA,TRUE,TRUE,0,"LUW","exclude_PUNCT_SYM",TRUE
"test-s556","ttr",33,25,0.757575757575758,"ok",NA,FALSE,NA,NA,"LUW","exclude_PUNCT_SYM",TRUE
"test-s556","mattr",33,25,NA,"missing","too_short_for_requested_parameter",TRUE,NA,NA,"LUW","exclude_PUNCT_SYM",TRUE
"test-s556","mtld",33,25,38.115,"ok",NA,TRUE,TRUE,0,"LUW","exclude_PUNCT_SYM",TRUE
"test-s557","ttr",17,15,0.88235294117647,"ok",NA,FALSE,NA,NA,"LUW","exclude_PUNCT_SYM",TRUE
"test-s557","mattr",17,15,NA,"missing","too_short_for_requested_parameter",TRUE,NA,NA,"LUW","exclude_PUNCT_SYM",TRUE
"test-s557","mtld",17,15,40.46,"ok",NA,TRUE,TRUE,0,"LUW","exclude_PUNCT_SYM",TRUE
